-- phpMyAdmin SQL Dump
-- version 4.7.0
-- https://www.phpmyadmin.net/
--
-- Host: 127.0.0.1
-- Generation Time: Jul 10, 2019 at 03:18 PM
-- Server version: 10.1.22-MariaDB
-- PHP Version: 7.1.4

SET SQL_MODE = "NO_AUTO_VALUE_ON_ZERO";
SET AUTOCOMMIT = 0;
START TRANSACTION;
SET time_zone = "+00:00";


/*!40101 SET @OLD_CHARACTER_SET_CLIENT=@@CHARACTER_SET_CLIENT */;
/*!40101 SET @OLD_CHARACTER_SET_RESULTS=@@CHARACTER_SET_RESULTS */;
/*!40101 SET @OLD_COLLATION_CONNECTION=@@COLLATION_CONNECTION */;
/*!40101 SET NAMES utf8mb4 */;

--
-- Database: `simolek`
--

-- --------------------------------------------------------

--
-- Table structure for table `file_upload`
--

CREATE TABLE `file_upload` (
  `id_file` bigint(20) UNSIGNED NOT NULL,
  `nama_file` varchar(250) DEFAULT NULL,
  `id_pelaporan` bigint(20) UNSIGNED DEFAULT NULL,
  `tgl_upload` datetime NOT NULL DEFAULT CURRENT_TIMESTAMP,
  `id_jab` mediumint(9) UNSIGNED DEFAULT NULL
) ENGINE=InnoDB DEFAULT CHARSET=latin1;

--
-- Dumping data for table `file_upload`
--

INSERT INTO `file_upload` (`id_file`, `nama_file`, `id_pelaporan`, `tgl_upload`, `id_jab`) VALUES
(1, 'REKAP_RFK_-_Mei_2019.xls', 2253, '2019-06-20 10:09:53', 29),
(2, 'REKAP_RFK_KEC_BJM_UTARA_PER_30_JUNI_2019_Kecamatan.xls', 2253, '2019-07-05 08:47:34', 29),
(3, 'REKAP_RFK_KEC_BJM_UTARA_PER_30_JUNI_2019_Kecamatan_Dana_Kelurahan.xls', 2253, '2019-07-05 09:11:25', 29);

-- --------------------------------------------------------

--
-- Table structure for table `groups`
--

CREATE TABLE `groups` (
  `id` mediumint(8) UNSIGNED NOT NULL,
  `name` varchar(20) NOT NULL,
  `description` varchar(100) NOT NULL
) ENGINE=InnoDB DEFAULT CHARSET=utf8;

--
-- Dumping data for table `groups`
--

INSERT INTO `groups` (`id`, `name`, `description`) VALUES
(1, 'admin', 'Administrator'),
(2, 'user_biasa', 'General User'),
(3, 'pengelola', 'Pengelola di SKPD'),
(4, 'pptk', 'Pengendali Pekerjaan di Pengendalian'),
(5, 'guest', 'untuk tamu fitur pengendalian');

-- --------------------------------------------------------

--
-- Table structure for table `jabatan`
--

CREATE TABLE `jabatan` (
  `id_jab` mediumint(9) UNSIGNED NOT NULL,
  `id_level` tinyint(5) NOT NULL,
  `nama_jab` varchar(50) NOT NULL,
  `id_skpd` mediumint(8) UNSIGNED NOT NULL,
  `nip` varchar(18) NOT NULL
) ENGINE=InnoDB DEFAULT CHARSET=latin1;

--
-- Dumping data for table `jabatan`
--

INSERT INTO `jabatan` (`id_jab`, `id_level`, `nama_jab`, `id_skpd`, `nip`) VALUES
(1, 2, 'pelapor_disdik', 1, '01'),
(2, 2, 'pelapor_diskes', 2, '02'),
(3, 2, 'pelapor_dpupr', 3, '03'),
(4, 2, 'pelapor_dpkp', 4, '04'),
(5, 2, 'pelapor_satpolppdamkar', 5, '05'),
(6, 2, 'pelapor_bakesbangpol', 6, '06'),
(7, 2, 'pelapor_dinsos', 7, '07'),
(8, 2, 'pelapor_dpppa', 8, '08'),
(9, 2, 'pelapor_dkp3', 9, '09'),
(10, 2, 'pelapor_dlh', 10, '10'),
(11, 2, 'pelapor_disdukcapil', 11, '11'),
(12, 2, 'pelapor_dppkbpm', 12, '12'),
(13, 2, 'pelapor_dishub', 13, '13'),
(14, 2, 'pelapor_diskominfo', 14, '14'),
(15, 2, 'pelapor_diskopumker', 15, '15'),
(16, 2, 'pelapor_dpmptsp', 16, '16'),
(17, 2, 'pelapor_dispora', 17, '17'),
(18, 2, 'pelapor_disbudpar', 18, '18'),
(19, 2, 'pelapor_dpa', 19, '19'),
(20, 2, 'pelapor_dpp', 20, '20'),
(21, 2, 'pelapor_bagpem', 21, '21'),
(22, 2, 'pelapor_bagkum', 22, '22'),
(23, 2, 'pelapor_bagorg', 23, '23'),
(24, 2, 'pelapor_bageko', 24, '24'),
(25, 2, 'pelapor_bagkesramas', 25, '25'),
(26, 2, 'pelapor_baghumpro', 26, '26'),
(27, 2, 'pelapor_bagumm', 27, '27'),
(28, 2, 'pelapor_baglp', 28, '28'),
(29, 2, 'pelapor_bagpbg', 29, '29'),
(30, 2, 'pelapor_setwan', 30, '30'),
(31, 2, 'pelapor_bakeuda', 31, '31'),
(32, 2, 'pelapor_inspektorat', 32, '32'),
(33, 2, 'pelapor_bkddiklat', 33, '33'),
(34, 2, 'pelapor_bpbd', 34, '34'),
(35, 2, 'pelapor_kectimur', 35, '35'),
(36, 2, 'pelapor_kecutara', 36, '36'),
(37, 2, 'pelapor_kectengah', 37, '37'),
(38, 2, 'pelapor_kecbarat', 38, '38'),
(39, 2, 'pelapor_kecselatan', 39, '39'),
(40, 2, 'pelapor_barenlitbangda', 40, '40'),
(41, 1, 'Staf (Munawarah)', 29, '198008032005012017'),
(43, 2, 'pptk_disdik1', 1, '111111111111111111'),
(44, 10, 'Walikota', 41, '1'),
(46, 9, 'Wakil Walikota', 41, '111111111111111111'),
(47, 2, 'pptk_bagpbg1', 29, '198910302015021002'),
(48, 2, 'pptk_disdik2', 1, '867676');

-- --------------------------------------------------------

--
-- Table structure for table `klasifikasi`
--

CREATE TABLE `klasifikasi` (
  `id_klasifikasi` tinyint(3) UNSIGNED NOT NULL,
  `nama_klasifikasi` varchar(100) NOT NULL
) ENGINE=MyISAM DEFAULT CHARSET=latin1;

--
-- Dumping data for table `klasifikasi`
--

INSERT INTO `klasifikasi` (`id_klasifikasi`, `nama_klasifikasi`) VALUES
(1, 'Bagian'),
(2, 'Dinas'),
(3, 'Badan'),
(4, 'Kecamatan'),
(5, 'Satuan/Setwan/Itko'),
(6, 'Non SKPD');

-- --------------------------------------------------------

--
-- Table structure for table `laporan`
--

CREATE TABLE `laporan` (
  `id_lap` int(10) UNSIGNED NOT NULL,
  `nama_lap` varchar(200) NOT NULL,
  `batas_waktu` datetime NOT NULL,
  `status` varchar(20) NOT NULL,
  `id_skpd` mediumint(8) UNSIGNED NOT NULL,
  `id_jab` mediumint(9) UNSIGNED NOT NULL
) ENGINE=MyISAM DEFAULT CHARSET=latin1;

--
-- Dumping data for table `laporan`
--

INSERT INTO `laporan` (`id_lap`, `nama_lap`, `batas_waktu`, `status`, `id_skpd`, `id_jab`) VALUES
(14, 'Laporan RFK Rekap SKPD Per 31 Agustus 2017', '2017-09-14 16:30:00', 'closed', 29, 29),
(15, 'Laporan RFK Per Kegiatan Per 31 Agustus 2017', '2017-09-14 16:30:00', 'closed', 29, 29),
(16, 'Laporan Data Keselarasan RPJMD & Renstra SKPD 2016 - 2021', '2017-09-14 16:30:00', 'closed', 29, 29),
(17, 'Laporan Rencana Pelaksanaan Kegiatan dan Penyerapan Anggaran APBD-P Tahun 2017', '2017-12-07 23:59:59', 'closed', 29, 29),
(18, 'Laporan RFK Per Kegiatan s.d 30 September 2017', '2017-10-10 23:59:59', 'closed', 29, 29),
(19, 'Laporan RFK Rekap SKPD s.d 30 September 2017', '2017-10-10 23:59:59', 'closed', 29, 29),
(20, 'Laporan Kemajuan Pelaksanaan Kegiatan DAK Triwulan III TA 2017', '2017-11-14 08:30:00', 'closed', 29, 29),
(21, 'Laporan Capaian Kinerja TW III TA 2017', '2017-11-01 16:30:00', 'closed', 29, 29),
(22, 'Laporan RFK Rekap SKPD per 20 Oktober 2017', '2017-10-25 16:30:00', 'closed', 29, 29),
(23, 'Laporan RFK Per Kegiatan s.d 20 Oktober 2017', '2017-10-25 16:30:00', 'closed', 29, 29),
(24, 'Bahan SAKIP Setdako 2017', '2017-11-04 23:45:45', 'closed', 29, 29),
(25, 'Perbaikan Laporan RFK 20 Oktober 2017', '2017-10-29 14:00:00', 'closed', 29, 29),
(26, 'Laporan RFK Rekap SKPD per 31 Oktober 2017', '2017-11-09 23:59:59', 'closed', 29, 29),
(27, 'Laporan RFK Per Kegiatan s.d 31 Oktober 2017', '2017-11-09 23:59:59', 'closed', 29, 29),
(28, 'Data Perkiraan Sisa Anggaran Tahun Anggaran  2017', '2017-11-10 11:00:00', 'closed', 29, 29),
(29, 'Laporan RFK Rekap SKPD per 30 November 2017', '2017-12-13 14:00:00', 'closed', 29, 29),
(30, 'Laporan RFK Per Kegiatan s.d 30 November 2017', '2017-12-13 14:00:00', 'closed', 29, 29),
(31, 'Laporan Keselarasan', '2017-12-27 12:00:00', 'closed', 29, 29),
(32, 'Laporan RFK Rekap SKPD per 20 Desember 2017', '2017-12-25 23:59:59', 'closed', 29, 29),
(33, 'Laporan RFK Per Kegiatan s.d 20 Desember 2017', '2017-12-25 23:59:59', 'closed', 29, 29),
(34, 'Laporan RFK Rekap SKPD per 31 Desember 2017', '2018-01-30 23:59:59', 'closed', 29, 29),
(35, 'Laporan RFK Per Kegiatan s.d 31 Desember 2017', '2018-01-30 23:59:59', 'closed', 29, 29),
(36, 'Notulen Rapat Pembahasan Rencana Pelaksanaan Kegiatan dan Penyerapan Anggaran Tahun 2018', '2018-01-08 23:59:59', 'closed', 29, 29),
(37, 'Laporan Kemajuan Pelaksanaan Kegiatan DAK Triwulan IV TA 2017', '2018-01-11 23:59:59', 'closed', 29, 29),
(38, 'Laporan capaiak kinerja TW IV 2017', '2018-02-07 23:59:59', 'closed', 29, 29),
(39, 'Laporan RFK Rekap SKPD per 31 Januari 2018', '2018-04-20 23:59:59', 'closed', 29, 29),
(40, 'Laporan RFK Per Kegiatan SKPD per 31 Januari 2018', '2018-04-20 23:59:59', 'closed', 29, 29),
(41, 'Laporan RFK Per Kegiatan s.d 28 Februari 2018', '2018-04-20 23:59:59', 'closed', 29, 29),
(42, 'Laporan RFK Rekap SKPD per 28 Februari 2018', '2018-04-20 23:59:59', 'closed', 29, 29),
(43, 'Laporan RFK Rekap SKPD per 15 Maret 2018', '2018-03-26 23:59:59', 'closed', 29, 29),
(44, 'Laporan RFK Per Kegiatan s.d 15 Maret 2018', '2018-03-26 23:59:59', 'closed', 29, 29),
(45, 'Laporan RFK Per Kegiatan s.d 31 Maret 2018', '2018-04-20 23:59:59', 'closed', 29, 29),
(46, 'Laporan RFK Rekap SKPD per 31 Maret 2018', '2018-04-20 23:59:59', 'closed', 29, 29),
(47, 'Laporan RFK Per Kegiatan s.d 30 April 2018', '2018-05-15 23:59:59', 'closed', 29, 29),
(48, 'Laporan RFK Rekap SKPD s.d 30 april 2018', '2018-05-15 23:59:59', 'closed', 29, 29),
(49, 'Laporan RFK SKPD Perkegiatan s.d 31 Mei 2018', '2018-06-29 23:59:59', 'closed', 29, 29),
(50, 'Laporan RFK Rekap SKPD s.d 31 Mei 2018', '2018-06-29 23:59:59', 'closed', 29, 29),
(51, 'Laporan RFK Rekap SKPD per 30 Juni 2018', '2018-07-13 09:00:00', 'closed', 29, 29),
(52, 'Laporan RFK Per Kegiatan s.d 30 Juni 2018', '2018-07-13 09:00:00', 'closed', 29, 29),
(53, 'Laporan DAK Triwulan II Tahun 2018', '2018-07-10 23:59:59', 'closed', 29, 29),
(54, 'Laporan RFK Per Kegiatan s.d 31 Juli 2018', '2018-08-14 23:59:59', 'closed', 29, 29),
(55, 'Laporan RFK Rekap SKPD per 31 Juli 2018', '2018-08-14 23:59:59', 'closed', 29, 29),
(56, 'Laporan RFK Per Kegiatan s.d 31 Agusutus 2018', '2018-09-18 23:59:59', 'closed', 29, 29),
(57, 'Laporan RFK Rekap SKPD per 31 Agustus 2018', '2018-09-10 23:59:59', 'closed', 29, 29),
(58, 'Laporan DAK Triwulan III Tahun 2018', '2018-10-08 23:59:59', 'closed', 29, 29),
(59, 'Laporan RFK Per Kegiatan s.d 30 September 2018', '2018-10-15 23:59:59', 'closed', 29, 29),
(60, 'Laporan RFK Rekap SKPD per 30 September 2018', '2018-10-15 23:59:59', 'closed', 29, 29),
(61, 'Laporan RFK Per Kegiatan s.d 31 Oktober 2018', '2018-11-12 23:59:59', 'closed', 29, 29),
(62, 'Laporan RFK Rekap SKPD per 31 Oktober 2018', '2018-11-19 23:59:59', 'closed', 29, 29),
(63, 'Laporan RFK Per Kegiatan s.d 30 Nopember 2018', '2018-12-10 23:59:59', 'closed', 29, 29),
(64, 'Laporan RFK Rekap SKPD per 30 Nopember 2018', '2018-12-12 23:59:59', 'closed', 29, 29),
(65, 'Laporan DAK Triwulan IV Tahun 2018', '2019-01-05 23:59:59', 'closed', 29, 29),
(66, 'Laporan RFK Per Kegiatan s.d 31 Desember 2018', '2019-01-14 23:59:59', 'closed', 29, 29),
(67, 'Laporan RFK Rekap SKPD per 31 Desember 2018', '2019-01-14 23:59:59', 'closed', 29, 29),
(68, 'Laporan Perencanaan Setda 2019 (Renja 2020, RKA 2020, PK 2019)', '2019-03-31 23:59:59', 'closed', 29, 29),
(69, 'Laporan Evaluasi Setda 2019 (Evaluasi Renja, LKJ 2018, Evaluasi Kinerja, Evaluasi Pelaksanaan Renja)', '2019-03-31 23:59:59', 'closed', 29, 29),
(70, 'Laporan RFK Per Kegiatan s.d 31 Januari 2019', '2019-03-13 23:59:59', 'closed', 29, 29),
(71, 'Laporan RFK Rekap SKPD per 31 Januari 2019', '2019-03-14 23:59:59', 'closed', 29, 29),
(74, 'Laporan RFK Rekap SKPD per 28 Februari 2019', '2019-03-14 23:59:59', 'closed', 29, 29),
(73, 'Laporan RFK Per Kegiatan s.d 28 Februari 2019', '2019-03-13 23:59:59', 'closed', 29, 29),
(75, 'Laporan RFK Per Kegiatan s.d 31 Maret 2019', '2019-04-08 23:59:59', 'closed', 29, 29),
(76, 'Laporan RFK Rekap SKPD per 31 Maret 2019', '2019-04-08 23:59:59', 'closed', 29, 29),
(77, 'Laporan DAK Triwulan I Tahun 2019', '2019-04-10 23:59:59', 'closed', 29, 29),
(78, 'Laporan RFK Per Kegiatan s.d 30 April 2019', '2019-05-07 23:59:59', 'closed', 29, 29),
(79, 'Laporan RFK Rekap SKPD per 30 April 2019', '2019-07-05 23:59:59', 'closed', 29, 29);

-- --------------------------------------------------------

--
-- Table structure for table `level_jabatan`
--

CREATE TABLE `level_jabatan` (
  `id_level` tinyint(5) NOT NULL,
  `level` tinyint(2) NOT NULL,
  `nama_level` varchar(25) NOT NULL
) ENGINE=MyISAM DEFAULT CHARSET=latin1;

--
-- Dumping data for table `level_jabatan`
--

INSERT INTO `level_jabatan` (`id_level`, `level`, `nama_level`) VALUES
(1, 1, 'Staf/ Pelaksana'),
(2, 2, 'Kasubbag/ Kasi/ Kasubbid'),
(3, 3, 'Kabid'),
(4, 4, 'Sekretaris'),
(5, 5, 'Kepala SKPD'),
(6, 4, 'Kabag'),
(7, 6, 'Asisten Sekda'),
(8, 6, 'Staf Ahli'),
(9, 7, 'Wakil Walikota'),
(10, 7, 'Walikota');

-- --------------------------------------------------------

--
-- Table structure for table `login_attempts`
--

CREATE TABLE `login_attempts` (
  `id` int(11) UNSIGNED NOT NULL,
  `ip_address` varchar(15) NOT NULL,
  `login` varchar(100) NOT NULL,
  `time` int(11) UNSIGNED DEFAULT NULL
) ENGINE=MyISAM DEFAULT CHARSET=utf8;

-- --------------------------------------------------------

--
-- Table structure for table `pegawai`
--

CREATE TABLE `pegawai` (
  `nip` varchar(18) NOT NULL,
  `nama_lengkap` varchar(50) NOT NULL,
  `id_skpd` mediumint(8) UNSIGNED NOT NULL
) ENGINE=MyISAM DEFAULT CHARSET=latin1;

--
-- Dumping data for table `pegawai`
--

INSERT INTO `pegawai` (`nip`, `nama_lengkap`, `id_skpd`) VALUES
('01', 'pegawai_disdik', 1),
('02', 'pegawai_diskes', 2),
('03', 'pegawai_dpupr', 3),
('04', 'pegawai_dpkp', 4),
('05', 'pegawai_satpolppdamkar', 5),
('06', 'pegawai_bakesbangpol', 6),
('07', 'pegawai_dinsos', 7),
('08', 'pegawai_dpppa', 8),
('09', 'pegawai_dkp3', 9),
('10', 'pegawai_dlh', 10),
('11', 'pegawai_disdukcapil', 11),
('12', 'pegawai_dppkbpm', 12),
('13', 'pegawai_dishub', 13),
('14', 'pegawai_diskominfo', 14),
('15', 'pegawai_diskopumker', 15),
('16', 'pegawai_dpmptsp', 16),
('17', 'pegawai_dispora', 17),
('18', 'pegawai_disbudpar', 18),
('19', 'pegawai_dpa', 19),
('198008032005012017', 'Munawarah, S.Si', 29),
('20', 'pegawai_dpp', 20),
('21', 'pegawai_bagpem', 21),
('22', 'pegawai_bagkum', 22),
('23', 'pegawai_bagorg', 23),
('24', 'pegawai_bageko', 24),
('25', 'pegawai_bagkesramas', 25),
('26', 'pegawai_baghumpro', 26),
('27', 'pegawai_bagumm', 27),
('28', 'pegawai_baglp', 28),
('29', 'pegawai_bagpbg', 29),
('30', 'pegawai_setwan', 30),
('31', 'pegawai_bakeuda', 31),
('32', 'pegawai_inspektorat', 32),
('33', 'pegawai_bkddiklat', 33),
('34', 'pegawai_bpbd', 34),
('35', 'pegawai_kectimur', 35),
('36', 'pegawai_kecutara', 36),
('37', 'pegawai_kectengah', 37),
('38', 'pegawai_kecbarat', 38),
('39', 'pegawai_kecselatan', 39),
('40', 'pegawai_barenlitbangda', 40),
('111111111111111111', 'siudin', 1),
('1', 'Ibnu Sina', 41),
('198910302015021002', 'Dedy Setiawan, S.Kom', 0),
('867676', 'utuh disdik', 0);

-- --------------------------------------------------------

--
-- Table structure for table `pelaporan`
--

CREATE TABLE `pelaporan` (
  `id_pelaporan` bigint(20) UNSIGNED NOT NULL,
  `id_lap` int(10) UNSIGNED NOT NULL,
  `id_skpd` mediumint(8) UNSIGNED NOT NULL,
  `id_status` tinyint(2) NOT NULL,
  `id_jab` mediumint(9) UNSIGNED DEFAULT NULL,
  `tgl_upload` datetime DEFAULT NULL,
  `ket` text NOT NULL
) ENGINE=MyISAM DEFAULT CHARSET=latin1;

--
-- Dumping data for table `pelaporan`
--

INSERT INTO `pelaporan` (`id_pelaporan`, `id_lap`, `id_skpd`, `id_status`, `id_jab`, `tgl_upload`, `ket`) VALUES
(43, 14, 1, 4, 1, '2017-09-11 10:19:17', ''),
(44, 14, 2, 3, 2, '2017-09-14 08:49:54', 'Terdapat selisih antara laporan rencana keuangan dan anggaran kas'),
(45, 14, 3, 4, 3, '2017-09-07 16:18:58', ''),
(46, 14, 4, 4, 4, '2017-09-11 09:41:29', ''),
(47, 14, 7, 4, 7, '2017-09-11 11:44:50', ''),
(48, 14, 8, 4, 8, '2017-09-14 09:14:38', ''),
(49, 14, 9, 3, 9, '2017-09-08 10:49:11', 'Terdapat selisih antara laporan rencana keuangan dan anggaran kas'),
(50, 14, 10, 4, 10, '2017-09-06 10:25:44', ''),
(51, 14, 11, 4, 11, '2017-09-08 13:47:21', ''),
(52, 14, 12, 4, 12, '2017-09-05 16:13:09', ''),
(53, 14, 13, 4, 13, '2017-09-06 10:06:24', ''),
(54, 14, 14, 4, 14, '2017-09-06 09:20:20', ''),
(55, 14, 15, 4, 15, '2017-09-04 21:16:30', ''),
(56, 14, 16, 4, 16, '2017-09-06 15:13:53', ''),
(57, 14, 17, 4, 17, '2017-09-06 10:58:12', ''),
(58, 14, 18, 4, 18, '2017-09-08 10:47:46', ''),
(59, 14, 19, 4, 19, '2017-09-06 10:57:00', ''),
(60, 14, 20, 4, 20, '2017-09-11 15:07:51', ''),
(61, 14, 6, 4, 6, '2017-09-04 15:52:57', ''),
(62, 14, 31, 4, 31, '2017-09-11 11:08:57', ''),
(63, 14, 33, 4, 33, '2017-09-14 15:00:00', ''),
(64, 14, 34, 4, 34, '2017-09-07 12:58:16', ''),
(65, 14, 40, 4, 40, '2017-09-05 13:53:22', ''),
(66, 14, 35, 4, 35, '2017-09-14 08:44:29', ''),
(67, 14, 36, 4, 36, '2017-09-07 09:21:38', ''),
(68, 14, 37, 4, 37, '2017-09-11 10:02:17', ''),
(69, 14, 38, 4, 38, '2017-09-05 15:50:22', ''),
(70, 14, 39, 4, 39, '2017-09-11 10:13:10', ''),
(71, 14, 5, 4, 5, '2017-09-05 15:12:35', ''),
(72, 14, 30, 4, 30, '2017-09-11 12:57:59', ''),
(73, 14, 32, 4, 32, '2017-09-06 09:08:31', ''),
(74, 14, 21, 4, 21, '2017-09-05 14:11:55', ''),
(75, 14, 22, 4, 22, '2017-09-11 11:46:04', ''),
(76, 14, 23, 4, 23, '2017-09-14 08:47:01', ''),
(77, 14, 24, 4, 24, '2017-09-05 14:18:55', ''),
(78, 14, 25, 3, 25, '2017-09-06 15:16:56', 'Terdapat selisih antara laporan rencana keuangan dan anggaran kas'),
(79, 14, 26, 4, 26, '2017-09-11 11:13:30', ''),
(80, 14, 27, 3, 27, '2017-09-14 15:54:56', 'Terdapat selisih antara laporan realisasi keuangan dan LRA Bakueda'),
(81, 14, 28, 4, 28, '2017-09-11 12:12:25', ''),
(82, 14, 29, 4, 29, '2017-09-14 12:32:06', ''),
(83, 15, 1, 4, 1, '2017-09-11 10:18:34', ''),
(84, 15, 2, 3, 2, '2017-09-14 09:09:15', 'Terdapat selisih antara laporan rencana keuangan dan anggaran kas'),
(85, 15, 3, 4, 3, '2017-09-08 13:47:47', ''),
(86, 15, 4, 4, 4, '2017-09-06 11:47:05', ''),
(87, 15, 7, 4, 7, '2017-09-11 12:41:27', ''),
(88, 15, 8, 4, 8, '2017-09-14 09:18:03', ''),
(89, 15, 9, 3, 9, '2017-09-06 12:36:26', 'Terdapat selisih antara laporan rencana keuangan dan anggaran kas'),
(90, 15, 10, 4, 10, '2017-09-05 15:09:39', ''),
(91, 15, 11, 4, 11, '2017-09-08 13:32:38', ''),
(92, 15, 12, 4, 12, '2017-09-05 09:46:06', ''),
(93, 15, 13, 4, 13, '2017-09-06 11:04:40', ''),
(94, 15, 14, 4, 14, '2017-09-06 09:19:38', ''),
(95, 15, 15, 3, 15, '2017-09-04 20:25:32', 'Laporan yang diupload laporan rekap, seharusnya laporan yang perkegiatan'),
(96, 15, 16, 4, 16, '2017-09-06 15:35:11', ''),
(97, 15, 17, 4, 17, '2017-09-06 11:01:53', ''),
(98, 15, 18, 4, 18, '2017-09-06 16:42:39', ''),
(99, 15, 19, 4, 19, '2017-09-06 10:59:25', ''),
(100, 15, 20, 4, 20, '2017-09-11 15:08:35', ''),
(101, 15, 6, 4, 6, '2017-09-04 16:07:40', ''),
(102, 15, 31, 4, 31, '2017-09-08 11:39:23', ''),
(103, 15, 33, 4, 33, '2017-09-07 10:14:06', ''),
(104, 15, 34, 4, 34, '2017-09-07 12:55:38', ''),
(105, 15, 40, 4, 40, '2017-09-05 11:06:38', ''),
(106, 15, 35, 4, 35, '2017-09-14 08:43:07', ''),
(107, 15, 36, 4, 36, '2017-09-05 15:07:33', ''),
(108, 15, 37, 4, 37, '2017-09-11 10:22:24', ''),
(109, 15, 38, 4, 38, '2017-09-05 15:49:32', ''),
(110, 15, 39, 4, 39, '2017-09-11 10:24:28', ''),
(111, 15, 5, 4, 5, '2017-09-05 15:17:10', ''),
(112, 15, 30, 4, 30, '2017-09-11 11:36:08', ''),
(113, 15, 32, 4, 32, '2017-09-06 09:10:28', ''),
(114, 15, 21, 4, 21, '2017-09-04 16:12:12', ''),
(115, 15, 22, 4, 22, '2017-09-11 11:45:10', ''),
(116, 15, 23, 4, 23, '2017-09-14 08:46:21', ''),
(117, 15, 24, 4, 24, '2017-09-05 13:55:05', ''),
(118, 15, 25, 3, 25, '2017-09-06 15:12:50', 'Terdapat selisih antara laporan rencana keuangan dan anggaran kas'),
(119, 15, 26, 5, 26, '2017-11-09 17:17:02', ''),
(120, 15, 27, 3, 27, '2017-09-14 15:53:46', 'Terdapat selisih antara laporan realisasi keuangan dan LRA Bakeuda'),
(121, 15, 28, 4, 28, '2017-09-11 15:03:00', ''),
(122, 15, 29, 4, 29, '2017-09-14 12:31:14', ''),
(123, 16, 21, 4, 21, '2017-09-11 15:59:21', ''),
(124, 16, 22, 4, 22, '2017-09-11 15:50:55', ''),
(125, 16, 23, 3, 23, '2017-09-13 12:39:20', 'format tabel 1, pada tabel 2 kosongkan pilihan y/t.'),
(126, 16, 24, 3, 24, '2017-09-12 16:16:17', 'Mohon dikoreksi tabel 1 kolom 3 (Tujuan RPJMD)'),
(127, 16, 25, 2, 25, '2017-09-11 15:51:07', ''),
(128, 16, 26, 5, 26, '2017-09-14 12:39:16', ''),
(129, 16, 27, 4, 27, '2017-09-13 14:45:06', ''),
(130, 16, 28, 4, 28, '2017-09-13 14:20:56', ''),
(131, 16, 29, 4, 29, '2017-09-07 15:27:59', ''),
(132, 17, 1, 1, NULL, NULL, ''),
(133, 17, 2, 5, 2, '2017-12-07 11:04:46', 'Data jan-Agustus tidak diisi'),
(134, 17, 3, 5, 3, '2017-12-07 14:15:26', 'upload ulang'),
(135, 17, 4, 5, 4, '2017-12-07 14:16:43', 'upload ulang'),
(136, 17, 7, 5, 7, '2017-12-07 14:18:42', 'upload ulang'),
(137, 17, 8, 5, 8, '2017-12-07 14:19:18', 'upload ulang'),
(138, 17, 9, 5, 9, '2017-12-07 14:19:48', 'untuk rencana pelaksanaan kegiatan,, total s.d bulan september berbeda dengan laporan RFK  yang disampaikan per 30 September 2017'),
(139, 17, 10, 5, 10, '2017-12-07 14:20:47', 'upload ulang'),
(140, 17, 11, 5, 11, '2017-12-07 14:21:23', 'Total Rencana tidak sama dengan Total Pagu APBDP SKPD ; Data  BTL tidak ada'),
(141, 17, 12, 5, 12, '2017-12-07 14:21:58', 'upload ulang'),
(142, 17, 13, 5, 13, '2017-12-07 14:22:47', 'Data rencana penyerapan anggaran tidak ada, Rekap SKPD untuk rencana pelaksanaan kegiatan tidak ada, data BTL tidak ada'),
(143, 17, 14, 3, 14, '2017-10-04 08:49:24', 'upload ulang'),
(144, 17, 15, 5, 15, '2017-12-07 14:24:28', 'upload ulang'),
(145, 17, 16, 5, 16, '2017-12-07 14:26:12', 'upload ulang'),
(146, 17, 17, 5, 17, '2017-12-07 14:34:57', 'upload ulang'),
(147, 17, 18, 5, 18, '2017-12-07 14:35:46', 'upload ulang'),
(148, 17, 19, 5, 19, '2017-12-07 14:38:16', 'upload ulang'),
(149, 17, 20, 5, 20, '2017-12-07 14:39:03', 'Mohon gunakan format yang sudah diberikan'),
(150, 17, 21, 5, 21, '2017-12-07 14:39:37', 'upload ulang'),
(151, 17, 22, 5, 22, '2017-12-07 14:43:15', 'upload ulang'),
(152, 17, 23, 5, 23, '2017-12-07 14:43:48', 'upload ulang'),
(153, 17, 24, 5, 24, '2017-12-07 14:45:28', 'Total Rencana tidak sama dengan Total Pagu APBDP SKPD'),
(154, 17, 25, 1, NULL, NULL, ''),
(155, 17, 26, 5, 26, '2017-12-07 14:53:42', 'upload ulang'),
(156, 17, 27, 2, 27, '2017-12-07 14:54:39', ''),
(157, 17, 28, 3, 28, '2017-10-13 08:57:38', 'upload ulang'),
(158, 17, 29, 5, 29, '2017-12-07 14:55:16', 'upload ulang'),
(159, 17, 6, 5, 6, '2017-12-07 14:17:32', 'upload ulang'),
(160, 17, 31, 5, 31, '2017-12-07 15:05:05', 'upload ulang'),
(161, 17, 33, 5, 33, '2017-12-07 15:08:20', 'upload ulang'),
(162, 17, 34, 2, 34, '2017-12-07 15:08:50', ''),
(163, 17, 40, 3, 40, '2017-10-12 16:19:06', 'upload ulang'),
(164, 17, 35, 5, 35, '2017-12-07 19:57:01', 'upload ulang'),
(165, 17, 36, 3, 36, '2017-10-17 15:26:57', 'Total Rencana Penyerapan Anggaran untuk BL tidak sama dengan pagu APBDP SKPD'),
(166, 17, 37, 2, 37, '2017-12-07 12:00:36', ''),
(167, 17, 38, 3, 38, '2017-10-16 15:03:53', 'upload ulang'),
(168, 17, 39, 5, 39, '2017-12-07 15:11:51', 'upload ulang'),
(169, 17, 5, 5, 5, '2017-12-07 14:16:13', 'upload ulang'),
(170, 17, 30, 2, 30, '2017-11-14 13:45:43', ''),
(171, 17, 32, 5, 32, '2017-12-07 15:05:54', 'upload ulang'),
(172, 18, 21, 4, 21, '2017-10-04 17:12:08', ''),
(173, 18, 22, 4, 22, '2017-10-05 10:22:58', ''),
(174, 18, 23, 4, 23, '2017-10-06 11:05:23', ''),
(175, 18, 24, 4, 24, '2017-10-05 11:18:54', ''),
(176, 18, 25, 3, 25, '2017-10-06 09:58:58', 'Anggaran Kas > Rencana Keuangan SKPD, selisih Rp. 516,000.-'),
(177, 18, 26, 4, 26, '2017-10-10 17:45:13', ''),
(178, 18, 27, 4, 27, '2017-10-06 10:13:03', ''),
(179, 18, 28, 4, 28, '2017-10-04 15:05:16', ''),
(180, 18, 29, 4, 29, '2017-10-06 11:15:56', ''),
(181, 18, 1, 3, 1, '2017-10-10 15:46:25', 'LRA > Realiasi Keuangan SKPD, selisih Rp. 500.-'),
(182, 18, 2, 1, NULL, NULL, ''),
(183, 18, 3, 4, 3, '2017-10-06 11:16:58', ''),
(184, 18, 4, 4, 4, '2017-10-06 11:00:02', ''),
(185, 18, 7, 4, 7, '2017-10-06 11:26:50', ''),
(186, 18, 8, 4, 8, '2017-10-05 13:48:04', ''),
(187, 18, 9, 3, 9, '2017-10-06 10:48:35', 'Anggaran Kas > Rencana Keuangan SKPD, selisih Rp. 410,439,900.-'),
(188, 18, 10, 4, 10, '2017-10-05 12:01:35', ''),
(189, 18, 11, 4, 11, '2017-10-06 10:41:18', ''),
(190, 18, 12, 4, 12, '2017-10-05 14:29:45', ''),
(191, 18, 13, 3, 13, '2017-10-10 08:52:44', 'LRA > Realiasi Keuangan SKPD, selisih Rp. 49,540,300.-'),
(192, 18, 14, 4, 14, '2017-10-06 11:38:29', ''),
(193, 18, 15, 4, 15, '2017-10-05 20:14:17', ''),
(194, 18, 16, 4, 16, '2017-10-10 08:36:22', ''),
(195, 18, 17, 4, 17, '2017-10-05 14:56:25', ''),
(196, 18, 18, 4, 18, '2017-10-06 15:41:38', ''),
(197, 18, 19, 4, 19, '2017-10-05 09:33:24', ''),
(198, 18, 20, 3, 20, '2017-10-06 10:55:17', 'Form PBJ, ST dan Permasalahan untuk masing-masing kegiatan tidak ada'),
(199, 18, 6, 4, 6, '2017-10-04 11:33:49', ''),
(200, 18, 31, 4, 31, '2017-10-10 13:27:47', ''),
(201, 18, 33, 4, 33, '2017-10-05 09:23:29', ''),
(202, 18, 34, 4, 34, '2017-10-06 13:54:30', ''),
(203, 18, 40, 4, 40, '2017-10-05 20:45:26', ''),
(204, 18, 35, 4, 35, '2017-10-04 09:51:34', ''),
(205, 18, 36, 4, 36, '2017-10-06 09:35:07', ''),
(206, 18, 37, 4, 37, '2017-10-06 11:33:58', ''),
(207, 18, 38, 4, 38, '2017-10-03 15:06:22', ''),
(208, 18, 39, 4, 39, '2017-10-03 11:12:06', ''),
(209, 18, 5, 4, 5, '2017-10-06 11:58:41', ''),
(210, 18, 30, 3, 30, '2017-10-06 09:28:22', 'LRA > Realiasi Keuangan SKPD, selisih Rp. 108,440,523.-'),
(211, 18, 32, 4, 32, '2017-10-10 14:47:02', ''),
(212, 19, 21, 4, 21, '2017-10-04 17:11:31', ''),
(213, 19, 22, 4, 22, '2017-10-05 10:29:46', ''),
(214, 19, 23, 4, 23, '2017-10-06 11:04:28', ''),
(215, 19, 24, 4, 24, '2017-10-05 11:17:39', ''),
(216, 19, 25, 3, 25, '2017-10-06 09:53:58', 'Anggaran Kas > Rencana Keuangan SKPD, selisih Rp. 516,000.-'),
(217, 19, 26, 4, 26, '2017-10-10 17:46:09', ''),
(218, 19, 27, 4, 27, '2017-10-06 10:12:33', ''),
(219, 19, 28, 4, 28, '2017-10-04 15:14:17', ''),
(220, 19, 29, 4, 29, '2017-10-06 11:14:59', ''),
(221, 19, 1, 3, 1, '2017-10-10 15:47:49', 'LRA > Realiasi Keuangan SKPD, selisih Rp. 500.-'),
(222, 19, 2, 4, 2, '2017-10-10 21:49:25', ''),
(223, 19, 3, 4, 3, '2017-10-10 15:02:17', ''),
(224, 19, 4, 4, 4, '2017-10-06 10:35:42', ''),
(225, 19, 7, 4, 7, '2017-10-06 11:26:29', ''),
(226, 19, 8, 4, 8, '2017-10-05 13:46:17', ''),
(227, 19, 9, 3, 9, '2017-10-06 10:31:07', 'Anggaran Kas > Rencana Keuangan SKPD, selisih Rp. 410,439,900.- ; RFK untuk BTL Tidak ada'),
(228, 19, 10, 4, 10, '2017-10-05 11:34:06', ''),
(229, 19, 11, 3, 11, '2017-10-10 11:33:18', 'RFK untuk BTL Tidak ada'),
(230, 19, 12, 4, 12, '2017-10-05 14:29:18', ''),
(231, 19, 13, 3, 13, '2017-10-02 12:23:24', 'LRA > Realiasi Keuangan SKPD, selisih Rp. 49,540,300.-'),
(232, 19, 14, 4, 14, '2017-10-04 10:08:46', ''),
(233, 19, 15, 4, 15, '2017-10-05 20:18:14', ''),
(234, 19, 16, 4, 16, '2017-10-10 08:28:07', ''),
(235, 19, 17, 4, 17, '2017-10-05 15:01:13', ''),
(236, 19, 18, 4, 18, '2017-10-06 15:34:28', ''),
(237, 19, 19, 4, 19, '2017-10-05 10:31:40', ''),
(238, 19, 20, 3, 20, '2017-10-06 10:04:27', 'RFK untuk BTL tidak ada'),
(239, 19, 6, 4, 6, '2017-10-04 11:32:29', ''),
(240, 19, 31, 4, 31, '2017-10-10 13:22:39', ''),
(241, 19, 33, 4, 33, '2017-10-05 10:36:18', ''),
(242, 19, 34, 4, 34, '2017-10-10 14:53:03', ''),
(243, 19, 40, 4, 40, '2017-10-05 20:42:57', ''),
(244, 19, 35, 4, 35, '2017-10-04 09:52:47', ''),
(245, 19, 36, 4, 36, '2017-10-06 09:29:59', ''),
(246, 19, 37, 4, 37, '2017-10-06 11:33:04', ''),
(247, 19, 38, 4, 38, '2017-10-03 15:05:37', ''),
(248, 19, 39, 4, 39, '2017-10-03 11:11:40', ''),
(249, 19, 5, 4, 5, '2017-10-10 16:03:54', ''),
(250, 19, 30, 3, 30, '2017-10-06 09:16:26', 'LRA > Realiasi Keuangan SKPD, selisih Rp. 108,440,523.- ; Rumus Persen kumulatif untuk realisasi keuangan salah,,'),
(251, 19, 32, 4, 32, '2017-10-10 14:44:00', ''),
(252, 20, 1, 5, 1, '2017-10-10 15:56:53', 'Mohon cek lagi, berdasar data triwulan II, di laporan tw.III ada perubahan :\r\n1. Nilai swakelola untuk PAUD\r\n2. jumlah penerima manfaat untuk tunjangan profesi guru\r\n3. volume perencanaan kegiatan untuk tambahan penghasilan guru.\r\n\r\nMohon penjelasan apabila ada perbaikan data.'),
(253, 20, 2, 3, 2, '2017-10-10 22:03:04', 'II. Kekurangan data lagi pada laporan yang disampaikan :\r\nLaporan DAK Non Fisik (Akreditasi) tidak ada\r\n\r\nI. 1. Cek lagi volume pengadaan alat spectrofotometer (berbeda dengan laporan bulan sebelumnya)\r\n2. Laporan DAK Non Fisik (Akreditasi, Jampersal) tidak ada\r\n3. Laporan DAK Fisik (Peningkatan ketersediaan obat publik) tidak ada\r\n4. Mohon dikirimkan juga file excel nya. Sesuaikan formatnya.'),
(254, 20, 3, 2, 3, '2017-10-06 09:48:38', ''),
(255, 20, 12, 3, 12, '2017-10-10 12:34:15', 'Mohon dicek lagi, volume2 pada laporan tw.3 berbeda dengan laporan triwulan sebelumnya'),
(256, 20, 20, 1, NULL, NULL, ''),
(257, 20, 9, 4, 9, '2017-10-10 14:28:54', ''),
(258, 20, 11, 3, 11, '2017-10-05 10:43:14', 'Perbaiki data untuk realisasi fisik ( volume dan % )'),
(259, 21, 21, 4, 21, '2017-10-10 11:51:43', ''),
(260, 21, 22, 5, 22, '2017-10-31 13:54:29', 'PEHITUNGAN ?PAIAN ADA YG DPERTANYAKAN,MOHON YANG DITUGASKAN MENGERJAKAN KEBAGIAN PEMBANGUNAN UNTUK MENYAMAKAN PERSEFSI.TKB'),
(261, 21, 23, 4, 23, '2017-10-05 11:52:56', ''),
(262, 21, 24, 7, 24, '2017-10-06 09:37:09', ''),
(263, 21, 25, 5, 25, '2017-10-31 16:42:25', 'file yg dkirim renja kesra 2017,TOLONG KIRIM LAPORAN CAPAIAN KINERJA TW3'),
(264, 21, 26, 5, 26, '2017-10-31 16:19:23', 'DITUNGGU KEHADIRAN DIBAG.PEMBANGUNAN UTK MENYAMAKAN PERSEPSI'),
(265, 21, 27, 5, 27, '2017-11-01 10:05:55', 'TERDAPAT KESALAHAN RUMUS & SIMBOL PD ?PAIAN.RUMUS YG BENAR ADALAH REALISASI TW3 DIKALI 100% DIBAGI TARGET TRIWULAN 3 ,OHON YANG DITUGASKAN MENGERJAKAN KEBAGIAN PEMBANGUNAN UNTUK MENYAMAKAN PERSEFSI.TKB'),
(266, 21, 28, 4, 28, '2017-10-05 09:33:45', ''),
(267, 21, 29, 4, 29, '2017-10-10 09:42:22', ''),
(268, 21, 1, 4, 1, '2017-11-01 09:25:00', ''),
(269, 21, 2, 1, NULL, NULL, ''),
(270, 21, 3, 5, 3, '2017-11-01 10:14:22', 'TERDAPAT SEDIKIT KESALAHAN DALAM PERHITUNGAN CAPAIAN,PEMBAGINYA MASIH TARGET TRIWULAN 2,SEHARUSNYA TW 3.\r\nMeningkatnya kompetensi badan usaha jasa konstruksi\r\nProgram Inspeksi Kondisi Jalan Dan Jembatan\r\nKegiatan Penyusunan Dokumen Inspeksi Kodisi Jalan \r\nProgram Pembangunan Sistem Informasi/Database Ke Bina Margaan\r\nKegiatan Penyusunan Sistem Informasi/Database Ke Bina Margaan\r\nKegiatan Peningkatan Jalan Lingkungan Kecamatan Banjarmasin Timur\r\nKegiatan Peningkatan Jalan Lingkungan Kecamatan Banjarmasin Barat\r\nKegiatan Peningkatan Jalan Lingkungan Kecamatan Banjarmasin Utara\r\nKegiatan Peningkatan Jalan Lingkungan Kecamatan Banjarmasin Tengah\r\nKegiatan Peningkatan Jalan (DAK)\r\nProgram Penyusunan Program\r\nProgram Pembangunan Saluran Drainase/Gorong-Gorong \r\nProgram Perencanaan Tata Ruang\r\nProgram Peningkatan Sarana dan Prasarana Aparatur\r\nKegiatan Pembangunan Rumah Sakit Umum Daerah Banjarmasin\r\nProgram Pengaturan Jasa Konstruksi\r\nProgram Pengembangan Kinerja Pengelolaan Air  Minum dan Air Limbah\r\nKegiatan Penyediaan Prasarana dan Sarana Air Limbah\r\nKegiatan Proyek Sanitasi Masyarakat (SANIMAS)\r\nProgram Pengembangan Kinerja Pengelolaan Air  Minum dan Air Limbah\r\nKegiatan Penyediaan Prasarana dan Sarana Air Minum (DAK) \r\nUNTUK TARGET TRIWULAN NOL,NILAI REALISASI ADA ,?PAIAN DIISI DENGAN NILAI ( >100)'),
(271, 21, 4, 5, 4, '2017-11-01 09:22:45', 'MASIH TERDAPAT SEDIKIT KESALAHAN DALAM PERHITUNGAN CAPAIAN KINERJA SASARAN STRATEGIS NO.3 DAN KEGIATAN Pemeliharaan dan Operasional Sarana dan Prasarana Rusunawa'),
(272, 21, 7, 5, 7, '2017-10-31 13:50:38', 'MASIH TERDAPAT SEDIKIT KESALAHAN DALAM PERHITUNGAN CAPAIAN KINERJA PADA PROGRAM & KEGIATAN\r\nPemberdayaan dan Peningkatan \r\n KualitanAnggota Taruna Siaga\r\n Bencana (TAGANA)....NILAI CAPAIANNYA 100%\r\nANALISA CAPAIAN ISINYA masih TRIWULAN 2.tolong DIGANTI.TKB'),
(273, 21, 8, 4, 8, '2017-10-05 14:37:40', ''),
(274, 21, 9, 3, 9, '2017-10-10 14:28:10', 'TERDAPAT SEDIKIT KESALAHAN DALAM PERHITUNGAN CAPAIAN,PEMBAGINYA MASIH TARGET TRIWULAN 2,SEHARUSNYA TW 3.\r\nPersentase Peningkatan Produksi Padi\r\nJumlah Pakaian Sasirangan'),
(275, 21, 10, 5, 10, '2017-10-31 13:28:06', 'UPDATE REVISI'),
(276, 21, 11, 3, 11, '2017-10-10 11:29:35', 'PERHITUNGAN CAPAIAN SUDAH BENAR,ANALISA CAPAIAN TW3 TIDAK ADA, MOHON DILENGKAPI'),
(277, 21, 12, 4, 12, '2017-10-10 13:33:09', ''),
(278, 21, 13, 3, 13, '2017-10-10 15:59:50', 'PEHITUNGAN ?PAIAN ADA YG DPERTANYAKAN,MOHON YANG DITUGASKAN MENGERJAKAN KEBAGIAN PEMBANGUNAN UNTUK MENYAMAKAN PERSEFSI.TKB'),
(279, 21, 14, 4, 14, '2017-10-04 09:57:10', ''),
(280, 21, 15, 2, 15, '2017-11-01 13:34:50', ''),
(281, 21, 16, 4, 16, '2017-10-05 17:46:44', ''),
(282, 21, 17, 4, 17, '2017-10-10 09:01:37', ''),
(283, 21, 18, 5, 18, '2017-11-01 11:02:45', 'ANALISA CAPAIAN  TRIWULAN 3 SUDAH BENAR.TERDAPAT KESALAHAN DALAM PERHITUNGAN ?PAIAN SASARAN.PEMBAGINYA ADALAH TARGET TW3 BUKAN TARGET 1 TAHUN.UNTUK KEGIATAN Pengembangan SDM di Bidang Kebudayaan dan Pariwisata PEMBAGINYA ADALAH KOMULATIF TARGET 3 TRIWULAN (TW1+TW2+TW3)'),
(284, 21, 19, 4, 19, '2017-10-06 08:40:53', ''),
(285, 21, 20, 5, 20, '2017-11-01 15:04:13', 'TERDAPAT KESALAHAN RUMUS & SIMBOL PD ?PAIAN.RUMUS YG BENAR ADALAH REALISASI TW3 DIKALI 100% DIBAGI TARGET TRIWULAN 3 ,UNTUK ANALISA CAPAIAN ISINYA MASIH ANALISA CP TW 1'),
(286, 21, 6, 5, 6, '2017-10-31 14:28:39', 'TERDAPAT SEDIKIT KESALAHAN % NILAI CAPAIAN JIKA DATA REALISASI TRIWULAN 3 SUDAH BENAR. UNTUK SASARAN STRATEGIS Terwujudnya Stabilitas keamanan di daerah,PADA Program & Kegiatan:Monitoring, Evaluasi dan Pelaporan (Pemantauan Situasi dan Kondisi Daerah Serta Pengamanan Unjuk Rasa/Demo),Penyuluhan Pencegahan Peredaran/ Penggunaan Minuman Keras dan Narkoba(JLH RAPAT),Sosialisasi Pendidikan Politik Bagi Masyarakat dan Pengurus Partai Politik(JLH SOSIALISASI),Verfikasi Kelengkapan Administrasi Pengajuan   Permohonan Bantuan Keuangan pada Partai Politik(JLH MONITORING)'),
(287, 21, 31, 4, 31, '2017-10-10 16:42:43', ''),
(288, 21, 33, 4, 33, '2017-10-10 13:25:06', ''),
(289, 21, 34, 3, 34, '2017-10-10 15:09:35', 'ADA BEBERAPA INDIKATOR KINERJA NILAI ?PAIAN YG PERLU DIKOREKSI,MOHON YANG DITUGASKAN MENGERJAKAN KEBAGIAN PEMBANGUNAN UNTUK MENYAMAKAN PERSEFSI.TKB'),
(290, 21, 40, 4, 40, '2017-10-06 10:56:31', ''),
(291, 21, 35, 5, 35, '2017-11-01 09:44:49', 'TERDAPAT SEDIKIT KESALAHAN % NILAI CAPAIAN JIKA DATA REALISASI TRIWULAN 3 SUDAH BENAR.\r\nUNTUK SASARAN STRATEGIS  Persentase teguran Pelanggar Perda/Perwal yang ditindaklanjuti oleh pelanggar NILAI ?PAINYA ADL  13,33%\r\nPADA Program & Kegiatan:\r\nKegiatan Sosialisasi PATEN,Kegiatan Rehabilitasi Sedang/Berat Gedung Kantor,Program Pemeliharaan Kantramtibmas dan Pencegahan Tindak Kriminal,Kegiatan Penunjang Kegiatan FKDM Kecamatan,Kegiatan Musrenbang Tingkat Kelurahan dan Kecamatan,Kegiatan Partisipasi Masyarakat dan Lomba Bersih-Bersih Tk. Kecamatan,NILAI CAPAIANNYA DIISI 100%\r\nUNTUK ANALISA CAPAIAN APAKAH ISINYA SAMA DG TRIWULAN 2?'),
(292, 21, 36, 4, 36, '2017-10-06 09:41:19', ''),
(293, 21, 37, 4, 37, '2017-10-10 09:01:56', ''),
(294, 21, 38, 4, 38, '2017-10-04 14:12:09', ''),
(295, 21, 39, 4, 39, '2017-10-04 09:40:02', ''),
(296, 21, 5, 4, 5, '2017-10-10 09:25:38', ''),
(297, 21, 30, 4, 30, '2017-10-06 10:11:16', ''),
(298, 21, 32, 4, 32, '2017-10-04 18:40:14', ''),
(299, 22, 21, 4, 21, '2017-10-20 21:56:56', ''),
(300, 22, 22, 4, 22, '2017-10-24 16:21:13', ''),
(301, 22, 23, 4, 23, '2017-10-21 08:01:21', ''),
(302, 22, 24, 4, 24, '2017-10-25 14:14:48', ''),
(303, 22, 25, 1, NULL, NULL, ''),
(304, 22, 26, 4, 26, '2017-10-25 13:51:51', ''),
(305, 22, 27, 4, 27, '2017-10-24 10:11:11', ''),
(306, 22, 28, 4, 28, '2017-10-20 09:37:55', ''),
(307, 22, 29, 4, 29, '2017-10-24 15:00:48', ''),
(308, 22, 1, 4, 1, '2017-10-21 23:24:33', ''),
(309, 22, 2, 4, 2, '2017-10-20 21:57:21', ''),
(310, 22, 3, 4, 3, '2017-10-21 16:11:11', ''),
(311, 22, 4, 4, 4, '2017-10-21 15:05:36', ''),
(312, 22, 7, 4, 7, '2017-10-20 17:39:12', ''),
(313, 22, 8, 4, 8, '2017-10-20 14:31:02', ''),
(314, 22, 9, 1, NULL, NULL, ''),
(315, 22, 10, 4, 10, '2017-10-21 18:06:50', ''),
(316, 22, 11, 4, 11, '2017-10-25 13:53:02', ''),
(317, 22, 12, 4, 12, '2017-10-20 14:08:19', ''),
(318, 22, 13, 4, 13, '2017-10-20 13:21:32', ''),
(319, 22, 14, 4, 14, '2017-10-21 16:41:16', ''),
(320, 22, 15, 4, 15, '2017-10-21 10:37:49', ''),
(321, 22, 16, 4, 16, '2017-10-24 14:08:36', ''),
(322, 22, 17, 4, 17, '2017-10-23 14:55:27', ''),
(323, 22, 18, 4, 18, '2017-10-23 13:18:48', ''),
(324, 22, 19, 4, 19, '2017-10-21 11:25:59', ''),
(325, 22, 20, 4, 20, '2017-10-25 15:13:41', ''),
(326, 22, 6, 4, 6, '2017-10-20 10:17:46', ''),
(327, 22, 31, 4, 31, '2017-10-20 11:15:46', ''),
(328, 22, 33, 4, 33, '2017-10-21 20:29:12', ''),
(329, 22, 34, 4, 34, '2017-10-24 13:15:32', ''),
(330, 22, 40, 4, 40, '2017-10-21 22:45:26', ''),
(331, 22, 35, 4, 35, '2017-10-23 09:45:33', ''),
(332, 22, 36, 4, 36, '2017-10-23 16:01:34', ''),
(333, 22, 37, 4, 37, '2017-10-23 22:26:20', ''),
(334, 22, 38, 4, 38, '2017-10-20 09:30:01', ''),
(335, 22, 39, 4, 39, '2017-10-21 21:23:24', ''),
(336, 22, 5, 4, 5, '2017-10-24 15:54:53', ''),
(337, 22, 30, 4, 30, '2017-10-21 12:42:13', ''),
(338, 22, 32, 4, 32, '2017-10-21 13:44:09', ''),
(339, 23, 21, 3, 21, '2017-10-20 22:02:02', 'File tidak ada,, mohon upload ulang'),
(340, 23, 22, 1, NULL, NULL, ''),
(341, 23, 23, 4, 23, '2017-10-21 08:00:48', ''),
(342, 23, 24, 4, 24, '2017-10-25 14:13:36', ''),
(343, 23, 25, 1, NULL, NULL, ''),
(344, 23, 26, 4, 26, '2017-10-25 13:52:09', ''),
(345, 23, 27, 4, 27, '2017-10-24 10:11:41', ''),
(346, 23, 28, 4, 28, '2017-10-20 09:37:39', ''),
(347, 23, 29, 4, 29, '2017-10-24 15:01:07', ''),
(348, 23, 1, 4, 1, '2017-10-21 23:35:11', ''),
(349, 23, 2, 4, 2, '2017-10-20 22:01:50', ''),
(350, 23, 3, 4, 3, '2017-10-21 16:10:07', ''),
(351, 23, 4, 4, 4, '2017-10-24 15:52:48', ''),
(352, 23, 7, 4, 7, '2017-10-20 17:50:58', ''),
(353, 23, 8, 4, 8, '2017-10-20 14:32:06', ''),
(354, 23, 9, 1, NULL, NULL, ''),
(355, 23, 10, 4, 10, '2017-10-21 18:07:48', ''),
(356, 23, 11, 4, 11, '2017-10-25 13:53:37', ''),
(357, 23, 12, 4, 12, '2017-10-23 12:31:54', ''),
(358, 23, 13, 4, 13, '2017-10-20 13:16:08', ''),
(359, 23, 14, 4, 14, '2017-10-23 12:35:39', ''),
(360, 23, 15, 4, 15, '2017-10-21 10:41:20', ''),
(361, 23, 16, 4, 16, '2017-10-24 14:09:53', ''),
(362, 23, 17, 4, 17, '2017-10-23 15:24:17', ''),
(363, 23, 18, 4, 18, '2017-10-23 11:38:59', ''),
(364, 23, 19, 4, 19, '2017-10-21 11:29:15', ''),
(365, 23, 20, 5, 20, '2017-10-25 16:29:35', ''),
(366, 23, 6, 4, 6, '2017-10-20 10:17:03', ''),
(367, 23, 31, 4, 31, '2017-10-20 11:19:20', ''),
(368, 23, 33, 1, NULL, NULL, ''),
(369, 23, 34, 4, 34, '2017-10-24 13:14:23', ''),
(370, 23, 40, 4, 40, '2017-10-21 22:52:09', ''),
(371, 23, 35, 4, 35, '2017-10-23 09:44:00', ''),
(372, 23, 36, 4, 36, '2017-10-23 16:00:36', ''),
(373, 23, 37, 4, 37, '2017-10-23 22:25:48', ''),
(374, 23, 38, 4, 38, '2017-10-20 09:30:45', ''),
(375, 23, 39, 4, 39, '2017-10-21 21:23:50', ''),
(376, 23, 5, 4, 5, '2017-10-24 15:59:12', ''),
(377, 23, 30, 1, NULL, NULL, ''),
(378, 23, 32, 4, 32, '2017-10-21 13:43:28', ''),
(379, 24, 21, 1, NULL, NULL, ''),
(380, 24, 22, 2, 22, '2017-10-30 16:06:46', ''),
(381, 24, 23, 1, NULL, NULL, ''),
(382, 24, 24, 2, 24, '2017-10-25 15:08:32', ''),
(383, 24, 25, 1, NULL, NULL, ''),
(384, 24, 26, 2, 26, '2017-10-24 16:46:26', ''),
(385, 24, 27, 1, NULL, NULL, ''),
(386, 24, 28, 1, NULL, NULL, ''),
(387, 24, 29, 2, 29, '2017-10-23 15:28:03', ''),
(388, 25, 21, 1, NULL, NULL, ''),
(389, 25, 22, 1, NULL, NULL, ''),
(390, 25, 23, 4, 23, '2017-10-29 13:40:29', ''),
(391, 25, 24, 1, NULL, NULL, ''),
(392, 25, 25, 1, NULL, NULL, ''),
(393, 25, 26, 1, NULL, NULL, ''),
(394, 25, 27, 1, NULL, NULL, ''),
(395, 25, 28, 1, NULL, NULL, ''),
(396, 25, 29, 1, NULL, NULL, ''),
(397, 25, 1, 1, NULL, NULL, ''),
(398, 25, 2, 1, NULL, NULL, ''),
(399, 25, 3, 4, 3, '2017-10-29 13:33:15', ''),
(400, 25, 4, 4, 4, '2017-10-27 15:18:55', ''),
(401, 25, 7, 1, NULL, NULL, ''),
(402, 25, 8, 4, 8, '2017-10-29 12:29:09', ''),
(403, 25, 9, 1, NULL, NULL, ''),
(404, 25, 10, 1, NULL, NULL, ''),
(405, 25, 11, 1, NULL, NULL, ''),
(406, 25, 12, 1, NULL, NULL, ''),
(407, 25, 13, 1, NULL, NULL, ''),
(408, 25, 14, 1, NULL, NULL, ''),
(409, 25, 15, 1, NULL, NULL, ''),
(410, 25, 16, 1, NULL, NULL, ''),
(411, 25, 17, 1, NULL, NULL, ''),
(412, 25, 18, 1, NULL, NULL, ''),
(413, 25, 19, 3, 19, '2017-10-29 13:50:03', 'cek lagi rencana keuangan lebih besar dari rencana fisik'),
(414, 25, 20, 1, NULL, NULL, ''),
(415, 25, 6, 1, NULL, NULL, ''),
(416, 25, 31, 1, NULL, NULL, ''),
(417, 25, 33, 1, NULL, NULL, ''),
(418, 25, 34, 1, NULL, NULL, ''),
(419, 25, 40, 3, 40, '2017-10-29 05:43:51', 'Cek Nilai DPA'),
(420, 25, 35, 1, NULL, NULL, ''),
(421, 25, 36, 1, NULL, NULL, ''),
(422, 25, 37, 1, NULL, NULL, ''),
(423, 25, 38, 4, 38, '2017-10-27 14:14:20', ''),
(424, 25, 39, 1, NULL, NULL, ''),
(425, 25, 5, 3, 5, '2017-10-27 14:13:31', 'Karena ada perubahan rencana penyerapan anggaran dari data sebelumnya, mohon menyampaikan rencana keuangan dan rencana pelaksanaan kegiatan (fisik) yang sudah bertanda tangan kepala SKPD'),
(426, 25, 30, 1, NULL, NULL, ''),
(427, 25, 32, 1, NULL, NULL, ''),
(428, 26, 21, 4, 21, '2017-11-03 09:39:09', ''),
(429, 26, 22, 4, 22, '2017-11-09 13:07:19', ''),
(430, 26, 23, 4, 23, '2017-11-06 16:07:12', ''),
(431, 26, 24, 3, 24, '2017-11-03 10:31:45', 'Mohon upload Laporan Rencana Penyerapan Anggaran dan Rencana Pelaksanaan kegiatan disini dan sesuaikan dengan laporan RFK'),
(432, 26, 25, 1, NULL, NULL, ''),
(433, 26, 26, 3, 26, '2017-11-06 16:17:47', 'Rencana keuangan dan fisik di RFK tdk sesuai dengan rencana pelaksanaan kegiatan dan penyerapan anggarannya. Mohon upload Laporan Rencana Penyerapan Anggaran dan Rencana Pelaksanaan kegiatan disini dan sesuaikan dengan laporan RFK ;\r\nLRA &lt; Realiasi Keuangan SKPD, selisih Rp. 65,000,000-'),
(434, 26, 27, 4, 27, '2017-11-09 09:54:57', ''),
(435, 26, 28, 3, 28, '2017-11-08 15:23:41', 'Rencana keuangan dan fisik di RFK tdk sesuai dengan rencana pelaksanaan kegiatan dan penyerapan anggarannya. Mohon upload Laporan Rencana Penyerapan Anggaran dan Rencana Pelaksanaan kegiatan disini dan sesuaikan dengan laporan RFK;'),
(436, 26, 29, 4, 29, '2017-11-06 10:32:26', ''),
(437, 26, 1, 3, 1, '2017-11-09 23:14:38', 'Rencana Penyerapan Anggaran dan Rencana Pelaksanaan kegiatan tidak sesuai dengan laporan RFK'),
(438, 26, 2, 3, 2, '2017-11-09 17:12:28', 'Rencana fisik di RFK tdk sesuai dengan rencana pelaksanaan kegiatan. Mohon upload Laporan Rencana Penyerapan Anggaran dan Rencana Pelaksanaan kegiatan disini dan sesuaikan dengan laporan RFK ; LRA &lt; Realiasi Keuangan SKPD, selisih Rp. 293,380,000-'),
(439, 26, 3, 4, 3, '2017-11-09 16:45:26', ''),
(440, 26, 4, 4, 4, '2017-11-09 15:02:42', ''),
(441, 26, 7, 3, 7, '2017-11-06 14:35:25', 'Nilai DPPA tidak sesuai;   Rencana keuangan di RFK tdk sesuai dengan rencana penyerapan anggaran. Mohon upload Laporan Rencana Penyerapan Anggaran dan Rencana Pelaksanaan kegiatan disini dan sesuaikan dengan laporan RFK'),
(442, 26, 8, 4, 8, '2017-11-09 13:44:33', ''),
(443, 26, 9, 3, 9, '2017-11-06 16:24:48', 'Mohon upload Laporan Rencana Penyerapan Anggaran dan Rencana Pelaksanaan kegiatan disini dan sesuaikan dengan laporan RFK'),
(444, 26, 10, 4, 10, '2017-11-06 09:05:33', ''),
(445, 26, 11, 4, 11, '2017-11-03 11:57:07', ''),
(446, 26, 12, 4, 12, '2017-11-06 16:06:01', ''),
(447, 26, 13, 4, 13, '2017-11-09 16:35:11', ''),
(448, 26, 14, 4, 14, '2017-11-09 16:59:29', ''),
(449, 26, 15, 4, 15, '2017-11-09 10:40:40', ''),
(450, 26, 16, 4, 16, '2017-11-03 12:02:38', ''),
(451, 26, 17, 4, 17, '2017-11-09 14:55:12', ''),
(452, 26, 18, 4, 18, '2017-11-08 20:12:12', ''),
(453, 26, 19, 4, 19, '2017-11-03 09:49:14', ''),
(454, 26, 20, 4, 20, '2017-11-09 16:41:05', ''),
(455, 26, 35, 3, 35, '2017-11-06 10:01:45', 'Mohon upload Laporan Rencana Penyerapan Anggaran dan Rencana Pelaksanaan kegiatan disini dan sesuaikan dengan laporan RFK;\r\nLRA &lt; Realiasi Keuangan SKPD, selisih Rp. 7,061,900-'),
(456, 26, 36, 4, 36, '2017-11-09 14:31:41', ''),
(457, 26, 37, 4, 37, '2017-11-09 12:03:55', ''),
(458, 26, 38, 4, 38, '2017-11-06 15:17:58', ''),
(459, 26, 39, 4, 39, '2017-11-09 16:14:40', ''),
(460, 26, 6, 4, 6, '2017-11-06 10:33:10', ''),
(461, 26, 31, 4, 31, '2017-11-09 16:27:38', ''),
(462, 26, 33, 4, 33, '2017-11-08 18:46:55', ''),
(463, 26, 34, 3, 34, '2017-11-08 14:56:55', 'Mohon upload Laporan Rencana Penyerapan Anggaran dan Rencana Pelaksanaan kegiatan disini dan sesuaikan dengan laporan RFK'),
(464, 26, 40, 4, 40, '2017-11-09 21:52:05', ''),
(465, 26, 5, 4, 5, '2017-11-09 16:42:53', ''),
(466, 26, 30, 3, 30, '2017-11-09 15:52:35', 'Mohon upload Laporan Rencana Penyerapan Anggaran dan Rencana Pelaksanaan kegiatan (Bukan Rencana Aksi) disini dan sesuaikan dengan laporan RFK;'),
(467, 26, 32, 4, 32, '2017-11-06 09:56:01', ''),
(468, 27, 21, 4, 21, '2017-11-03 09:36:18', ''),
(469, 27, 22, 4, 22, '2017-11-02 11:34:02', ''),
(470, 27, 23, 2, 23, '2017-11-06 16:10:57', ''),
(471, 27, 24, 2, 24, '2017-11-03 10:28:33', ''),
(472, 27, 25, 1, NULL, NULL, ''),
(473, 27, 26, 2, 26, '2017-11-06 16:22:24', ''),
(474, 27, 27, 2, 27, '2017-11-09 09:55:32', ''),
(475, 27, 28, 2, 28, '2017-11-06 11:34:36', ''),
(476, 27, 29, 2, 29, '2017-11-03 11:45:38', ''),
(477, 27, 1, 2, 1, '2017-11-09 23:21:08', ''),
(478, 27, 2, 1, NULL, NULL, ''),
(479, 27, 3, 2, 3, '2017-11-09 15:39:08', ''),
(480, 27, 4, 2, 4, '2017-11-06 14:25:05', ''),
(481, 27, 7, 2, 7, '2017-11-06 11:46:23', ''),
(482, 27, 8, 2, 8, '2017-11-09 13:43:19', ''),
(483, 27, 9, 2, 9, '2017-11-09 12:07:52', ''),
(484, 27, 10, 2, 10, '2017-11-06 13:01:12', ''),
(485, 27, 11, 2, 11, '2017-11-03 11:51:13', ''),
(486, 27, 12, 2, 12, '2017-11-03 11:26:37', ''),
(487, 27, 13, 2, 13, '2017-11-09 16:36:36', ''),
(488, 27, 14, 2, 14, '2017-11-09 16:19:45', ''),
(489, 27, 15, 2, 15, '2017-11-06 12:27:16', ''),
(490, 27, 16, 2, 16, '2017-11-03 12:07:52', ''),
(491, 27, 17, 2, 17, '2017-11-09 14:54:27', ''),
(492, 27, 18, 2, 18, '2017-11-08 20:13:20', ''),
(493, 27, 19, 2, 19, '2017-11-02 11:50:17', ''),
(494, 27, 20, 2, 20, '2017-11-09 16:42:16', ''),
(495, 27, 6, 2, 6, '2017-11-06 08:52:59', ''),
(496, 27, 31, 2, 31, '2017-11-08 16:29:23', ''),
(497, 27, 33, 1, NULL, NULL, ''),
(498, 27, 34, 2, 34, '2017-11-06 11:58:07', ''),
(499, 27, 40, 2, 40, '2017-11-06 15:17:54', ''),
(500, 27, 35, 2, 35, '2017-11-06 10:02:30', ''),
(501, 27, 36, 2, 36, '2017-11-06 15:55:15', ''),
(502, 27, 37, 2, 37, '2017-11-09 12:04:55', ''),
(503, 27, 38, 2, 38, '2017-11-06 15:22:19', ''),
(504, 27, 39, 4, 39, '2017-11-02 21:50:11', ''),
(505, 27, 5, 2, 5, '2017-11-06 13:10:59', ''),
(506, 27, 30, 2, 30, '2017-11-06 09:51:42', ''),
(507, 27, 32, 2, 32, '2017-11-03 09:29:43', ''),
(508, 28, 21, 4, 21, '2017-11-08 16:04:38', ''),
(509, 28, 22, 4, 22, '2017-11-09 16:59:36', ''),
(510, 28, 23, 3, 23, '2017-11-09 16:12:45', 'Format sesuaikan dengan lampiran surat'),
(511, 28, 24, 4, 24, '2017-11-09 10:19:57', ''),
(512, 28, 25, 1, NULL, NULL, ''),
(513, 28, 26, 4, 26, '2017-11-09 17:14:50', ''),
(514, 28, 27, 4, 27, '2017-11-09 22:27:27', ''),
(515, 28, 28, 4, 28, '2017-11-09 10:44:16', ''),
(516, 28, 29, 4, 29, '2017-11-09 10:57:50', ''),
(517, 28, 1, 3, 1, '2017-11-10 10:31:15', 'Cek lagi total anggaran Dinas Pendidikan pada APBD-P TA.2017'),
(518, 28, 2, 4, 2, '2017-11-10 10:31:01', ''),
(519, 28, 3, 4, 3, '2017-11-09 20:04:53', ''),
(520, 28, 4, 5, 4, '2017-11-10 11:08:32', 'Cek lagi total anggaran Dinas Perumahan dan Kawasan Permukiman pada APBD-P TA.2017'),
(521, 28, 7, 4, 7, '2017-11-09 09:33:28', ''),
(522, 28, 8, 4, 8, '2017-11-09 12:42:35', ''),
(523, 28, 9, 4, 9, '2017-11-09 16:45:52', ''),
(524, 28, 10, 4, 10, '2017-11-09 15:28:38', ''),
(525, 28, 11, 4, 11, '2017-11-08 11:11:06', ''),
(526, 28, 12, 4, 12, '2017-11-09 13:19:31', ''),
(527, 28, 13, 4, 13, '2017-11-08 16:43:37', ''),
(528, 28, 14, 4, 14, '2017-11-09 17:15:53', ''),
(529, 28, 15, 4, 15, '2017-11-09 10:14:43', ''),
(530, 28, 16, 4, 16, '2017-11-09 16:38:48', ''),
(531, 28, 17, 4, 17, '2017-11-09 13:46:11', ''),
(532, 28, 18, 4, 18, '2017-11-08 20:36:54', ''),
(533, 28, 19, 4, 19, '2017-11-09 12:31:59', ''),
(534, 28, 20, 4, 20, '2017-11-09 15:53:47', ''),
(535, 28, 6, 4, 6, '2017-11-09 16:44:31', ''),
(536, 28, 31, 4, 31, '2017-11-10 10:28:57', ''),
(537, 28, 33, 4, 33, '2017-11-08 18:39:14', ''),
(538, 28, 34, 4, 34, '2017-11-08 16:57:37', ''),
(539, 28, 40, 4, 40, '2017-11-09 13:19:06', ''),
(540, 28, 35, 4, 35, '2017-11-09 18:37:29', ''),
(541, 28, 36, 4, 36, '2017-11-09 16:09:35', ''),
(542, 28, 37, 4, 37, '2017-11-09 17:16:15', ''),
(543, 28, 38, 4, 38, '2017-11-09 11:26:48', ''),
(544, 28, 39, 4, 39, '2017-11-09 14:31:24', ''),
(545, 28, 5, 4, 5, '2017-11-09 12:48:13', ''),
(546, 28, 30, 3, 30, '2017-11-09 15:53:00', 'format sesuaikan dengan lampiran surat. yang diminta data per kegiatan'),
(547, 28, 32, 4, 32, '2017-11-10 10:49:56', ''),
(548, 30, 21, 4, 21, '2017-12-05 11:59:28', ''),
(549, 30, 22, 4, 22, '2017-12-07 16:58:12', ''),
(550, 30, 23, 3, 23, '2017-12-05 16:44:03', 'Mohon sesuaikan Rencana Keuangan dan Fisik dengan Rencana Penyerapan Anggaran dan Rencana Pelaksanaan Kegiatan yang dikirim bulan lalu. trims'),
(551, 30, 24, 3, 24, '2017-12-04 14:45:05', 'Mohon sesuaikan Rencana Keuangan dan Fisik dengan Rencana Penyerapan Anggaran dan Rencana Pelaksanaan Kegiatan yang dikirim bulan lalu. trims'),
(552, 30, 25, 3, 25, '2017-12-07 15:48:53', 'Mohon Perbaikan Rencana Penyerapan Anggaran dan Pelaksanaan kegiatan segera disampaikan'),
(553, 30, 26, 3, 26, '2017-12-08 11:23:34', 'Mohon sesuaikan Rencana Keuangan dan Fisik dengan Rencana Penyerapan Anggaran dan Rencana Pelaksanaan Kegiatan yang telah disampaikan sebelumnya, trims ; Mohon upload laporan rekap di tempat yang telah disediakan'),
(554, 30, 27, 4, 27, '2017-12-05 23:55:20', ''),
(555, 30, 28, 1, NULL, NULL, ''),
(556, 30, 29, 4, 29, '2017-12-04 12:07:31', ''),
(557, 30, 1, 1, NULL, NULL, ''),
(558, 30, 2, 1, NULL, NULL, ''),
(559, 30, 3, 3, 3, '2017-12-09 16:47:20', 'Mohon sesuaikan Rencana Keuangan dan Fisik dengan Rencana Penyerapan Anggaran dan Rencana Pelaksanaan Kegiatan yang dikirim bulan lalu. trims'),
(560, 30, 4, 4, 4, '2017-12-05 17:42:31', ''),
(561, 30, 7, 4, 7, '2017-12-08 09:54:23', ''),
(562, 30, 8, 4, 8, '2017-12-08 13:43:44', ''),
(563, 30, 9, 3, 9, '2017-12-05 16:43:12', 'Mohon sesuaikan Rencana Keuangan dan Fisik dengan Rencana Penyerapan Anggaran dan Rencana Pelaksanaan Kegiatan yang dikirim bulan lalu. trims ; data BTL tidak ada ; mohon upload laporan rekap pada tempatnya'),
(564, 30, 10, 4, 10, '2017-12-05 23:14:29', ''),
(565, 30, 11, 2, 11, '2017-12-13 11:39:10', ''),
(566, 30, 12, 4, 12, '2017-12-05 17:02:17', ''),
(567, 30, 13, 4, 13, '2017-12-08 12:31:48', ''),
(568, 30, 14, 4, 14, '2017-12-05 17:00:44', ''),
(569, 30, 15, 4, 15, '2017-12-08 08:50:33', ''),
(570, 30, 16, 4, 16, '2017-12-05 17:32:46', ''),
(571, 30, 17, 4, 17, '2017-12-08 09:06:28', ''),
(572, 30, 18, 2, 18, '2017-12-13 08:54:41', ''),
(573, 30, 19, 3, 19, '2017-12-04 16:11:04', 'Mohon perbaiki rencana keuangan BL, sesuaikan dengan rencana penyerapan anggaran yang dikirim bulan lalu'),
(574, 30, 20, 4, 20, '2017-12-05 15:25:41', ''),
(575, 30, 6, 4, 6, '2017-12-04 12:33:35', ''),
(576, 30, 31, 5, 31, '2017-12-13 11:20:16', 'ingin revisi realisasi keuangan'),
(577, 30, 33, 4, 33, '2017-12-10 13:06:29', ''),
(578, 30, 34, 4, 34, '2017-12-07 14:20:03', ''),
(579, 30, 40, 4, 40, '2017-12-05 21:56:22', ''),
(580, 30, 35, 3, 35, '2017-12-07 15:35:32', 'Mohon sesuaikan Rencana Keuangan dengan Rencana Penyerapan Anggaran yang telah disampaikan sebelumnya, trims'),
(581, 30, 36, 3, 36, '2017-12-08 15:17:19', 'Mohon sesuaikan Rencana Fisik dengan Rencana Pelaksanaan Kegiatan yang telah disampaikan sebelumnya, trims'),
(582, 30, 37, 4, 37, '2017-12-05 09:26:47', ''),
(583, 30, 38, 4, 38, '2017-12-08 07:51:08', ''),
(584, 30, 39, 4, 39, '2017-12-07 19:38:47', ''),
(585, 30, 5, 5, 5, '2017-12-13 12:59:25', 'Mohon sesuaikan Rencana Keuangan dan Fisik dengan Rencana Penyerapan Anggaran dan Rencana Pelaksanaan Kegiatan yang dikirim bulan lalu. trims; mohon diupload juga file excelnya'),
(586, 30, 30, 1, NULL, NULL, ''),
(587, 30, 32, 4, 32, '2017-12-07 16:42:20', ''),
(588, 29, 21, 4, 21, '2017-12-05 12:01:10', ''),
(589, 29, 22, 4, 22, '2017-12-07 16:42:04', ''),
(590, 29, 23, 3, 23, '2017-12-05 16:40:52', 'Mohon sesuaikan Rencana Keuangan dan Fisik dengan Rencana Penyerapan Anggaran dan Rencana Pelaksanaan Kegiatan yang dikirim bulan lalu. trims'),
(591, 29, 24, 3, 24, '2017-12-04 14:46:25', 'Mohon perbaiki rencana penyerapan anggaran dan rencana pelaksanaan kegiatan karena totalnya tidak sesuai pagu APBDP'),
(592, 29, 25, 3, 25, '2017-12-07 15:34:31', 'Mohon Perbaikan Rencana Penyerapan Anggaran dan Pelaksanaan kegiatan segera disampaikan'),
(593, 29, 26, 2, 26, '2017-12-13 10:01:13', ''),
(594, 29, 27, 4, 27, '2017-12-05 23:56:18', ''),
(595, 29, 28, 3, 28, '2017-12-05 16:36:24', 'Mohon perbaiki rencana penyerapan anggaran dan rencana pelaksanaan kegiatan karena totalnya tidak sesuai pagu APBDP'),
(596, 29, 29, 4, 29, '2017-12-04 12:07:03', ''),
(597, 29, 1, 1, NULL, NULL, ''),
(598, 29, 2, 4, 2, '2017-12-10 21:33:28', ''),
(599, 29, 3, 3, 3, '2017-12-09 16:48:49', 'Mohon sesuaikan Rencana Keuangan dan Fisik dengan Rencana Penyerapan Anggaran dan Rencana Pelaksanaan Kegiatan yang dikirim bulan lalu. trims'),
(600, 29, 4, 3, 4, '2017-12-05 17:43:29', 'Mohon sesuaikan Rencana Fisik dengan Rencana Pelaksanaan Kegiatan yang telah disampaikan sebelumnya, trims'),
(601, 29, 7, 4, 7, '2017-12-08 10:26:40', ''),
(602, 29, 8, 4, 8, '2017-12-08 13:42:48', ''),
(603, 29, 9, 1, NULL, NULL, ''),
(604, 29, 10, 4, 10, '2017-12-05 12:34:01', ''),
(605, 29, 11, 2, 11, '2017-12-13 10:21:18', ''),
(606, 29, 12, 4, 12, '2017-12-07 16:34:02', ''),
(607, 29, 13, 4, 13, '2017-12-08 09:56:38', ''),
(608, 29, 14, 4, 14, '2017-12-05 16:52:39', ''),
(609, 29, 15, 4, 15, '2017-12-08 08:47:58', ''),
(610, 29, 16, 4, 16, '2017-12-05 17:29:27', ''),
(611, 29, 17, 4, 17, '2017-12-08 09:02:52', ''),
(612, 29, 18, 3, 18, '2017-12-13 08:52:43', 'Mohon upload file excelnya juga, trims'),
(613, 29, 19, 3, 19, '2017-12-04 16:07:31', 'Mohon perbaiki rencana keuangan BL, sesuaikan dengan rencana penyerapan anggaran yang dikirim bulan lalu'),
(614, 29, 20, 4, 20, '2017-12-05 15:20:30', ''),
(615, 29, 6, 4, 6, '2017-12-04 12:34:22', ''),
(616, 29, 31, 5, 31, '2017-12-13 11:18:35', 'ingin revisi realisasi keuangan'),
(617, 29, 33, 4, 33, '2017-12-10 09:28:00', ''),
(618, 29, 34, 4, 34, '2017-12-07 14:21:14', ''),
(619, 29, 40, 4, 40, '2017-12-05 21:54:16', ''),
(620, 29, 35, 3, 35, '2017-12-07 15:35:52', 'Mohon sesuaikan Rencana Keuangan dengan Rencana Penyerapan Anggaran yang telah disampaikan sebelumnya, trims'),
(621, 29, 36, 4, 36, '2017-12-08 15:11:29', ''),
(622, 29, 37, 4, 37, '2017-12-08 08:54:39', ''),
(623, 29, 38, 4, 38, '2017-12-07 15:45:54', ''),
(624, 29, 39, 4, 39, '2017-12-07 19:38:11', ''),
(625, 29, 5, 5, 5, '2017-12-13 09:48:12', 'Mohon sesuaikan Rencana Keuangan dan Fisik dengan Rencana Penyerapan Anggaran dan Rencana Pelaksanaan Kegiatan yang dikirim bulan lalu. trims; data BTL tidak ada ; mohon diupload juga file excelnya'),
(626, 29, 30, 2, 30, '2017-12-13 10:08:00', ''),
(627, 29, 32, 4, 32, '2017-12-07 16:43:06', ''),
(628, 31, 21, 2, 21, '2017-12-04 09:02:09', ''),
(629, 31, 22, 2, 22, '2017-12-04 08:53:51', ''),
(630, 31, 23, 2, 23, '2017-12-04 08:58:43', ''),
(631, 31, 24, 2, 24, '2017-12-04 08:50:14', ''),
(632, 31, 25, 2, 25, '2017-12-04 09:10:28', ''),
(633, 31, 26, 2, 26, '2017-12-04 09:37:11', ''),
(634, 31, 27, 2, 27, '2017-12-04 08:57:35', ''),
(635, 31, 28, 2, 28, '2017-12-04 09:00:39', ''),
(636, 31, 29, 2, 29, '2017-12-04 08:42:47', ''),
(637, 31, 1, 2, 1, '2017-12-22 12:25:18', ''),
(638, 31, 2, 1, NULL, NULL, ''),
(639, 31, 3, 1, NULL, NULL, ''),
(640, 31, 4, 2, 4, '2017-11-30 16:10:14', ''),
(641, 31, 7, 2, 7, '2017-12-05 14:45:50', ''),
(642, 31, 8, 2, 8, '2017-12-05 10:13:11', ''),
(643, 31, 9, 1, NULL, NULL, ''),
(644, 31, 10, 2, 10, '2017-12-05 12:32:22', ''),
(645, 31, 11, 2, 11, '2017-12-27 09:17:49', ''),
(646, 31, 12, 2, 12, '2017-12-05 16:59:29', ''),
(647, 31, 13, 2, 13, '2017-12-27 09:36:58', ''),
(648, 31, 14, 1, NULL, NULL, ''),
(649, 31, 15, 2, 15, '2017-12-22 12:25:51', ''),
(650, 31, 16, 2, 16, '2017-12-05 17:41:11', ''),
(651, 31, 17, 1, NULL, NULL, ''),
(652, 31, 18, 1, NULL, NULL, ''),
(653, 31, 19, 2, 19, '2017-12-05 15:31:32', ''),
(654, 31, 20, 2, 20, '2017-12-27 10:56:34', ''),
(655, 31, 6, 2, 6, '2017-12-04 12:34:43', ''),
(656, 31, 31, 2, 31, '2017-12-27 08:55:38', ''),
(657, 31, 33, 2, 33, '2017-12-23 12:56:07', ''),
(658, 31, 34, 1, NULL, NULL, ''),
(659, 31, 40, 2, 40, '2017-12-27 05:32:02', ''),
(660, 31, 35, 2, 35, '2017-12-24 10:42:08', ''),
(661, 31, 36, 2, 36, '2017-12-25 23:28:21', ''),
(662, 31, 37, 2, 37, '2017-12-05 11:48:10', ''),
(663, 31, 38, 2, 38, '2017-12-04 10:03:17', ''),
(664, 31, 39, 1, NULL, NULL, ''),
(665, 31, 5, 2, 5, '2017-12-23 10:19:34', ''),
(666, 31, 30, 1, NULL, NULL, ''),
(667, 31, 32, 2, 32, '2017-12-07 16:49:03', ''),
(668, 32, 21, 4, 21, '2017-12-21 08:27:36', ''),
(669, 32, 22, 4, 22, '2017-12-20 11:00:17', ''),
(670, 32, 23, 4, 23, '2017-12-20 11:05:34', ''),
(671, 32, 24, 4, 24, '2017-12-21 08:28:41', ''),
(672, 32, 25, 4, 25, '2017-12-21 09:47:11', ''),
(673, 32, 26, 2, 26, '2017-12-21 12:20:58', ''),
(674, 32, 27, 4, 27, '2017-12-20 11:10:53', ''),
(675, 32, 28, 2, 28, '2017-12-25 20:46:03', ''),
(676, 32, 29, 4, 29, '2017-12-21 08:32:57', ''),
(677, 32, 1, 3, 1, '2017-12-20 11:54:57', 'Rencana Keuangan dan Fisik tidak 100%, karena laporan untuk BOS blm ada, Masih diproses pembuatannya oleh sekolah2..'),
(678, 32, 2, 4, 2, '2017-12-20 10:44:19', ''),
(679, 32, 3, 4, 3, '2017-12-21 08:34:11', ''),
(680, 32, 4, 4, 4, '2017-12-21 08:26:23', ''),
(681, 32, 7, 4, 7, '2017-12-20 11:51:41', ''),
(682, 32, 8, 4, 8, '2017-12-20 08:46:14', ''),
(683, 32, 9, 2, 9, '2017-12-25 11:30:05', ''),
(684, 32, 10, 4, 10, '2017-12-20 09:41:20', ''),
(685, 32, 11, 2, 11, '2017-12-22 11:26:51', ''),
(686, 32, 12, 4, 12, '2017-12-21 09:02:19', ''),
(687, 32, 13, 4, 13, '2017-12-20 08:15:32', ''),
(688, 32, 14, 4, 14, '2017-12-21 08:47:49', ''),
(689, 32, 15, 4, 15, '2017-12-20 10:27:00', ''),
(690, 32, 16, 4, 16, '2017-12-20 09:19:25', ''),
(691, 32, 17, 4, 17, '2017-12-20 09:44:15', ''),
(692, 32, 18, 2, 18, '2017-12-24 10:22:11', ''),
(693, 32, 19, 4, 19, '2017-12-20 09:23:52', ''),
(694, 32, 20, 4, 20, '2017-12-19 14:39:10', ''),
(695, 32, 6, 4, 6, '2017-12-19 12:14:55', ''),
(696, 32, 31, 4, 31, '2017-12-20 11:50:56', ''),
(697, 32, 33, 2, 33, '2017-12-23 12:56:53', ''),
(698, 32, 34, 4, 34, '2017-12-21 08:26:53', ''),
(699, 32, 40, 4, 40, '2017-12-20 11:16:38', ''),
(700, 32, 35, 4, 35, '2017-12-19 17:01:25', ''),
(701, 32, 36, 4, 36, '2017-12-20 11:43:03', ''),
(702, 32, 37, 4, 37, '2017-12-19 16:19:00', ''),
(703, 32, 38, 4, 38, '2017-12-19 21:34:55', ''),
(704, 32, 39, 4, 39, '2017-12-20 11:24:46', ''),
(705, 32, 5, 4, 5, '2017-12-20 10:45:30', ''),
(706, 32, 30, 3, 30, '2017-12-20 11:20:42', 'Rencana Keuangan dan Fisik tidak 100%, mohon perbaiki..'),
(707, 32, 32, 4, 32, '2017-12-20 10:21:19', ''),
(708, 33, 21, 4, 21, '2017-12-21 08:28:02', ''),
(709, 33, 22, 1, NULL, NULL, ''),
(710, 33, 23, 4, 23, '2017-12-20 11:05:15', ''),
(711, 33, 24, 2, 24, '2017-12-21 17:21:20', ''),
(712, 33, 25, 5, 25, '2017-12-21 09:46:31', 'Rencana Keuangan melebihi pagu, mohon perbaiki..'),
(713, 33, 26, 4, 26, '2017-12-20 11:08:28', ''),
(714, 33, 27, 4, 27, '2017-12-20 11:11:21', ''),
(715, 33, 28, 1, NULL, NULL, ''),
(716, 33, 29, 2, 29, '2017-12-21 09:37:24', ''),
(717, 33, 1, 2, 1, '2017-12-21 10:00:27', ''),
(718, 33, 2, 1, NULL, NULL, ''),
(719, 33, 3, 1, NULL, NULL, ''),
(720, 33, 4, 1, NULL, NULL, ''),
(721, 33, 7, 2, 7, '2017-12-21 16:33:25', ''),
(722, 33, 8, 4, 8, '2017-12-20 08:44:51', ''),
(723, 33, 9, 2, 9, '2017-12-25 11:21:30', ''),
(724, 33, 10, 4, 10, '2017-12-20 10:01:33', ''),
(725, 33, 11, 2, 11, '2017-12-22 11:32:16', ''),
(726, 33, 12, 4, 12, '2017-12-20 11:59:27', ''),
(727, 33, 13, 2, 13, '2017-12-21 15:17:12', ''),
(728, 33, 14, 1, NULL, NULL, ''),
(729, 33, 15, 4, 15, '2017-12-20 10:50:58', ''),
(730, 33, 16, 4, 16, '2017-12-20 09:37:51', ''),
(731, 33, 17, 1, NULL, NULL, ''),
(732, 33, 18, 2, 18, '2017-12-24 10:19:59', ''),
(733, 33, 19, 4, 19, '2017-12-20 09:27:35', ''),
(734, 33, 20, 4, 20, '2017-12-19 16:00:25', ''),
(735, 33, 6, 4, 6, '2017-12-19 12:13:42', ''),
(736, 33, 31, 1, NULL, NULL, ''),
(737, 33, 33, 2, 33, '2017-12-23 12:58:16', ''),
(738, 33, 34, 4, 34, '2017-12-21 08:27:06', ''),
(739, 33, 40, 4, 40, '2017-12-20 11:18:31', ''),
(740, 33, 35, 4, 35, '2017-12-19 17:00:00', ''),
(741, 33, 36, 1, NULL, NULL, ''),
(742, 33, 37, 4, 37, '2017-12-19 16:12:49', ''),
(743, 33, 38, 4, 38, '2017-12-19 21:36:31', ''),
(744, 33, 39, 4, 39, '2017-12-20 11:16:04', ''),
(745, 33, 5, 4, 5, '2017-12-20 11:51:06', ''),
(746, 33, 30, 1, NULL, NULL, ''),
(747, 33, 32, 4, 32, '2017-12-20 10:22:05', ''),
(748, 34, 21, 2, 21, '2018-01-03 09:16:37', ''),
(749, 34, 22, 2, 22, '2018-01-04 16:20:04', ''),
(750, 34, 23, 2, 23, '2018-01-04 16:02:22', ''),
(751, 34, 24, 2, 24, '2018-01-02 13:28:21', ''),
(752, 34, 25, 2, 25, '2018-01-05 17:01:28', ''),
(753, 34, 26, 2, 26, '2018-01-05 10:25:19', ''),
(754, 34, 27, 2, 27, '2018-01-05 23:06:40', ''),
(755, 34, 28, 2, 28, '2018-01-03 15:51:16', ''),
(756, 34, 29, 2, 29, '2018-01-05 10:08:56', ''),
(757, 34, 1, 2, 1, '2018-01-05 22:07:08', ''),
(758, 34, 2, 2, 2, '2018-01-04 11:06:36', ''),
(759, 34, 3, 2, 3, '2018-01-05 10:58:34', ''),
(760, 34, 4, 2, 4, '2018-01-05 12:41:08', ''),
(761, 34, 7, 2, 7, '2018-01-05 10:21:16', ''),
(762, 34, 8, 2, 8, '2018-01-05 09:28:18', ''),
(763, 34, 9, 1, 9, '2018-01-05 08:45:21', ''),
(764, 34, 10, 2, 10, '2018-01-05 10:22:25', ''),
(765, 34, 11, 2, 11, '2018-01-05 10:30:09', ''),
(766, 34, 12, 2, 12, '2018-01-04 10:53:02', ''),
(767, 34, 13, 2, 13, '2018-01-03 15:30:47', ''),
(768, 34, 14, 2, 14, '2018-01-05 11:19:29', ''),
(769, 34, 15, 2, 15, '2018-01-05 09:27:41', ''),
(770, 34, 16, 2, 16, '2018-01-02 18:08:11', ''),
(771, 34, 17, 2, 17, '2018-01-03 18:30:46', ''),
(772, 34, 18, 2, 18, '2018-01-05 10:40:24', ''),
(773, 34, 19, 2, 19, '2017-12-29 10:31:18', ''),
(774, 34, 20, 2, 20, '2018-01-03 14:14:55', ''),
(775, 34, 6, 2, 6, '2018-01-05 09:30:40', ''),
(776, 34, 31, 2, 31, '2018-01-30 09:09:05', ''),
(777, 34, 33, 2, 33, '2018-01-03 09:29:42', ''),
(778, 34, 34, 2, 34, '2017-12-29 17:49:45', ''),
(779, 34, 40, 2, 40, '2018-01-04 15:37:59', ''),
(780, 34, 35, 2, 35, '2018-01-05 16:29:11', ''),
(781, 34, 36, 2, 36, '2018-01-05 16:54:52', ''),
(782, 34, 37, 2, 37, '2018-01-04 12:38:08', ''),
(783, 34, 38, 2, 38, '2017-12-29 14:53:03', ''),
(784, 34, 39, 2, 39, '2018-01-02 15:40:58', ''),
(785, 34, 5, 2, 5, '2018-01-03 16:47:56', ''),
(786, 34, 30, 3, 30, '2018-01-03 10:03:39', 'Rencana Fisik harus 100 %'),
(787, 34, 32, 2, 32, '2017-12-29 13:56:13', ''),
(788, 35, 21, 2, 21, '2018-01-03 09:13:45', ''),
(789, 35, 22, 2, 22, '2018-01-04 16:35:17', ''),
(790, 35, 23, 2, 23, '2018-01-04 16:03:10', ''),
(791, 35, 24, 2, 24, '2018-01-02 13:26:41', ''),
(792, 35, 25, 2, 25, '2018-01-05 17:04:15', ''),
(793, 35, 26, 2, 26, '2018-01-05 10:21:50', ''),
(794, 35, 27, 2, 27, '2018-01-05 23:17:03', ''),
(795, 35, 28, 2, 28, '2018-01-03 15:59:31', ''),
(796, 35, 29, 2, 29, '2018-01-03 08:20:41', ''),
(797, 35, 1, 2, 1, '2018-01-05 23:13:34', ''),
(798, 35, 2, 1, NULL, NULL, ''),
(799, 35, 3, 2, 3, '2018-01-05 11:05:16', ''),
(800, 35, 4, 2, 4, '2018-01-05 12:59:19', ''),
(801, 35, 7, 2, 7, '2018-01-05 11:30:53', ''),
(802, 35, 8, 2, 8, '2018-01-05 09:38:19', ''),
(803, 35, 9, 2, 9, '2018-01-04 11:13:21', ''),
(804, 35, 10, 2, 10, '2018-01-05 12:00:09', ''),
(805, 35, 11, 2, 11, '2018-01-05 10:43:53', ''),
(806, 35, 12, 2, 12, '2018-01-04 10:51:37', ''),
(807, 35, 13, 2, 13, '2018-01-03 16:26:29', ''),
(808, 35, 14, 2, 14, '2018-01-05 10:59:31', ''),
(809, 35, 15, 2, 15, '2018-01-05 11:41:02', ''),
(810, 35, 16, 2, 16, '2018-01-02 17:38:44', ''),
(811, 35, 17, 2, 17, '2018-01-03 18:36:23', ''),
(812, 35, 18, 2, 18, '2018-01-05 10:38:49', ''),
(813, 35, 19, 2, 19, '2018-01-04 10:02:10', ''),
(814, 35, 20, 2, 20, '2018-01-03 15:48:11', ''),
(815, 35, 6, 2, 6, '2018-01-04 12:57:31', ''),
(816, 35, 31, 2, 31, '2018-01-30 09:10:01', ''),
(817, 35, 33, 2, 33, '2018-01-05 21:31:19', ''),
(818, 35, 34, 2, 34, '2017-12-29 17:47:22', ''),
(819, 35, 40, 2, 40, '2018-01-04 15:43:49', ''),
(820, 35, 35, 2, 35, '2018-01-05 16:28:43', ''),
(821, 35, 36, 2, 36, '2018-01-05 16:54:17', ''),
(822, 35, 37, 2, 37, '2018-01-04 12:38:56', ''),
(823, 35, 38, 2, 38, '2018-01-05 10:31:22', ''),
(824, 35, 39, 2, 39, '2018-01-02 15:41:19', ''),
(825, 35, 5, 2, 5, '2018-01-03 16:47:30', ''),
(826, 35, 30, 1, NULL, NULL, ''),
(827, 35, 32, 2, 32, '2017-12-29 13:56:56', ''),
(828, 36, 21, 1, NULL, NULL, ''),
(829, 36, 22, 2, 22, '2018-01-05 11:17:06', ''),
(830, 36, 23, 2, 23, '2018-01-05 11:07:17', ''),
(831, 36, 24, 2, 24, '2018-01-08 09:11:04', ''),
(832, 36, 25, 1, NULL, NULL, ''),
(833, 36, 26, 1, NULL, NULL, ''),
(834, 36, 27, 1, NULL, NULL, ''),
(835, 36, 28, 1, NULL, NULL, ''),
(836, 36, 29, 2, 29, '2018-01-05 12:24:52', ''),
(837, 36, 1, 1, NULL, NULL, ''),
(838, 36, 2, 1, NULL, NULL, ''),
(839, 36, 3, 1, NULL, NULL, ''),
(840, 36, 4, 2, 4, '2018-01-05 14:01:07', ''),
(841, 36, 7, 2, 7, '2018-01-08 17:13:49', ''),
(842, 36, 8, 2, 8, '2018-01-05 11:01:45', ''),
(843, 36, 9, 1, NULL, NULL, ''),
(844, 36, 10, 2, 10, '2018-01-05 09:44:45', ''),
(845, 36, 11, 2, 11, '2018-01-08 09:04:40', ''),
(846, 36, 12, 2, 12, '2018-01-08 15:36:55', ''),
(847, 36, 13, 2, 13, '2018-01-08 09:55:18', ''),
(848, 36, 14, 5, 14, '2018-01-05 10:50:27', 'Mohon upload notulen hasil rapat yang bertanda tangan,,, dan mohon diupload juga foto pelaksanaan rapatnya'),
(849, 36, 15, 2, 15, '2018-01-08 16:24:49', ''),
(850, 36, 16, 2, 16, '2018-01-08 09:54:13', ''),
(851, 36, 17, 1, NULL, NULL, ''),
(852, 36, 18, 2, 18, '2018-01-08 19:23:16', ''),
(853, 36, 19, 2, 19, '2018-01-05 11:12:04', ''),
(854, 36, 20, 2, 20, '2018-01-06 14:32:36', ''),
(855, 36, 6, 2, 6, '2018-01-05 11:04:53', ''),
(856, 36, 31, 2, 31, '2018-01-08 11:06:43', ''),
(857, 36, 33, 5, 33, '2018-01-05 10:22:08', 'mohon upload hasil scan ber tanda tangan dan upload foto rapat'),
(858, 36, 34, 2, 34, '2018-01-04 13:21:33', ''),
(859, 36, 40, 2, 40, '2018-01-08 15:47:41', ''),
(860, 36, 35, 2, 35, '2018-01-08 11:07:32', ''),
(861, 36, 36, 2, 36, '2018-01-05 16:50:11', ''),
(862, 36, 37, 2, 37, '2018-01-05 08:29:54', ''),
(863, 36, 38, 2, 38, '2018-01-04 09:12:42', ''),
(864, 36, 39, 2, 39, '2018-01-08 13:28:25', ''),
(865, 36, 5, 2, 5, '2018-01-05 11:19:29', ''),
(866, 36, 30, 1, NULL, NULL, ''),
(867, 36, 32, 1, NULL, NULL, '');
INSERT INTO `pelaporan` (`id_pelaporan`, `id_lap`, `id_skpd`, `id_status`, `id_jab`, `tgl_upload`, `ket`) VALUES
(868, 37, 1, 2, 1, '2018-01-10 08:49:33', ''),
(869, 37, 3, 1, NULL, NULL, ''),
(870, 37, 2, 2, 2, '2018-01-09 15:59:58', ''),
(871, 37, 11, 1, NULL, NULL, ''),
(872, 37, 9, 2, 9, '2018-01-11 09:03:39', ''),
(873, 37, 12, 2, 12, '2018-01-11 09:01:07', ''),
(874, 38, 21, 1, NULL, NULL, ''),
(875, 38, 22, 1, NULL, NULL, ''),
(876, 38, 23, 2, 23, '2018-02-07 14:33:30', ''),
(877, 38, 24, 2, 24, '2018-01-19 10:15:02', ''),
(878, 38, 25, 2, 25, '2018-01-22 09:56:48', ''),
(879, 38, 26, 2, 26, '2018-01-17 11:19:54', ''),
(880, 38, 27, 1, NULL, NULL, ''),
(881, 38, 28, 1, NULL, NULL, ''),
(882, 38, 29, 1, NULL, NULL, ''),
(883, 38, 1, 1, NULL, NULL, ''),
(884, 38, 2, 1, NULL, NULL, ''),
(885, 38, 3, 1, NULL, NULL, ''),
(886, 38, 4, 2, 4, '2018-02-06 16:42:20', ''),
(887, 38, 7, 7, 7, '2018-01-22 10:30:03', ''),
(888, 38, 8, 1, NULL, NULL, ''),
(889, 38, 9, 1, NULL, NULL, ''),
(890, 38, 10, 1, NULL, NULL, ''),
(891, 38, 11, 1, NULL, NULL, ''),
(892, 38, 12, 1, NULL, NULL, ''),
(893, 38, 13, 1, NULL, NULL, ''),
(894, 38, 14, 2, 14, '2018-01-17 14:21:28', ''),
(895, 38, 15, 1, NULL, NULL, ''),
(896, 38, 16, 2, 16, '2018-02-07 11:47:48', ''),
(897, 38, 17, 1, NULL, NULL, ''),
(898, 38, 18, 1, NULL, NULL, ''),
(899, 38, 19, 1, NULL, NULL, ''),
(900, 38, 20, 1, NULL, NULL, ''),
(901, 38, 6, 2, 6, '2018-02-07 11:46:38', ''),
(902, 38, 31, 2, 31, '2018-02-07 11:51:54', ''),
(903, 38, 33, 1, NULL, NULL, ''),
(904, 38, 34, 1, NULL, NULL, ''),
(905, 38, 40, 1, NULL, NULL, ''),
(906, 38, 35, 1, NULL, NULL, ''),
(907, 38, 36, 1, NULL, NULL, ''),
(908, 38, 37, 1, NULL, NULL, ''),
(909, 38, 38, 1, NULL, NULL, ''),
(910, 38, 39, 1, NULL, NULL, ''),
(911, 38, 5, 2, 5, '2018-02-07 15:11:52', ''),
(912, 38, 30, 1, NULL, NULL, ''),
(913, 38, 32, 1, NULL, NULL, ''),
(914, 39, 21, 2, 21, '2018-02-07 08:32:52', ''),
(915, 39, 22, 2, 22, '2018-02-08 16:08:22', ''),
(916, 39, 23, 2, 23, '2018-02-07 10:44:32', ''),
(917, 39, 24, 2, 24, '2018-02-06 12:38:35', ''),
(918, 39, 25, 2, 25, '2018-02-05 11:18:07', ''),
(919, 39, 26, 2, 26, '2018-02-27 10:57:24', ''),
(920, 39, 27, 2, 27, '2018-02-07 08:58:32', ''),
(921, 39, 28, 2, 28, '2018-02-14 16:34:29', ''),
(922, 39, 29, 2, 29, '2018-02-06 09:37:28', ''),
(923, 39, 6, 2, 6, '2018-02-07 11:32:12', ''),
(924, 39, 31, 2, 31, '2018-04-18 16:38:28', ''),
(925, 39, 33, 2, 33, '2018-02-14 09:07:10', ''),
(926, 39, 34, 2, 34, '2018-02-27 11:16:40', ''),
(927, 39, 40, 2, 40, '2018-02-07 14:18:43', ''),
(928, 39, 1, 7, 1, '2018-02-14 14:41:46', ''),
(929, 39, 2, 7, 2, '2018-02-27 10:15:53', ''),
(930, 39, 3, 7, 3, '2018-02-14 10:25:09', ''),
(931, 39, 4, 7, 4, '2018-02-06 12:07:28', ''),
(932, 39, 7, 2, 7, '2018-02-13 10:14:04', ''),
(933, 39, 8, 2, 8, '2018-02-06 11:49:31', ''),
(934, 39, 9, 7, 9, '2018-02-27 10:17:31', ''),
(935, 39, 10, 2, 10, '2018-02-06 14:18:08', ''),
(936, 39, 11, 2, 11, '2018-02-05 12:01:43', ''),
(937, 39, 12, 7, 12, '2018-03-05 20:54:56', ''),
(938, 39, 13, 7, 13, '2018-02-27 10:19:11', ''),
(939, 39, 14, 2, 14, '2018-02-07 16:05:11', ''),
(940, 39, 15, 2, 15, '2018-02-06 11:33:14', ''),
(941, 39, 16, 7, 16, '2018-02-27 11:03:12', ''),
(942, 39, 17, 2, 17, '2018-02-27 11:09:39', ''),
(943, 39, 18, 2, 18, '2018-02-28 14:42:49', ''),
(944, 39, 19, 2, 19, '2018-02-05 11:19:45', ''),
(945, 39, 20, 2, 20, '2018-02-13 10:19:09', ''),
(946, 39, 35, 2, 35, '2018-02-05 15:11:21', ''),
(947, 39, 36, 2, 36, '2018-02-09 23:29:41', ''),
(948, 39, 37, 1, NULL, NULL, ''),
(949, 39, 38, 2, 38, '2018-02-05 11:40:28', ''),
(950, 39, 39, 2, 39, '2018-02-27 11:19:16', ''),
(951, 39, 5, 7, 5, '2018-02-07 16:23:10', ''),
(952, 39, 30, 2, 30, '2018-02-05 12:43:55', ''),
(953, 39, 32, 2, 32, '2018-02-05 12:51:34', ''),
(954, 40, 21, 2, 21, '2018-02-07 08:34:33', ''),
(955, 40, 22, 2, 22, '2018-02-08 16:09:36', ''),
(956, 40, 23, 2, 23, '2018-02-07 10:42:25', ''),
(957, 40, 24, 2, 24, '2018-02-06 12:37:18', ''),
(958, 40, 25, 2, 25, '2018-02-05 11:18:24', ''),
(959, 40, 26, 1, NULL, NULL, ''),
(960, 40, 27, 2, 27, '2018-02-07 08:58:47', ''),
(961, 40, 28, 2, 28, '2018-02-14 16:36:13', ''),
(962, 40, 29, 2, 29, '2018-02-06 09:35:57', ''),
(963, 40, 1, 2, 1, '2018-02-14 14:44:51', ''),
(964, 40, 2, 1, NULL, NULL, ''),
(965, 40, 3, 1, NULL, NULL, ''),
(966, 40, 4, 2, 4, '2018-02-06 16:45:52', ''),
(967, 40, 7, 2, 7, '2018-02-13 10:16:45', ''),
(968, 40, 8, 2, 8, '2018-02-06 11:52:45', ''),
(969, 40, 9, 1, NULL, NULL, ''),
(970, 40, 10, 2, 10, '2018-02-06 14:56:56', ''),
(971, 40, 11, 2, 11, '2018-02-05 13:29:07', ''),
(972, 40, 12, 2, 12, '2018-02-07 08:31:11', ''),
(973, 40, 13, 2, 13, '2018-03-06 09:59:03', ''),
(974, 40, 14, 2, 14, '2018-02-07 16:05:31', ''),
(975, 40, 15, 2, 15, '2018-02-06 11:31:53', ''),
(976, 40, 16, 2, 16, '2018-03-07 14:58:21', ''),
(977, 40, 17, 1, NULL, NULL, ''),
(978, 40, 18, 1, NULL, NULL, ''),
(979, 40, 19, 2, 19, '2018-02-05 11:20:02', ''),
(980, 40, 20, 2, 20, '2018-02-05 11:21:05', ''),
(981, 40, 6, 2, 6, '2018-02-07 11:31:36', ''),
(982, 40, 31, 2, 31, '2018-04-18 17:35:01', ''),
(983, 40, 33, 2, 33, '2018-02-14 12:17:02', ''),
(984, 40, 34, 1, NULL, NULL, ''),
(985, 40, 40, 2, 40, '2018-02-07 14:18:09', ''),
(986, 40, 35, 2, 35, '2018-02-05 15:10:59', ''),
(987, 40, 36, 2, 36, '2018-02-09 23:33:06', ''),
(988, 40, 37, 1, NULL, NULL, ''),
(989, 40, 38, 2, 38, '2018-02-05 11:41:16', ''),
(990, 40, 39, 1, NULL, NULL, ''),
(991, 40, 5, 2, 5, '2018-02-08 14:33:02', ''),
(992, 40, 30, 2, 30, '2018-02-05 12:46:55', ''),
(993, 40, 32, 2, 32, '2018-02-05 12:51:02', ''),
(994, 42, 21, 7, 21, '2018-03-05 16:49:03', ''),
(995, 42, 22, 7, 22, '2018-03-08 11:59:46', ''),
(996, 42, 23, 7, 23, '2018-03-06 09:29:25', ''),
(997, 42, 24, 7, 24, '2018-03-06 12:09:27', ''),
(998, 42, 25, 7, 25, '2018-03-06 09:21:38', ''),
(999, 42, 26, 7, 26, '2018-03-08 15:59:01', ''),
(1000, 42, 27, 7, 27, '2018-03-07 09:52:05', ''),
(1001, 42, 28, 7, 28, '2018-03-12 08:39:35', ''),
(1002, 42, 29, 7, 29, '2018-03-05 14:54:11', ''),
(1003, 42, 1, 7, 1, '2018-03-13 10:07:45', ''),
(1004, 42, 2, 1, NULL, NULL, ''),
(1005, 42, 3, 7, 3, '2018-03-14 08:54:41', ''),
(1006, 42, 4, 7, 4, '2018-03-05 17:43:53', ''),
(1007, 42, 7, 7, 7, '2018-03-07 10:48:04', ''),
(1008, 42, 8, 7, 8, '2018-03-07 09:48:22', ''),
(1009, 42, 9, 7, 9, '2018-03-13 09:10:40', ''),
(1010, 42, 10, 7, 10, '2018-03-08 11:48:49', ''),
(1011, 42, 11, 7, 11, '2018-03-12 08:32:55', ''),
(1012, 42, 12, 7, 12, '2018-03-05 15:53:41', ''),
(1013, 42, 13, 7, 13, '2018-03-01 08:48:33', ''),
(1014, 42, 14, 7, 14, '2018-03-13 10:42:43', ''),
(1015, 42, 15, 7, 15, '2018-03-07 16:23:17', ''),
(1016, 42, 16, 7, 16, '2018-03-08 14:10:37', ''),
(1017, 42, 17, 7, 17, '2018-03-12 11:16:06', ''),
(1018, 42, 18, 1, NULL, NULL, ''),
(1019, 42, 19, 7, 19, '2018-03-02 10:47:06', ''),
(1020, 42, 20, 7, 20, '2018-03-08 16:15:28', ''),
(1021, 42, 6, 7, 6, '2018-03-06 16:04:57', ''),
(1022, 42, 31, 7, 31, '2018-03-08 16:43:53', ''),
(1023, 42, 33, 7, 33, '2018-03-09 10:12:58', ''),
(1024, 42, 34, 7, 34, '2018-03-08 07:56:33', ''),
(1025, 42, 40, 7, 40, '2018-03-08 13:47:58', ''),
(1026, 42, 35, 7, 35, '2018-03-05 16:59:30', ''),
(1027, 42, 36, 7, 36, '2018-03-07 16:34:01', ''),
(1028, 42, 37, 7, 37, '2018-03-12 13:29:40', ''),
(1029, 42, 38, 4, 38, '2018-03-05 13:10:38', ''),
(1030, 42, 39, 7, 39, '2018-03-05 09:48:42', ''),
(1031, 42, 5, 7, 5, '2018-03-12 16:14:06', ''),
(1032, 42, 30, 7, 30, '2018-03-08 15:34:48', ''),
(1033, 42, 32, 7, 32, '2018-03-05 09:22:38', ''),
(1034, 41, 21, 2, 21, '2018-03-05 16:48:01', ''),
(1035, 41, 22, 2, 22, '2018-03-08 12:08:36', ''),
(1036, 41, 23, 2, 23, '2018-03-06 09:28:53', ''),
(1037, 41, 24, 2, 24, '2018-03-06 12:13:38', ''),
(1038, 41, 25, 2, 25, '2018-03-06 09:20:46', ''),
(1039, 41, 26, 2, 26, '2018-03-08 16:35:46', ''),
(1040, 41, 27, 2, 27, '2018-03-07 09:51:21', ''),
(1041, 41, 28, 1, NULL, NULL, ''),
(1042, 41, 29, 2, 29, '2018-03-05 14:54:46', ''),
(1043, 41, 1, 2, 1, '2018-03-13 10:10:46', ''),
(1044, 41, 2, 1, NULL, NULL, ''),
(1045, 41, 3, 1, NULL, NULL, ''),
(1046, 41, 4, 2, 4, '2018-03-05 18:09:44', ''),
(1047, 41, 7, 2, 7, '2018-03-07 09:26:52', ''),
(1048, 41, 8, 2, 8, '2018-03-07 09:51:21', ''),
(1049, 41, 9, 1, NULL, NULL, ''),
(1050, 41, 10, 1, NULL, NULL, ''),
(1051, 41, 11, 2, 11, '2018-03-13 09:49:13', ''),
(1052, 41, 12, 2, 12, '2018-03-05 15:55:15', ''),
(1053, 41, 13, 2, 13, '2018-03-06 09:55:47', ''),
(1054, 41, 14, 2, 14, '2018-03-13 10:41:37', ''),
(1055, 41, 15, 2, 15, '2018-03-12 08:58:21', ''),
(1056, 41, 16, 2, 16, '2018-03-08 14:14:49', ''),
(1057, 41, 17, 2, 17, '2018-03-12 11:18:12', ''),
(1058, 41, 18, 1, NULL, NULL, ''),
(1059, 41, 19, 2, 19, '2018-03-02 10:49:27', ''),
(1060, 41, 20, 2, 20, '2018-03-09 08:38:33', ''),
(1061, 41, 6, 2, 6, '2018-03-06 16:06:20', ''),
(1062, 41, 31, 2, 31, '2018-03-08 16:44:55', ''),
(1063, 41, 33, 2, 33, '2018-03-09 10:11:59', ''),
(1064, 41, 34, 2, 34, '2018-03-08 07:57:42', ''),
(1065, 41, 40, 7, 40, '2018-03-07 11:20:00', ''),
(1066, 41, 35, 2, 35, '2018-03-05 16:58:56', ''),
(1067, 41, 36, 2, 36, '2018-03-08 11:54:36', ''),
(1068, 41, 37, 1, NULL, NULL, ''),
(1069, 41, 38, 2, 38, '2018-03-05 13:12:30', ''),
(1070, 41, 39, 2, 39, '2018-03-05 09:49:17', ''),
(1071, 41, 5, 2, 5, '2018-03-12 16:16:16', ''),
(1072, 41, 30, 1, NULL, NULL, ''),
(1073, 41, 32, 2, 32, '2018-03-05 09:22:00', ''),
(1074, 43, 21, 7, 21, '2018-03-25 16:06:30', ''),
(1075, 43, 22, 7, 22, '2018-03-26 12:53:02', ''),
(1076, 43, 23, 7, 23, '2018-03-26 15:30:42', ''),
(1077, 43, 24, 1, NULL, NULL, ''),
(1078, 43, 25, 7, 25, '2018-03-26 15:31:18', ''),
(1079, 43, 26, 7, 26, '2018-03-26 15:36:29', ''),
(1080, 43, 27, 7, 27, '2018-03-26 12:52:55', ''),
(1081, 43, 28, 7, 28, '2018-03-26 09:23:49', ''),
(1082, 43, 29, 7, 29, '2018-03-26 15:21:26', ''),
(1083, 43, 1, 7, 1, '2018-03-23 09:52:16', ''),
(1084, 43, 2, 7, 2, '2018-03-26 23:05:35', ''),
(1085, 43, 3, 7, 3, '2018-03-26 10:55:48', ''),
(1086, 43, 4, 7, 4, '2018-03-26 15:09:39', ''),
(1087, 43, 7, 7, 7, '2018-03-26 15:50:39', ''),
(1088, 43, 8, 7, 8, '2018-03-23 12:15:25', ''),
(1089, 43, 9, 7, 9, '2018-03-23 09:27:02', ''),
(1090, 43, 10, 7, 10, '2018-03-26 09:59:44', ''),
(1091, 43, 11, 7, 11, '2018-03-26 09:35:34', ''),
(1092, 43, 12, 7, 12, '2018-03-26 20:37:58', ''),
(1093, 43, 13, 7, 13, '2018-03-22 15:18:58', ''),
(1094, 43, 14, 7, 14, '2018-03-26 12:26:38', ''),
(1095, 43, 15, 7, 15, '2018-03-26 11:15:05', ''),
(1096, 43, 16, 7, 16, '2018-03-23 14:18:04', ''),
(1097, 43, 17, 7, 17, '2018-03-26 15:13:41', ''),
(1098, 43, 18, 1, NULL, NULL, ''),
(1099, 43, 19, 7, 19, '2018-03-26 12:22:38', ''),
(1100, 43, 20, 7, 20, '2018-03-26 16:01:24', ''),
(1101, 43, 6, 7, 6, '2018-03-23 10:11:10', ''),
(1102, 43, 31, 7, 31, '2018-03-26 14:48:24', ''),
(1103, 43, 33, 7, 33, '2018-03-23 10:14:54', ''),
(1104, 43, 34, 7, 34, '2018-03-26 15:50:50', ''),
(1105, 43, 40, 7, 40, '2018-03-25 11:49:49', ''),
(1106, 43, 35, 1, NULL, NULL, ''),
(1107, 43, 36, 7, 36, '2018-03-26 15:52:50', ''),
(1108, 43, 37, 7, 37, '2018-03-25 16:35:52', ''),
(1109, 43, 38, 7, 38, '2018-03-23 10:07:02', ''),
(1110, 43, 39, 7, 39, '2018-03-23 21:13:20', ''),
(1111, 43, 5, 7, 5, '2018-03-26 11:27:18', ''),
(1112, 43, 30, 7, 30, '2018-03-26 10:17:25', ''),
(1113, 43, 32, 7, 32, '2018-03-26 12:31:41', ''),
(1114, 44, 21, 2, 21, '2018-03-25 16:05:22', ''),
(1115, 44, 22, 2, 22, '2018-03-26 15:16:35', ''),
(1116, 44, 23, 2, 23, '2018-03-26 10:04:02', ''),
(1117, 44, 24, 1, NULL, NULL, ''),
(1118, 44, 25, 1, NULL, NULL, ''),
(1119, 44, 26, 2, 26, '2018-03-26 15:35:33', ''),
(1120, 44, 27, 2, 27, '2018-03-26 12:53:33', ''),
(1121, 44, 28, 2, 28, '2018-03-26 09:23:18', ''),
(1122, 44, 29, 2, 29, '2018-03-26 15:22:00', ''),
(1123, 44, 1, 1, NULL, NULL, ''),
(1124, 44, 2, 1, NULL, NULL, ''),
(1125, 44, 3, 2, 3, '2018-03-26 10:55:13', ''),
(1126, 44, 4, 2, 4, '2018-03-26 15:27:43', ''),
(1127, 44, 7, 1, NULL, NULL, ''),
(1128, 44, 8, 2, 8, '2018-03-23 12:17:20', ''),
(1129, 44, 9, 2, 9, '2018-03-23 09:25:51', ''),
(1130, 44, 10, 1, NULL, NULL, ''),
(1131, 44, 11, 7, 11, '2018-03-26 09:34:12', ''),
(1132, 44, 12, 2, 12, '2018-03-26 21:42:45', ''),
(1133, 44, 13, 2, 13, '2018-03-23 09:40:44', ''),
(1134, 44, 14, 2, 14, '2018-03-26 12:25:42', ''),
(1135, 44, 15, 1, NULL, NULL, ''),
(1136, 44, 16, 2, 16, '2018-03-23 14:22:46', ''),
(1137, 44, 17, 1, NULL, NULL, ''),
(1138, 44, 18, 1, NULL, NULL, ''),
(1139, 44, 19, 2, 19, '2018-03-26 12:25:02', ''),
(1140, 44, 20, 2, 20, '2018-03-26 16:04:34', ''),
(1141, 44, 6, 2, 6, '2018-03-23 10:10:28', ''),
(1142, 44, 31, 2, 31, '2018-03-26 14:48:08', ''),
(1143, 44, 33, 2, 33, '2018-03-22 12:17:15', ''),
(1144, 44, 34, 2, 34, '2018-03-26 15:51:13', ''),
(1145, 44, 40, 2, 40, '2018-03-26 08:34:59', ''),
(1146, 44, 35, 1, NULL, NULL, ''),
(1147, 44, 36, 1, NULL, NULL, ''),
(1148, 44, 37, 1, NULL, NULL, ''),
(1149, 44, 38, 2, 38, '2018-03-23 10:10:32', ''),
(1150, 44, 39, 2, 39, '2018-03-23 21:13:01', ''),
(1151, 44, 5, 2, 5, '2018-03-26 11:41:23', ''),
(1152, 44, 30, 2, 30, '2018-03-26 10:57:47', ''),
(1153, 44, 32, 2, 32, '2018-03-26 12:30:02', ''),
(1154, 45, 21, 2, 21, '2018-04-04 09:14:35', ''),
(1155, 45, 22, 2, 22, '2018-04-03 10:40:36', ''),
(1156, 45, 23, 2, 23, '2018-04-09 09:16:26', ''),
(1157, 45, 24, 2, 24, '2018-04-05 13:23:03', ''),
(1158, 45, 25, 2, 25, '2018-04-03 15:43:28', ''),
(1159, 45, 26, 2, 26, '2018-04-04 10:20:11', ''),
(1160, 45, 27, 2, 27, '2018-04-09 10:15:07', ''),
(1161, 45, 28, 2, 28, '2018-04-10 11:49:57', ''),
(1162, 45, 29, 7, 29, '2018-04-03 09:33:11', ''),
(1163, 45, 1, 2, 1, '2018-04-06 17:32:55', ''),
(1164, 45, 2, 2, 2, '2018-04-10 16:50:46', ''),
(1165, 45, 3, 2, 3, '2018-04-05 09:11:17', ''),
(1166, 45, 4, 2, 4, '2018-04-06 09:40:58', ''),
(1167, 45, 7, 2, 7, '2018-04-09 17:23:51', ''),
(1168, 45, 8, 2, 8, '2018-04-04 12:40:44', ''),
(1169, 45, 9, 2, 9, '2018-04-09 11:15:02', ''),
(1170, 45, 10, 1, NULL, NULL, ''),
(1171, 45, 11, 2, 11, '2018-04-05 15:02:36', ''),
(1172, 45, 12, 2, 12, '2018-04-05 10:35:37', ''),
(1173, 45, 13, 2, 13, '2018-04-03 10:16:51', ''),
(1174, 45, 14, 2, 14, '2018-04-05 11:47:30', ''),
(1175, 45, 15, 1, NULL, NULL, ''),
(1176, 45, 16, 2, 16, '2018-04-04 17:16:58', ''),
(1177, 45, 17, 1, NULL, NULL, ''),
(1178, 45, 18, 1, NULL, NULL, ''),
(1179, 45, 19, 2, 19, '2018-04-02 11:34:58', ''),
(1180, 45, 20, 2, 20, '2018-04-04 11:23:35', ''),
(1181, 45, 6, 2, 6, '2018-04-02 16:07:11', ''),
(1182, 45, 31, 2, 31, '2018-04-10 16:47:54', ''),
(1183, 45, 33, 1, NULL, NULL, ''),
(1184, 45, 34, 2, 34, '2018-04-05 11:39:22', ''),
(1185, 45, 40, 2, 40, '2018-04-03 17:29:20', ''),
(1186, 45, 35, 2, 35, '2018-04-10 11:33:18', ''),
(1187, 45, 36, 1, NULL, NULL, ''),
(1188, 45, 37, 2, 37, '2018-04-10 16:07:27', ''),
(1189, 45, 38, 2, 38, '2018-04-05 15:43:30', ''),
(1190, 45, 39, 2, 39, '2018-04-02 09:44:24', ''),
(1191, 45, 5, 2, 5, '2018-04-10 13:17:47', ''),
(1192, 45, 30, 1, NULL, NULL, ''),
(1193, 45, 32, 2, 32, '2018-04-03 13:05:08', ''),
(1194, 46, 21, 7, 21, '2018-04-04 09:07:02', ''),
(1195, 46, 22, 7, 22, '2018-04-03 10:39:36', ''),
(1196, 46, 23, 7, 23, '2018-04-09 07:58:59', ''),
(1197, 46, 24, 7, 24, '2018-04-05 13:21:58', ''),
(1198, 46, 25, 7, 25, '2018-04-03 15:21:00', ''),
(1199, 46, 26, 7, 26, '2018-04-04 11:08:21', ''),
(1200, 46, 27, 7, 27, '2018-04-09 10:15:29', ''),
(1201, 46, 28, 7, 28, '2018-04-10 11:50:59', ''),
(1202, 46, 29, 7, 29, '2018-04-03 09:33:33', ''),
(1203, 46, 1, 7, 1, '2018-04-06 17:30:07', ''),
(1204, 46, 2, 3, 2, '2018-04-10 15:20:33', 'Terdapat Selisih antara Rencana Keuangan dan Anggaran Kas TW I di Bakeuda'),
(1205, 46, 3, 7, 3, '2018-04-05 10:46:11', ''),
(1206, 46, 4, 7, 4, '2018-04-06 08:49:03', ''),
(1207, 46, 7, 7, 7, '2018-04-09 17:22:39', '-'),
(1208, 46, 8, 7, 8, '2018-04-04 12:35:42', '-'),
(1209, 46, 9, 3, 9, '2018-04-09 11:13:35', 'Terdapat Selisih antara Rencana Keuangan dan Anggaran Kas TW I di Bakeuda'),
(1210, 46, 10, 7, 10, '2018-04-09 16:29:10', '-'),
(1211, 46, 11, 7, 11, '2018-04-05 14:57:53', ''),
(1212, 46, 12, 7, 12, '2018-04-05 10:30:21', ''),
(1213, 46, 13, 7, 13, '2018-04-02 12:04:06', ''),
(1214, 46, 14, 7, 14, '2018-04-05 11:47:04', '-'),
(1215, 46, 15, 7, 15, '2018-04-10 10:43:42', ''),
(1216, 46, 16, 7, 16, '2018-04-04 17:19:44', ''),
(1217, 46, 17, 7, 17, '2018-04-05 16:58:17', ''),
(1218, 46, 18, 1, NULL, NULL, ''),
(1219, 46, 19, 7, 19, '2018-04-04 16:57:24', '-'),
(1220, 46, 20, 7, 20, '2018-04-04 11:21:21', ''),
(1221, 46, 6, 7, 6, '2018-04-03 16:05:04', ''),
(1222, 46, 31, 7, 31, '2018-04-10 16:48:14', 'Terdapat Selisih antara Rencana Keuangan dan Anggaran Kas TW I di Bakeuda'),
(1223, 46, 33, 7, 33, '2018-04-06 03:28:53', '-'),
(1224, 46, 34, 7, 34, '2018-04-05 11:38:30', ''),
(1225, 46, 40, 7, 40, '2018-04-03 17:25:00', ''),
(1226, 46, 35, 7, 35, '2018-04-10 11:31:28', ''),
(1227, 46, 36, 7, 36, '2018-04-10 12:06:02', ''),
(1228, 46, 37, 3, 37, '2018-04-10 16:03:36', 'Terdapat Selisih antara Rencana Keuangan dan Anggaran Kas TW I di Bakeuda'),
(1229, 46, 38, 7, 38, '2018-04-06 11:17:11', '-'),
(1230, 46, 39, 7, 39, '2018-04-02 09:44:07', ''),
(1231, 46, 5, 7, 5, '2018-04-10 11:19:07', ''),
(1232, 46, 30, 3, 30, '2018-04-09 10:23:22', 'Terdapat Selisih antara Rencana Keuangan dan Anggaran Kas TW I di Bakeuda'),
(1233, 46, 32, 7, 32, '2018-04-03 13:04:17', ''),
(1234, 47, 21, 2, 21, '2018-05-07 17:51:44', ''),
(1235, 47, 22, 2, 22, '2018-05-09 17:20:16', ''),
(1236, 47, 23, 2, 23, '2018-05-08 11:00:41', ''),
(1237, 47, 24, 2, 24, '2018-05-03 16:18:55', ''),
(1238, 47, 25, 2, 25, '2018-05-16 10:17:02', ''),
(1239, 47, 26, 2, 26, '2018-05-08 09:39:58', ''),
(1240, 47, 27, 2, 27, '2018-05-10 12:02:06', ''),
(1241, 47, 28, 2, 28, '2018-05-14 16:07:00', ''),
(1242, 47, 29, 2, 29, '2018-05-03 12:21:45', ''),
(1243, 47, 1, 2, 1, '2018-05-11 09:25:28', ''),
(1244, 47, 2, 1, NULL, NULL, ''),
(1245, 47, 3, 1, NULL, NULL, ''),
(1246, 47, 4, 2, 4, '2018-05-09 15:26:15', ''),
(1247, 47, 7, 2, 7, '2018-05-08 12:16:57', ''),
(1248, 47, 8, 2, 8, '2018-05-07 13:41:22', ''),
(1249, 47, 9, 2, 9, '2018-05-08 16:27:11', ''),
(1250, 47, 10, 2, 10, '2018-05-10 23:02:15', ''),
(1251, 47, 11, 2, 11, '2018-05-08 13:17:25', ''),
(1252, 47, 12, 2, 12, '2018-05-07 09:57:04', ''),
(1253, 47, 13, 2, 13, '2018-05-04 10:40:10', ''),
(1254, 47, 14, 2, 14, '2018-05-04 14:08:02', ''),
(1255, 47, 15, 1, NULL, NULL, ''),
(1256, 47, 16, 2, 16, '2018-05-09 14:18:50', ''),
(1257, 47, 17, 1, NULL, NULL, ''),
(1258, 47, 18, 1, NULL, NULL, ''),
(1259, 47, 19, 2, 19, '2018-05-03 10:58:53', ''),
(1260, 47, 20, 2, 20, '2018-05-09 16:03:47', ''),
(1261, 47, 6, 2, 6, '2018-05-14 11:13:48', ''),
(1262, 47, 31, 2, 31, '2018-05-15 16:21:24', ''),
(1263, 47, 33, 1, NULL, NULL, ''),
(1264, 47, 34, 2, 34, '2018-05-03 12:53:44', ''),
(1265, 47, 40, 2, 40, '2018-05-09 21:15:30', ''),
(1266, 47, 35, 2, 35, '2018-05-14 18:17:46', ''),
(1267, 47, 36, 1, NULL, NULL, ''),
(1268, 47, 37, 2, 37, '2018-05-09 16:54:28', ''),
(1269, 47, 38, 2, 38, '2018-05-09 15:55:59', ''),
(1270, 47, 39, 2, 39, '2018-05-07 08:39:49', ''),
(1271, 47, 5, 2, 5, '2018-05-15 15:36:22', ''),
(1272, 47, 30, 1, NULL, NULL, ''),
(1273, 47, 32, 2, 32, '2018-05-03 16:45:55', ''),
(1274, 48, 21, 7, 21, '2018-05-07 17:51:05', ''),
(1275, 48, 22, 7, 22, '2018-05-09 17:14:50', ''),
(1276, 48, 23, 7, 23, '2018-05-08 10:59:02', ''),
(1277, 48, 24, 7, 24, '2018-05-03 16:17:21', ''),
(1278, 48, 25, 7, 25, '2018-05-16 10:33:06', ''),
(1279, 48, 26, 7, 26, '2018-05-08 09:37:31', ''),
(1280, 48, 27, 7, 27, '2018-05-10 12:02:43', ''),
(1281, 48, 28, 7, 28, '2018-05-14 16:06:17', ''),
(1282, 48, 29, 7, 29, '2018-05-03 12:22:14', ''),
(1283, 48, 1, 7, 1, '2018-05-09 17:20:11', ''),
(1284, 48, 2, 7, 2, '2018-05-15 17:17:26', 'mohon lengkapi form PBJ,ST dan Permasalahan'),
(1285, 48, 3, 7, 3, '2018-05-09 15:48:50', ''),
(1286, 48, 4, 7, 4, '2018-05-09 15:01:36', ''),
(1287, 48, 7, 7, 7, '2018-05-08 12:12:22', ''),
(1288, 48, 8, 7, 8, '2018-05-07 13:39:50', ''),
(1289, 48, 9, 7, 9, '2018-05-08 16:26:18', ''),
(1290, 48, 10, 7, 10, '2018-05-09 16:36:36', ''),
(1291, 48, 11, 7, 11, '2018-05-08 13:01:40', ''),
(1292, 48, 12, 7, 12, '2018-05-07 09:53:27', ''),
(1293, 48, 13, 7, 13, '2018-05-04 10:19:03', ''),
(1294, 48, 14, 7, 14, '2018-05-04 14:08:40', ''),
(1295, 48, 15, 7, 15, '2018-05-09 10:25:34', ''),
(1296, 48, 16, 7, 16, '2018-05-09 14:21:54', ''),
(1297, 48, 17, 7, 17, '2018-05-11 08:49:32', ''),
(1298, 48, 18, 1, NULL, NULL, ''),
(1299, 48, 19, 7, 19, '2018-05-08 11:29:03', ''),
(1300, 48, 20, 7, 20, '2018-05-09 16:00:35', ''),
(1301, 48, 6, 7, 6, '2018-05-14 11:11:10', ''),
(1302, 48, 31, 7, 31, '2018-05-15 16:20:11', ''),
(1303, 48, 33, 7, 33, '2018-05-03 09:26:48', ''),
(1304, 48, 34, 7, 34, '2018-05-03 12:52:24', ''),
(1305, 48, 40, 7, 40, '2018-05-09 21:12:36', ''),
(1306, 48, 35, 7, 35, '2018-05-14 18:19:21', ''),
(1307, 48, 36, 7, 36, '2018-05-09 16:34:00', ''),
(1308, 48, 37, 7, 37, '2018-05-09 16:52:07', ''),
(1309, 48, 38, 7, 38, '2018-05-09 15:52:31', ''),
(1310, 48, 39, 7, 39, '2018-05-07 08:40:29', ''),
(1311, 48, 5, 7, 5, '2018-05-15 15:28:00', ''),
(1312, 48, 30, 7, 30, '2018-05-07 09:46:12', ''),
(1313, 48, 32, 7, 32, '2018-05-03 16:46:45', ''),
(1314, 49, 21, 2, 21, '2018-06-05 13:09:26', ''),
(1315, 49, 22, 2, 22, '2018-06-06 14:36:58', ''),
(1316, 49, 23, 1, NULL, NULL, ''),
(1317, 49, 24, 2, 24, '2018-06-05 12:56:01', ''),
(1318, 49, 25, 1, NULL, NULL, ''),
(1319, 49, 26, 2, 26, '2018-06-08 09:49:29', ''),
(1320, 49, 27, 2, 27, '2018-06-07 10:55:57', ''),
(1321, 49, 28, 2, 28, '2018-06-21 16:45:41', ''),
(1322, 49, 29, 2, 29, '2018-06-04 09:32:01', ''),
(1323, 49, 1, 2, 1, '2018-06-08 09:08:45', ''),
(1324, 49, 2, 1, NULL, NULL, ''),
(1325, 49, 3, 1, NULL, NULL, ''),
(1326, 49, 4, 2, 4, '2018-06-08 13:34:28', ''),
(1327, 49, 7, 2, 7, '2018-06-22 09:52:36', ''),
(1328, 49, 8, 2, 8, '2018-06-07 15:14:32', ''),
(1329, 49, 9, 1, NULL, NULL, ''),
(1330, 49, 10, 2, 10, '2018-06-08 09:58:03', ''),
(1331, 49, 11, 2, 11, '2018-06-08 14:44:28', ''),
(1332, 49, 12, 2, 12, '2018-06-06 13:53:35', ''),
(1333, 49, 13, 2, 13, '2018-06-05 13:25:24', ''),
(1334, 49, 14, 2, 14, '2018-06-08 08:46:47', ''),
(1335, 49, 15, 1, NULL, NULL, ''),
(1336, 49, 16, 2, 16, '2018-06-04 15:19:50', ''),
(1337, 49, 17, 1, NULL, NULL, ''),
(1338, 49, 18, 2, 18, '2018-06-29 09:35:59', ''),
(1339, 49, 19, 2, 19, '2018-06-06 14:43:12', ''),
(1340, 49, 20, 2, 20, '2018-06-07 12:17:47', ''),
(1341, 49, 6, 2, 6, '2018-06-05 14:46:36', ''),
(1342, 49, 31, 2, 31, '2018-06-25 14:55:47', ''),
(1343, 49, 33, 1, NULL, NULL, ''),
(1344, 49, 34, 2, 34, '2018-06-25 13:22:25', ''),
(1345, 49, 40, 2, 40, '2018-06-09 07:05:24', ''),
(1346, 49, 35, 2, 35, '2018-06-07 13:33:02', ''),
(1347, 49, 36, 1, NULL, NULL, ''),
(1348, 49, 37, 2, 37, '2018-06-09 13:23:38', ''),
(1349, 49, 38, 2, 38, '2018-06-05 12:36:55', ''),
(1350, 49, 39, 2, 39, '2018-06-21 16:11:10', ''),
(1351, 49, 5, 2, 5, '2018-06-07 12:11:38', ''),
(1352, 49, 30, 1, NULL, NULL, ''),
(1353, 49, 32, 2, 32, '2018-06-05 12:13:52', ''),
(1354, 50, 21, 7, 21, '2018-06-05 13:06:27', ''),
(1355, 50, 22, 7, 22, '2018-06-06 14:38:24', ''),
(1356, 50, 23, 1, NULL, NULL, ''),
(1357, 50, 24, 7, 24, '2018-06-05 12:54:22', ''),
(1358, 50, 25, 7, 25, '2018-06-28 14:34:27', ''),
(1359, 50, 26, 7, 26, '2018-06-08 09:52:15', ''),
(1360, 50, 27, 7, 27, '2018-06-07 10:55:27', ''),
(1361, 50, 28, 7, 28, '2018-06-21 16:43:44', ''),
(1362, 50, 29, 7, 29, '2018-06-04 09:32:54', ''),
(1363, 50, 1, 7, 1, '2018-06-08 08:28:57', ''),
(1364, 50, 2, 7, 2, '2018-06-28 12:11:27', ''),
(1365, 50, 3, 7, 3, '2018-06-08 11:16:36', ''),
(1366, 50, 4, 7, 4, '2018-06-08 11:48:21', ''),
(1367, 50, 7, 7, 7, '2018-06-22 09:20:21', ''),
(1368, 50, 8, 7, 8, '2018-06-07 15:12:49', ''),
(1369, 50, 9, 7, 9, '2018-06-07 11:13:37', ''),
(1370, 50, 10, 7, 10, '2018-06-07 11:50:18', ''),
(1371, 50, 11, 7, 11, '2018-06-08 14:41:20', ''),
(1372, 50, 12, 7, 12, '2018-06-06 13:50:00', ''),
(1373, 50, 13, 7, 13, '2018-06-06 12:18:58', ''),
(1374, 50, 14, 7, 14, '2018-06-08 08:47:23', ''),
(1375, 50, 15, 7, 15, '2018-06-07 10:21:41', ''),
(1376, 50, 16, 7, 16, '2018-06-04 15:12:44', ''),
(1377, 50, 17, 7, 17, '2018-06-26 15:36:36', ''),
(1378, 50, 18, 7, 18, '2018-06-29 09:33:57', ''),
(1379, 50, 19, 7, 19, '2018-06-06 14:46:03', ''),
(1380, 50, 20, 7, 20, '2018-06-07 12:09:06', ''),
(1381, 50, 6, 7, 6, '2018-06-05 14:45:11', ''),
(1382, 50, 31, 7, 31, '2018-06-25 14:53:57', ''),
(1383, 50, 33, 7, 33, '2018-06-21 15:58:31', ''),
(1384, 50, 34, 7, 34, '2018-06-25 13:21:08', ''),
(1385, 50, 40, 7, 40, '2018-06-09 07:03:37', ''),
(1386, 50, 35, 7, 35, '2018-06-07 13:33:47', ''),
(1387, 50, 36, 7, 36, '2018-06-09 12:58:41', ''),
(1388, 50, 37, 7, 37, '2018-06-09 13:22:33', ''),
(1389, 50, 38, 7, 38, '2018-06-05 12:40:58', ''),
(1390, 50, 39, 7, 39, '2018-06-21 16:11:42', ''),
(1391, 50, 5, 7, 5, '2018-06-07 11:59:09', ''),
(1392, 50, 30, 7, 30, '2018-06-06 14:49:58', ''),
(1393, 50, 32, 7, 32, '2018-06-05 12:15:38', ''),
(1394, 51, 21, 7, 21, '2018-07-12 17:31:37', ''),
(1395, 51, 22, 7, 22, '2018-07-06 14:09:48', ''),
(1396, 51, 23, 7, 23, '2018-07-09 09:32:14', ''),
(1397, 51, 24, 7, 24, '2018-07-05 13:07:25', ''),
(1398, 51, 25, 7, 25, '2018-07-09 09:39:40', ''),
(1399, 51, 26, 7, 26, '2018-07-11 17:50:57', ''),
(1400, 51, 27, 7, 27, '2018-07-12 16:43:38', ''),
(1401, 51, 28, 7, 28, '2018-07-06 11:18:58', ''),
(1402, 51, 29, 7, 29, '2018-07-13 11:12:55', ''),
(1403, 51, 1, 7, 1, '2018-07-06 11:11:22', ''),
(1404, 51, 2, 7, 2, '2018-07-06 10:02:22', ''),
(1405, 51, 3, 7, 3, '2018-07-09 11:22:10', ''),
(1406, 51, 4, 7, 4, '2018-07-05 08:00:09', ''),
(1407, 51, 7, 7, 7, '2018-07-13 10:22:47', ''),
(1408, 51, 8, 7, 8, '2018-07-06 12:43:23', ''),
(1409, 51, 9, 7, 9, '2018-07-09 14:07:41', ''),
(1410, 51, 10, 7, 10, '2018-07-12 14:59:21', ''),
(1411, 51, 11, 7, 11, '2018-07-13 09:36:29', ''),
(1412, 51, 12, 7, 12, '2018-07-13 09:03:54', ''),
(1413, 51, 13, 7, 13, '2018-07-11 08:06:03', ''),
(1414, 51, 14, 7, 14, '2018-07-05 17:52:24', ''),
(1415, 51, 15, 7, 15, '2018-07-12 12:25:20', ''),
(1416, 51, 16, 7, 16, '2018-07-13 10:58:11', ''),
(1417, 51, 17, 7, 17, '2018-07-12 08:39:51', ''),
(1418, 51, 18, 7, 18, '2018-07-05 14:36:39', ''),
(1419, 51, 19, 7, 19, '2018-07-03 10:46:42', ''),
(1420, 51, 20, 7, 20, '2018-07-13 10:58:01', ''),
(1421, 51, 6, 7, 6, '2018-07-12 12:50:39', ''),
(1422, 51, 31, 7, 31, '2018-07-13 09:11:08', ''),
(1423, 51, 33, 7, 33, '2018-07-07 08:16:35', ''),
(1424, 51, 34, 7, 34, '2018-07-12 15:39:01', ''),
(1425, 51, 40, 7, 40, '2018-07-12 21:43:37', ''),
(1426, 51, 35, 7, 35, '2018-07-05 11:35:02', ''),
(1427, 51, 36, 7, 36, '2018-07-12 16:14:49', ''),
(1428, 51, 37, 7, 37, '2018-07-04 16:54:28', ''),
(1429, 51, 38, 7, 38, '2018-07-11 14:52:44', ''),
(1430, 51, 39, 7, 39, '2018-07-03 08:36:05', ''),
(1431, 51, 5, 7, 5, '2018-07-06 11:25:23', ''),
(1432, 51, 30, 7, 30, '2018-07-12 15:52:36', ''),
(1433, 51, 32, 7, 32, '2018-07-03 17:04:07', ''),
(1434, 52, 21, 7, 21, '2018-07-04 11:00:57', ''),
(1435, 52, 22, 7, 22, '2018-07-06 14:10:56', ''),
(1436, 52, 23, 1, NULL, NULL, ''),
(1437, 52, 24, 7, 24, '2018-07-05 13:05:59', ''),
(1438, 52, 25, 1, NULL, NULL, ''),
(1439, 52, 26, 7, 26, '2018-07-06 09:02:21', ''),
(1440, 52, 27, 5, 27, '2018-07-12 16:43:04', ''),
(1441, 52, 28, 7, 28, '2018-07-06 11:20:11', ''),
(1442, 52, 29, 5, 29, '2018-07-13 11:13:31', ''),
(1443, 52, 1, 1, NULL, NULL, ''),
(1444, 52, 2, 1, NULL, NULL, ''),
(1445, 52, 3, 7, 3, '2018-07-10 09:20:41', ''),
(1446, 52, 4, 7, 4, '2018-07-05 08:35:07', ''),
(1447, 52, 7, 7, 7, '2018-07-03 13:32:15', ''),
(1448, 52, 8, 7, 8, '2018-07-06 12:45:04', ''),
(1449, 52, 9, 7, 9, '2018-07-09 14:08:23', ''),
(1450, 52, 10, 7, 10, '2018-07-09 16:13:47', ''),
(1451, 52, 11, 7, 11, '2018-07-06 13:35:44', ''),
(1452, 52, 12, 5, 12, '2018-07-13 09:05:39', ''),
(1453, 52, 13, 7, 13, '2018-07-05 15:52:23', ''),
(1454, 52, 14, 7, 14, '2018-07-05 17:48:33', ''),
(1455, 52, 15, 1, NULL, NULL, ''),
(1456, 52, 16, 5, 16, '2018-07-13 11:03:30', ''),
(1457, 52, 17, 1, NULL, NULL, ''),
(1458, 52, 18, 7, 18, '2018-07-05 14:35:43', ''),
(1459, 52, 19, 7, 19, '2018-07-03 10:48:26', ''),
(1460, 52, 20, 5, 20, '2018-07-13 10:57:06', ''),
(1461, 52, 6, 5, 6, '2018-07-12 12:48:24', ''),
(1462, 52, 31, 5, 31, '2018-07-13 09:09:57', ''),
(1463, 52, 33, 1, NULL, NULL, ''),
(1464, 52, 34, 2, 34, '2018-07-12 15:35:50', ''),
(1465, 52, 40, 5, 40, '2018-07-12 21:45:21', ''),
(1466, 52, 35, 7, 35, '2018-07-05 11:28:05', ''),
(1467, 52, 36, 1, NULL, NULL, ''),
(1468, 52, 37, 7, 37, '2018-07-04 16:53:53', ''),
(1469, 52, 38, 7, 38, '2018-07-11 14:51:30', ''),
(1470, 52, 39, 7, 39, '2018-07-03 08:37:13', ''),
(1471, 52, 5, 7, 5, '2018-07-05 15:32:59', ''),
(1472, 52, 30, 1, NULL, NULL, ''),
(1473, 52, 32, 7, 32, '2018-07-03 17:03:14', ''),
(1474, 53, 1, 7, 1, '2018-07-09 11:18:06', ''),
(1475, 53, 2, 7, 2, '2018-07-10 12:33:16', ''),
(1476, 53, 3, 7, 3, '2018-07-05 15:01:53', ''),
(1477, 53, 12, 7, 12, '2018-07-11 09:18:39', ''),
(1478, 53, 11, 7, 11, '2018-07-05 10:43:10', ''),
(1479, 53, 9, 1, NULL, NULL, ''),
(1480, 53, 10, 7, 10, '2018-07-06 18:12:57', ''),
(1481, 54, 21, 2, 21, '2018-08-03 08:00:16', ''),
(1482, 54, 22, 2, 22, '2018-08-02 16:38:45', ''),
(1483, 54, 23, 2, 23, '2018-08-14 15:24:13', ''),
(1484, 54, 24, 2, 24, '2018-08-08 10:04:38', ''),
(1485, 54, 25, 2, 25, '2018-08-13 10:08:00', ''),
(1486, 54, 26, 2, 26, '2018-08-09 16:25:12', ''),
(1487, 54, 27, 2, 27, '2018-08-08 12:32:59', ''),
(1488, 54, 28, 1, NULL, NULL, ''),
(1489, 54, 29, 2, 29, '2018-08-09 16:25:39', ''),
(1490, 54, 1, 2, 1, '2018-08-14 10:30:26', ''),
(1491, 54, 2, 1, NULL, NULL, ''),
(1492, 54, 3, 1, NULL, NULL, ''),
(1493, 54, 4, 2, 4, '2018-10-10 16:47:47', ''),
(1494, 54, 7, 2, 7, '2018-08-10 11:05:17', ''),
(1495, 54, 8, 2, 8, '2018-08-10 10:51:47', ''),
(1496, 54, 9, 2, 9, '2018-08-13 10:19:11', ''),
(1497, 54, 10, 2, 10, '2018-08-08 14:55:48', ''),
(1498, 54, 11, 2, 11, '2018-08-07 09:22:11', ''),
(1499, 54, 12, 2, 12, '2018-08-08 10:53:01', ''),
(1500, 54, 13, 2, 13, '2018-08-13 08:48:55', ''),
(1501, 54, 14, 2, 14, '2018-08-10 10:08:23', ''),
(1502, 54, 15, 1, NULL, NULL, ''),
(1503, 54, 16, 2, 16, '2018-08-03 11:34:37', ''),
(1504, 54, 17, 1, NULL, NULL, ''),
(1505, 54, 18, 2, 18, '2018-08-09 15:33:22', ''),
(1506, 54, 19, 2, 19, '2018-08-07 14:54:46', ''),
(1507, 54, 20, 2, 20, '2018-08-08 12:26:11', ''),
(1508, 54, 6, 2, 6, '2018-08-06 16:11:08', ''),
(1509, 54, 31, 2, 31, '2018-08-10 09:47:17', ''),
(1510, 54, 33, 1, NULL, NULL, ''),
(1511, 54, 34, 2, 34, '2018-08-13 16:20:28', ''),
(1512, 54, 40, 2, 40, '2018-08-07 09:47:06', ''),
(1513, 54, 35, 2, 35, '2018-08-09 09:19:36', ''),
(1514, 54, 36, 1, NULL, NULL, ''),
(1515, 54, 37, 2, 37, '2018-08-09 08:58:46', ''),
(1516, 54, 38, 2, 38, '2018-08-09 09:31:02', ''),
(1517, 54, 39, 2, 39, '2018-08-13 09:51:25', ''),
(1518, 54, 5, 2, 5, '2018-08-10 11:02:35', ''),
(1519, 54, 30, 1, NULL, NULL, ''),
(1520, 54, 32, 2, 32, '2018-08-02 13:16:51', ''),
(1521, 55, 21, 7, 21, '2018-08-03 07:58:17', ''),
(1522, 55, 22, 7, 22, '2018-08-02 16:37:32', ''),
(1523, 55, 23, 7, 23, '2018-08-14 15:23:05', ''),
(1524, 55, 24, 7, 24, '2018-08-08 10:03:15', ''),
(1525, 55, 25, 7, 25, '2018-08-13 09:53:09', ''),
(1526, 55, 26, 7, 26, '2018-08-09 16:33:25', ''),
(1527, 55, 27, 7, 27, '2018-08-08 12:33:35', ''),
(1528, 55, 28, 1, NULL, NULL, ''),
(1529, 55, 29, 7, 29, '2018-08-09 16:24:53', ''),
(1530, 55, 1, 7, 1, '2018-08-10 14:45:01', ''),
(1531, 55, 2, 7, 2, '2018-08-10 12:17:40', ''),
(1532, 55, 3, 7, 3, '2018-08-10 11:06:55', ''),
(1533, 55, 4, 7, 4, '2018-08-08 16:40:05', ''),
(1534, 55, 7, 7, 7, '2018-08-10 10:26:58', ''),
(1535, 55, 8, 7, 8, '2018-08-10 10:50:08', ''),
(1536, 55, 9, 5, 9, '2018-08-15 09:12:23', 'mohon BL nya juga diupload'),
(1537, 55, 10, 7, 10, '2018-08-06 15:57:28', ''),
(1538, 55, 11, 7, 11, '2018-08-07 09:21:12', ''),
(1539, 55, 12, 7, 12, '2018-08-08 10:51:54', ''),
(1540, 55, 13, 7, 13, '2018-08-09 09:56:57', ''),
(1541, 55, 14, 7, 14, '2018-08-10 11:59:33', ''),
(1542, 55, 15, 7, 15, '2018-08-09 20:27:53', ''),
(1543, 55, 16, 7, 16, '2018-08-03 11:29:57', ''),
(1544, 55, 17, 7, 17, '2018-08-13 11:04:24', ''),
(1545, 55, 18, 7, 18, '2018-08-09 15:32:16', ''),
(1546, 55, 19, 7, 19, '2018-08-07 14:55:35', ''),
(1547, 55, 20, 7, 20, '2018-08-08 12:24:07', ''),
(1548, 55, 6, 7, 6, '2018-08-06 16:09:17', ''),
(1549, 55, 31, 7, 31, '2018-08-10 09:45:59', ''),
(1550, 55, 33, 7, 33, '2018-08-08 10:30:57', ''),
(1551, 55, 34, 7, 34, '2018-08-13 16:08:29', ''),
(1552, 55, 40, 7, 40, '2018-08-07 09:29:48', ''),
(1553, 55, 35, 7, 35, '2018-08-09 09:21:17', ''),
(1554, 55, 36, 7, 36, '2018-08-10 09:03:57', ''),
(1555, 55, 37, 7, 37, '2018-08-09 08:58:00', ''),
(1556, 55, 38, 7, 38, '2018-08-09 09:28:05', ''),
(1557, 55, 39, 7, 39, '2018-08-13 09:50:50', ''),
(1558, 55, 5, 7, 5, '2018-08-10 10:23:06', ''),
(1559, 55, 30, 7, 30, '2018-08-06 12:23:26', ''),
(1560, 55, 32, 7, 32, '2018-08-02 13:14:50', ''),
(1561, 56, 21, 2, 21, '2018-09-05 18:33:51', ''),
(1562, 56, 22, 2, 22, '2018-09-07 11:08:05', ''),
(1563, 56, 23, 2, 23, '2018-09-05 14:53:13', ''),
(1564, 56, 24, 2, 24, '2018-09-06 14:33:16', ''),
(1565, 56, 25, 2, 25, '2018-09-05 15:43:58', ''),
(1566, 56, 26, 2, 26, '2018-09-10 10:15:41', ''),
(1567, 56, 27, 2, 27, '2018-09-10 10:25:22', ''),
(1568, 56, 28, 1, NULL, NULL, ''),
(1569, 56, 29, 2, 29, '2018-09-06 09:33:09', ''),
(1570, 56, 1, 2, 1, '2018-09-10 15:39:05', ''),
(1571, 56, 2, 1, NULL, NULL, ''),
(1572, 56, 3, 1, NULL, NULL, ''),
(1573, 56, 4, 2, 4, '2018-09-07 19:31:52', ''),
(1574, 56, 7, 2, 7, '2018-09-07 10:11:08', ''),
(1575, 56, 8, 2, 8, '2018-09-06 16:17:52', ''),
(1576, 56, 9, 2, 9, '2018-09-06 16:22:25', ''),
(1577, 56, 10, 2, 10, '2018-09-18 11:14:27', ''),
(1578, 56, 11, 2, 11, '2018-09-07 09:30:45', ''),
(1579, 56, 12, 2, 12, '2018-09-06 12:55:57', ''),
(1580, 56, 13, 2, 13, '2018-09-06 12:56:47', ''),
(1581, 56, 14, 2, 14, '2018-09-07 15:31:55', ''),
(1582, 56, 15, 1, NULL, NULL, ''),
(1583, 56, 16, 2, 16, '2018-09-05 14:57:10', ''),
(1584, 56, 17, 1, NULL, NULL, ''),
(1585, 56, 18, 2, 18, '2018-09-10 14:55:05', ''),
(1586, 56, 19, 2, 19, '2018-09-03 15:24:41', ''),
(1587, 56, 20, 2, 20, '2018-09-10 10:25:44', ''),
(1588, 56, 6, 2, 6, '2018-09-06 16:29:04', ''),
(1589, 56, 31, 2, 31, '2018-09-10 13:56:52', ''),
(1590, 56, 33, 1, NULL, NULL, ''),
(1591, 56, 34, 2, 34, '2018-09-08 15:04:42', ''),
(1592, 56, 40, 2, 40, '2018-09-07 10:12:41', ''),
(1593, 56, 35, 2, 35, '2018-09-04 09:40:53', ''),
(1594, 56, 36, 1, NULL, NULL, ''),
(1595, 56, 37, 2, 37, '2018-09-05 15:27:23', ''),
(1596, 56, 38, 2, 38, '2018-09-04 13:49:23', ''),
(1597, 56, 39, 2, 39, '2018-09-07 09:35:08', ''),
(1598, 56, 5, 1, NULL, NULL, ''),
(1599, 56, 30, 1, NULL, NULL, ''),
(1600, 56, 32, 2, 32, '2018-09-03 16:13:16', ''),
(1601, 57, 21, 7, 21, '2018-09-05 18:31:39', ''),
(1602, 57, 22, 7, 22, '2018-09-07 11:05:36', ''),
(1603, 57, 23, 7, 23, '2018-09-05 14:50:37', ''),
(1604, 57, 24, 7, 24, '2018-09-06 14:31:07', ''),
(1605, 57, 25, 7, 25, '2018-09-05 15:42:15', ''),
(1606, 57, 26, 7, 26, '2018-09-10 10:18:14', ''),
(1607, 57, 27, 7, 27, '2018-09-10 10:23:20', ''),
(1608, 57, 28, 1, NULL, NULL, ''),
(1609, 57, 29, 7, 29, '2018-09-06 09:34:07', ''),
(1610, 57, 1, 7, 1, '2018-09-10 11:17:59', ''),
(1611, 57, 2, 7, 2, '2018-09-10 16:18:39', ''),
(1612, 57, 3, 2, 3, '2018-09-10 12:22:18', ''),
(1613, 57, 4, 7, 4, '2018-09-07 12:00:28', ''),
(1614, 57, 7, 7, 7, '2018-09-07 08:46:19', ''),
(1615, 57, 8, 7, 8, '2018-09-06 15:57:54', ''),
(1616, 57, 9, 7, 9, '2018-09-06 16:19:24', ''),
(1617, 57, 10, 7, 10, '2018-09-10 09:18:36', ''),
(1618, 57, 11, 7, 11, '2018-09-07 09:16:42', ''),
(1619, 57, 12, 7, 12, '2018-09-06 12:50:28', ''),
(1620, 57, 13, 7, 13, '2018-09-06 12:53:58', ''),
(1621, 57, 14, 7, 14, '2018-09-07 15:54:38', ''),
(1622, 57, 15, 7, 15, '2018-09-05 21:36:38', ''),
(1623, 57, 16, 7, 16, '2018-09-05 14:44:40', ''),
(1624, 57, 17, 7, 17, '2018-09-06 10:09:30', ''),
(1625, 57, 18, 7, 18, '2018-09-10 14:51:20', ''),
(1626, 57, 19, 7, 19, '2018-09-03 15:20:06', ''),
(1627, 57, 20, 7, 20, '2018-09-10 10:06:10', ''),
(1628, 57, 6, 7, 6, '2018-09-06 16:12:41', ''),
(1629, 57, 31, 7, 31, '2018-09-10 13:53:14', ''),
(1630, 57, 33, 7, 33, '2018-09-06 15:08:47', ''),
(1631, 57, 34, 7, 34, '2018-09-08 15:01:35', ''),
(1632, 57, 40, 7, 40, '2018-09-07 09:57:45', ''),
(1633, 57, 35, 7, 35, '2018-09-04 09:37:14', ''),
(1634, 57, 36, 7, 36, '2018-09-10 09:42:01', ''),
(1635, 57, 37, 7, 37, '2018-09-10 17:05:03', ''),
(1636, 57, 38, 7, 38, '2018-09-04 13:46:47', ''),
(1637, 57, 39, 7, 39, '2018-09-07 09:33:31', ''),
(1638, 57, 5, 7, 5, '2018-09-10 16:24:32', ''),
(1639, 57, 30, 7, 30, '2018-09-07 09:53:32', ''),
(1640, 57, 32, 7, 32, '2018-09-03 16:08:27', ''),
(1641, 58, 1, 1, NULL, NULL, ''),
(1642, 58, 2, 2, 2, '2018-10-08 15:24:44', ''),
(1643, 58, 3, 7, 3, '2018-10-03 08:40:53', ''),
(1644, 58, 12, 2, 12, '2018-10-05 11:11:47', ''),
(1645, 58, 9, 1, NULL, NULL, ''),
(1646, 58, 11, 7, 11, '2018-10-03 11:24:21', ''),
(1647, 58, 10, 1, NULL, NULL, ''),
(1648, 59, 21, 2, 21, '2018-10-04 13:19:06', ''),
(1649, 59, 22, 2, 22, '2018-10-09 17:10:19', ''),
(1650, 59, 23, 2, 23, '2018-10-09 16:31:18', ''),
(1651, 59, 24, 2, 24, '2018-10-04 14:16:08', ''),
(1652, 59, 25, 2, 25, '2018-10-12 08:33:03', ''),
(1653, 59, 26, 2, 26, '2018-10-09 14:39:36', ''),
(1654, 59, 27, 2, 27, '2018-10-09 08:30:54', ''),
(1655, 59, 28, 1, NULL, NULL, ''),
(1656, 59, 29, 2, 29, '2018-10-02 14:28:33', ''),
(1657, 59, 1, 1, NULL, NULL, ''),
(1658, 59, 2, 1, NULL, NULL, ''),
(1659, 59, 3, 1, NULL, NULL, ''),
(1660, 59, 4, 2, 4, '2018-10-10 19:32:09', ''),
(1661, 59, 7, 2, 7, '2018-10-08 17:04:11', ''),
(1662, 59, 8, 2, 8, '2018-10-09 11:06:01', ''),
(1663, 59, 9, 2, 9, '2018-10-15 14:38:30', ''),
(1664, 59, 10, 2, 10, '2018-10-09 21:21:27', ''),
(1665, 59, 11, 2, 11, '2018-10-08 08:31:15', ''),
(1666, 59, 12, 2, 12, '2018-10-09 11:20:18', ''),
(1667, 59, 13, 2, 13, '2018-10-09 15:53:38', ''),
(1668, 59, 14, 2, 14, '2018-10-09 15:57:28', ''),
(1669, 59, 15, 1, NULL, NULL, ''),
(1670, 59, 16, 7, 16, '2018-10-08 09:19:19', ''),
(1671, 59, 17, 1, NULL, NULL, ''),
(1672, 59, 18, 2, 18, '2018-10-11 09:08:09', ''),
(1673, 59, 19, 2, 19, '2018-10-02 09:08:28', ''),
(1674, 59, 20, 2, 20, '2018-10-10 09:24:46', ''),
(1675, 59, 6, 2, 6, '2018-10-11 10:30:12', ''),
(1676, 59, 31, 2, 31, '2018-10-10 14:50:56', ''),
(1677, 59, 33, 1, NULL, NULL, ''),
(1678, 59, 34, 2, 34, '2018-10-04 15:51:04', ''),
(1679, 59, 40, 2, 40, '2018-10-08 13:44:30', ''),
(1680, 59, 35, 2, 35, '2018-10-10 08:43:21', ''),
(1681, 59, 36, 1, NULL, NULL, ''),
(1682, 59, 37, 2, 37, '2018-10-10 17:19:52', ''),
(1683, 59, 38, 2, 38, '2018-10-05 08:05:29', ''),
(1684, 59, 39, 2, 39, '2018-10-07 17:01:15', ''),
(1685, 59, 5, 2, 5, '2018-10-08 16:50:24', ''),
(1686, 59, 30, 1, NULL, NULL, ''),
(1687, 59, 32, 2, 32, '2018-10-03 09:43:37', ''),
(1688, 60, 21, 7, 21, '2018-10-03 15:05:21', ''),
(1689, 60, 22, 7, 22, '2018-10-09 17:08:49', ''),
(1690, 60, 23, 7, 23, '2018-10-09 16:29:39', ''),
(1691, 60, 24, 7, 24, '2018-10-04 14:14:19', ''),
(1692, 60, 25, 2, 25, '2018-10-12 08:31:50', ''),
(1693, 60, 26, 7, 26, '2018-10-09 14:34:39', ''),
(1694, 60, 27, 7, 27, '2018-10-09 08:31:24', ''),
(1695, 60, 28, 1, NULL, NULL, ''),
(1696, 60, 29, 7, 29, '2018-10-02 14:30:03', ''),
(1697, 60, 1, 7, 1, '2018-10-10 11:33:44', ''),
(1698, 60, 2, 7, 2, '2018-10-10 08:54:29', ''),
(1699, 60, 3, 7, 3, '2018-10-10 12:25:00', ''),
(1700, 60, 4, 7, 4, '2018-10-10 15:57:50', ''),
(1701, 60, 7, 7, 7, '2018-10-08 17:00:42', ''),
(1702, 60, 8, 7, 8, '2018-10-09 11:03:14', ''),
(1703, 60, 9, 2, 9, '2018-10-15 14:36:54', ''),
(1704, 60, 10, 7, 10, '2018-10-09 13:31:14', ''),
(1705, 60, 11, 7, 11, '2018-10-08 08:29:13', ''),
(1706, 60, 12, 7, 12, '2018-10-09 11:19:31', ''),
(1707, 60, 13, 7, 13, '2018-10-09 15:48:23', ''),
(1708, 60, 14, 7, 14, '2018-10-09 15:52:30', ''),
(1709, 60, 15, 7, 15, '2018-10-09 12:52:13', ''),
(1710, 60, 16, 7, 16, '2018-10-05 09:27:12', ''),
(1711, 60, 17, 7, 17, '2018-10-10 08:25:07', ''),
(1712, 60, 18, 7, 18, '2018-10-11 09:03:15', ''),
(1713, 60, 19, 7, 19, '2018-10-02 08:56:20', ''),
(1714, 60, 20, 7, 20, '2018-10-10 09:14:28', ''),
(1715, 60, 6, 7, 6, '2018-10-11 10:28:52', ''),
(1716, 60, 31, 7, 31, '2018-10-10 14:48:58', ''),
(1717, 60, 33, 7, 33, '2018-10-09 15:43:56', ''),
(1718, 60, 34, 7, 34, '2018-10-04 15:42:52', ''),
(1719, 60, 40, 7, 40, '2018-10-08 15:00:29', ''),
(1720, 60, 35, 7, 35, '2018-10-10 08:43:57', ''),
(1721, 60, 36, 7, 36, '2018-10-10 09:15:38', ''),
(1722, 60, 37, 7, 37, '2018-10-10 17:18:55', ''),
(1723, 60, 38, 7, 38, '2018-10-05 07:56:25', ''),
(1724, 60, 39, 7, 39, '2018-10-07 16:58:58', ''),
(1725, 60, 5, 7, 5, '2018-10-08 17:00:13', ''),
(1726, 60, 30, 7, 30, '2018-10-04 10:02:08', ''),
(1727, 60, 32, 7, 32, '2018-10-03 09:42:26', ''),
(1728, 61, 21, 2, 21, '2018-11-06 08:12:40', ''),
(1729, 61, 22, 2, 22, '2018-11-09 08:55:09', ''),
(1730, 61, 23, 2, 23, '2018-11-08 17:06:57', ''),
(1731, 61, 24, 2, 24, '2018-11-08 17:58:39', ''),
(1732, 61, 25, 1, NULL, NULL, ''),
(1733, 61, 26, 2, 26, '2018-11-08 11:02:07', ''),
(1734, 61, 27, 2, 27, '2018-11-09 11:02:01', ''),
(1735, 61, 28, 1, NULL, NULL, ''),
(1736, 61, 29, 2, 29, '2018-11-05 10:03:49', ''),
(1737, 61, 1, 1, NULL, NULL, ''),
(1738, 61, 2, 1, NULL, NULL, ''),
(1739, 61, 3, 1, NULL, NULL, ''),
(1740, 61, 4, 2, 4, '2018-11-13 10:20:36', ''),
(1741, 61, 7, 2, 7, '2018-11-10 10:21:29', ''),
(1742, 61, 8, 1, NULL, NULL, ''),
(1743, 61, 9, 1, NULL, NULL, ''),
(1744, 61, 10, 2, 10, '2018-11-09 22:46:19', ''),
(1745, 61, 11, 2, 11, '2018-11-10 11:19:49', ''),
(1746, 61, 12, 2, 12, '2018-11-08 18:40:41', ''),
(1747, 61, 13, 1, NULL, NULL, ''),
(1748, 61, 14, 1, NULL, NULL, ''),
(1749, 61, 15, 1, NULL, NULL, ''),
(1750, 61, 16, 2, 16, '2018-11-09 13:09:56', ''),
(1751, 61, 17, 1, NULL, NULL, ''),
(1752, 61, 18, 1, NULL, NULL, ''),
(1753, 61, 19, 2, 19, '2018-11-07 10:35:08', ''),
(1754, 61, 20, 2, 20, '2018-11-08 11:06:36', ''),
(1755, 61, 6, 1, NULL, NULL, ''),
(1756, 61, 31, 1, NULL, NULL, ''),
(1757, 61, 33, 1, NULL, NULL, ''),
(1758, 61, 34, 2, 34, '2018-11-09 16:05:21', ''),
(1759, 61, 40, 2, 40, '2018-11-10 17:57:15', ''),
(1760, 61, 35, 2, 35, '2018-11-09 18:01:55', ''),
(1761, 61, 36, 1, NULL, NULL, ''),
(1762, 61, 37, 2, 37, '2018-11-08 17:40:42', ''),
(1763, 61, 38, 2, 38, '2018-11-08 14:33:00', ''),
(1764, 61, 39, 1, NULL, NULL, ''),
(1765, 61, 5, 2, 5, '2018-11-09 12:58:45', ''),
(1766, 61, 30, 1, NULL, NULL, ''),
(1767, 61, 32, 2, 32, '2018-11-08 16:46:51', ''),
(1768, 62, 21, 7, 21, '2018-11-06 08:10:26', ''),
(1769, 62, 22, 7, 22, '2018-11-09 08:54:23', ''),
(1770, 62, 23, 7, 23, '2018-11-08 17:06:18', ''),
(1771, 62, 24, 7, 24, '2018-11-08 17:57:19', ''),
(1772, 62, 25, 1, NULL, NULL, ''),
(1773, 62, 26, 7, 26, '2018-11-08 11:18:37', ''),
(1774, 62, 27, 7, 27, '2018-11-09 11:01:21', ''),
(1775, 62, 28, 1, NULL, NULL, ''),
(1776, 62, 29, 7, 29, '2018-11-05 10:04:31', ''),
(1777, 62, 1, 7, 1, '2018-11-13 09:51:49', ''),
(1778, 62, 2, 7, 2, '2018-11-12 11:41:27', ''),
(1779, 62, 3, 7, 3, '2018-11-12 10:58:46', ''),
(1780, 62, 4, 7, 4, '2018-11-13 08:55:00', ''),
(1781, 62, 7, 7, 7, '2018-11-08 17:09:21', ''),
(1782, 62, 8, 7, 8, '2018-11-12 15:24:55', ''),
(1783, 62, 9, 1, NULL, NULL, ''),
(1784, 62, 10, 7, 10, '2018-11-13 09:52:33', ''),
(1785, 62, 11, 7, 11, '2018-11-10 11:34:20', ''),
(1786, 62, 12, 7, 12, '2018-11-08 18:39:23', ''),
(1787, 62, 13, 7, 13, '2018-11-12 15:21:16', ''),
(1788, 62, 14, 1, NULL, NULL, ''),
(1789, 62, 15, 7, 15, '2018-11-08 16:34:14', ''),
(1790, 62, 16, 7, 16, '2018-11-09 13:05:17', ''),
(1791, 62, 17, 7, 17, '2018-11-08 16:18:49', ''),
(1792, 62, 18, 1, NULL, NULL, ''),
(1793, 62, 19, 7, 19, '2018-11-07 10:32:36', ''),
(1794, 62, 20, 7, 20, '2018-11-08 11:05:11', ''),
(1795, 62, 6, 7, 6, '2018-11-08 17:01:50', ''),
(1796, 62, 31, 7, 31, '2018-11-08 16:16:13', ''),
(1797, 62, 33, 7, 33, '2018-11-08 10:50:40', ''),
(1798, 62, 34, 7, 34, '2018-11-09 16:04:31', ''),
(1799, 62, 40, 7, 40, '2018-11-10 17:50:52', ''),
(1800, 62, 35, 7, 35, '2018-11-09 17:58:50', ''),
(1801, 62, 36, 7, 36, '2018-11-08 16:10:51', ''),
(1802, 62, 37, 7, 37, '2018-11-08 17:39:42', ''),
(1803, 62, 38, 7, 38, '2018-11-08 14:32:18', ''),
(1804, 62, 39, 7, 39, '2018-11-08 16:34:34', ''),
(1805, 62, 5, 7, 5, '2018-11-09 12:54:22', ''),
(1806, 62, 30, 7, 30, '2018-11-08 16:15:31', ''),
(1807, 62, 32, 7, 32, '2018-11-08 16:45:44', ''),
(1808, 63, 21, 7, 21, '2018-12-05 10:40:40', ''),
(1809, 63, 22, 2, 22, '2018-12-10 16:48:36', ''),
(1810, 63, 23, 7, 23, '2018-12-05 08:17:32', ''),
(1811, 63, 24, 7, 24, '2018-12-03 17:01:54', ''),
(1812, 63, 25, 1, NULL, NULL, ''),
(1813, 63, 26, 7, 26, '2018-12-06 16:55:45', ''),
(1814, 63, 27, 7, 27, '2018-12-10 12:27:45', ''),
(1815, 63, 28, 7, 28, '2018-12-10 15:11:53', ''),
(1816, 63, 29, 7, 29, '2018-12-03 16:38:19', ''),
(1817, 63, 1, 1, NULL, NULL, ''),
(1818, 63, 2, 1, NULL, NULL, ''),
(1819, 63, 3, 1, NULL, NULL, ''),
(1820, 63, 4, 1, NULL, NULL, ''),
(1821, 63, 7, 2, 7, '2018-12-10 16:03:34', ''),
(1822, 63, 8, 7, 8, '2018-12-06 10:50:50', ''),
(1823, 63, 9, 1, NULL, NULL, ''),
(1824, 63, 10, 2, 10, '2018-12-10 16:41:07', ''),
(1825, 63, 11, 7, 11, '2018-12-07 10:55:04', ''),
(1826, 63, 12, 2, 12, '2018-12-10 21:02:25', ''),
(1827, 63, 13, 1, NULL, NULL, ''),
(1828, 63, 14, 1, NULL, NULL, ''),
(1829, 63, 15, 1, NULL, NULL, ''),
(1830, 63, 16, 2, 16, '2018-12-10 17:00:41', ''),
(1831, 63, 17, 1, NULL, NULL, ''),
(1832, 63, 18, 1, NULL, NULL, ''),
(1833, 63, 19, 7, 19, '2018-12-07 09:53:59', ''),
(1834, 63, 20, 2, 20, '2018-12-11 11:43:14', ''),
(1835, 63, 6, 7, 6, '2018-12-10 15:45:23', ''),
(1836, 63, 31, 1, NULL, NULL, ''),
(1837, 63, 33, 1, NULL, NULL, ''),
(1838, 63, 34, 7, 34, '2018-12-10 13:05:20', ''),
(1839, 63, 40, 2, 40, '2018-12-10 20:54:24', ''),
(1840, 63, 35, 7, 35, '2018-12-07 10:02:14', ''),
(1841, 63, 36, 2, 36, '2018-12-10 21:59:05', ''),
(1842, 63, 37, 7, 37, '2018-12-10 13:01:59', ''),
(1843, 63, 38, 7, 38, '2018-12-10 11:16:13', ''),
(1844, 63, 39, 1, NULL, NULL, ''),
(1845, 63, 5, 7, 5, '2018-12-07 10:44:37', ''),
(1846, 63, 30, 1, NULL, NULL, ''),
(1847, 63, 32, 7, 32, '2018-12-05 12:12:24', ''),
(1848, 64, 21, 7, 21, '2018-12-05 10:39:13', ''),
(1849, 64, 22, 7, 22, '2018-12-10 16:47:29', ''),
(1850, 64, 23, 7, 23, '2018-12-05 08:15:54', ''),
(1851, 64, 24, 7, 24, '2018-12-03 17:00:26', ''),
(1852, 64, 25, 1, NULL, NULL, ''),
(1853, 64, 26, 7, 26, '2018-12-10 14:43:25', ''),
(1854, 64, 27, 7, 27, '2018-12-10 12:28:10', ''),
(1855, 64, 28, 7, 28, '2018-12-10 15:10:45', ''),
(1856, 64, 29, 7, 29, '2018-12-03 16:38:53', ''),
(1857, 64, 1, 7, 1, '2018-12-10 16:39:14', ''),
(1858, 64, 2, 7, 2, '2018-12-10 17:51:31', ''),
(1859, 64, 3, 7, 3, '2018-12-11 10:08:06', ''),
(1860, 64, 4, 7, 4, '2018-12-12 16:31:49', ''),
(1861, 64, 7, 7, 7, '2018-12-10 15:59:55', ''),
(1862, 64, 8, 7, 8, '2018-12-07 08:11:32', ''),
(1863, 64, 9, 7, 9, '2018-12-12 16:01:19', ''),
(1864, 64, 10, 7, 10, '2018-12-10 16:20:45', ''),
(1865, 64, 11, 7, 11, '2018-12-07 11:07:11', ''),
(1866, 64, 12, 7, 12, '2018-12-07 13:14:04', ''),
(1867, 64, 13, 7, 13, '2018-12-03 09:16:53', ''),
(1868, 64, 14, 1, NULL, NULL, ''),
(1869, 64, 15, 7, 15, '2018-12-10 15:30:56', ''),
(1870, 64, 16, 7, 16, '2018-12-11 12:03:10', ''),
(1871, 64, 17, 7, 17, '2018-12-12 16:02:28', ''),
(1872, 64, 18, 7, 18, '2018-12-10 14:42:11', ''),
(1873, 64, 19, 7, 19, '2018-12-07 09:50:51', ''),
(1874, 64, 20, 7, 20, '2018-12-11 11:39:39', ''),
(1875, 64, 6, 7, 6, '2018-12-10 15:41:49', ''),
(1876, 64, 31, 7, 31, '2018-12-10 15:51:29', ''),
(1877, 64, 33, 7, 33, '2018-12-11 11:36:59', ''),
(1878, 64, 34, 7, 34, '2018-12-10 13:04:39', ''),
(1879, 64, 40, 7, 40, '2018-12-10 20:50:39', ''),
(1880, 64, 35, 7, 35, '2018-12-07 10:00:30', ''),
(1881, 64, 36, 7, 36, '2018-12-10 21:43:41', ''),
(1882, 64, 37, 7, 37, '2018-12-10 13:00:53', ''),
(1883, 64, 38, 7, 38, '2018-12-10 11:12:26', ''),
(1884, 64, 39, 7, 39, '2018-12-12 19:56:48', ''),
(1885, 64, 5, 7, 5, '2018-12-07 10:34:20', ''),
(1886, 64, 30, 7, 30, '2018-12-05 15:37:07', ''),
(1887, 64, 32, 7, 32, '2018-12-05 12:11:43', ''),
(1888, 65, 1, 1, NULL, NULL, ''),
(1889, 65, 2, 1, NULL, NULL, ''),
(1890, 65, 3, 7, 3, '2019-01-02 16:18:25', ''),
(1891, 65, 9, 1, NULL, NULL, ''),
(1892, 65, 10, 7, 10, '2019-01-02 11:15:25', ''),
(1893, 65, 11, 7, 11, '2019-01-04 11:02:21', ''),
(1894, 65, 12, 7, 12, '2019-01-03 10:23:19', ''),
(1895, 66, 21, 7, 21, '2019-01-02 10:37:17', ''),
(1896, 66, 22, 7, 22, '2019-01-07 11:31:02', ''),
(1897, 66, 23, 2, 23, '2019-01-09 10:35:47', ''),
(1898, 66, 24, 7, 24, '2019-01-02 09:41:32', ''),
(1899, 66, 25, 7, 25, '2019-01-07 15:26:01', ''),
(1900, 66, 26, 7, 26, '2019-01-09 15:44:32', ''),
(1901, 66, 27, 2, 27, '2019-01-10 16:32:42', ''),
(1902, 66, 28, 1, NULL, NULL, ''),
(1903, 66, 29, 7, 29, '2019-01-02 13:18:23', ''),
(1904, 66, 1, 1, NULL, NULL, ''),
(1905, 66, 2, 1, NULL, NULL, ''),
(1906, 66, 3, 1, NULL, NULL, ''),
(1907, 66, 4, 7, 4, '2019-01-04 16:26:35', ''),
(1908, 66, 7, 7, 7, '2019-01-03 10:54:07', ''),
(1909, 66, 8, 5, 8, '2019-01-10 12:05:44', ''),
(1910, 66, 9, 2, 9, '2019-01-14 10:19:49', ''),
(1911, 66, 10, 7, 10, '2019-01-07 09:18:50', ''),
(1912, 66, 11, 7, 11, '2019-01-04 11:06:51', ''),
(1913, 66, 12, 7, 12, '2019-01-02 11:22:32', ''),
(1914, 66, 13, 7, 13, '2019-01-08 15:14:45', ''),
(1915, 66, 14, 1, NULL, NULL, ''),
(1916, 66, 15, 1, NULL, NULL, ''),
(1917, 66, 16, 7, 16, '2019-01-02 11:20:26', ''),
(1918, 66, 17, 1, NULL, NULL, ''),
(1919, 66, 18, 2, 18, '2019-01-14 09:25:03', ''),
(1920, 66, 19, 7, 19, '2019-01-02 15:12:12', ''),
(1921, 66, 20, 7, 20, '2019-01-07 10:42:10', ''),
(1922, 66, 6, 7, 6, '2019-01-02 09:55:34', ''),
(1923, 66, 31, 1, NULL, NULL, ''),
(1924, 66, 33, 1, NULL, NULL, ''),
(1925, 66, 34, 7, 34, '2019-01-07 15:21:38', ''),
(1926, 66, 40, 7, 40, '2019-01-03 09:07:56', ''),
(1927, 66, 35, 7, 35, '2019-01-09 14:14:20', ''),
(1928, 66, 36, 1, NULL, NULL, ''),
(1929, 66, 37, 7, 37, '2019-01-04 12:05:29', ''),
(1930, 66, 38, 7, 38, '2019-01-03 11:28:17', ''),
(1931, 66, 39, 7, 39, '2019-01-08 14:26:08', ''),
(1932, 66, 5, 7, 5, '2019-01-02 11:39:33', ''),
(1933, 66, 30, 1, NULL, NULL, ''),
(1934, 66, 32, 7, 32, '2019-01-03 09:20:09', ''),
(1935, 67, 21, 7, 21, '2019-01-02 10:39:20', ''),
(1936, 67, 22, 7, 22, '2019-01-07 11:37:16', ''),
(1937, 67, 23, 7, 23, '2019-01-09 10:36:29', ''),
(1938, 67, 24, 7, 24, '2019-01-02 09:40:11', ''),
(1939, 67, 25, 7, 25, '2019-01-07 15:23:34', ''),
(1940, 67, 26, 7, 26, '2019-01-09 15:28:31', ''),
(1941, 67, 27, 7, 27, '2019-01-10 16:33:36', ''),
(1942, 67, 28, 2, 28, '2019-01-14 14:41:46', ''),
(1943, 67, 29, 7, 29, '2019-01-02 13:18:51', ''),
(1944, 67, 1, 7, 1, '2019-01-10 13:02:18', ''),
(1945, 67, 2, 7, 2, '2019-01-03 16:08:48', ''),
(1946, 67, 3, 7, 3, '2019-01-10 16:02:53', ''),
(1947, 67, 4, 7, 4, '2019-01-04 13:10:39', ''),
(1948, 67, 7, 7, 7, '2019-01-03 10:46:28', ''),
(1949, 67, 8, 7, 8, '2019-01-10 12:02:42', ''),
(1950, 67, 9, 7, 9, '2019-01-14 10:17:19', ''),
(1951, 67, 10, 7, 10, '2019-01-03 15:11:59', ''),
(1952, 67, 11, 7, 11, '2019-01-04 11:04:06', ''),
(1953, 67, 12, 7, 12, '2019-01-02 11:18:13', ''),
(1954, 67, 13, 7, 13, '2019-01-02 10:29:46', ''),
(1955, 67, 14, 2, 14, '2019-01-14 15:16:21', ''),
(1956, 67, 15, 7, 15, '2019-01-03 09:10:35', ''),
(1957, 67, 16, 7, 16, '2019-01-02 10:58:42', ''),
(1958, 67, 17, 7, 17, '2019-01-09 08:21:13', ''),
(1959, 67, 18, 7, 18, '2019-01-14 08:25:46', ''),
(1960, 67, 19, 7, 19, '2019-01-02 15:14:32', ''),
(1961, 67, 20, 7, 20, '2019-01-07 10:40:35', ''),
(1962, 67, 6, 7, 6, '2019-01-02 09:54:31', ''),
(1963, 67, 31, 7, 31, '2019-01-10 11:44:06', ''),
(1964, 67, 33, 7, 33, '2019-01-09 15:27:46', ''),
(1965, 67, 34, 7, 34, '2019-01-07 15:21:02', ''),
(1966, 67, 40, 7, 40, '2019-01-03 08:42:57', ''),
(1967, 67, 35, 7, 35, '2019-01-14 09:43:12', ''),
(1968, 67, 36, 7, 36, '2019-01-07 09:25:25', '');
INSERT INTO `pelaporan` (`id_pelaporan`, `id_lap`, `id_skpd`, `id_status`, `id_jab`, `tgl_upload`, `ket`) VALUES
(1969, 67, 37, 7, 37, '2019-01-04 12:04:04', ''),
(1970, 67, 38, 7, 38, '2019-01-03 11:24:52', ''),
(1971, 67, 39, 7, 39, '2019-01-08 14:25:42', ''),
(1972, 67, 5, 7, 5, '2019-01-02 09:18:17', ''),
(1973, 67, 30, 7, 30, '2019-01-08 14:56:38', ''),
(1974, 67, 32, 7, 32, '2019-01-03 09:18:57', ''),
(1975, 68, 21, 1, NULL, NULL, ''),
(1976, 68, 22, 1, NULL, NULL, ''),
(1977, 68, 23, 1, NULL, NULL, ''),
(1978, 68, 24, 1, NULL, NULL, ''),
(1979, 68, 25, 1, NULL, NULL, ''),
(1980, 68, 26, 1, NULL, NULL, ''),
(1981, 68, 27, 2, 27, '2019-03-28 09:39:01', ''),
(1982, 68, 28, 1, NULL, NULL, ''),
(1983, 68, 29, 1, NULL, NULL, ''),
(1984, 69, 21, 1, NULL, NULL, ''),
(1985, 69, 22, 1, NULL, NULL, ''),
(1986, 69, 23, 1, NULL, NULL, ''),
(1987, 69, 24, 1, NULL, NULL, ''),
(1988, 69, 25, 1, NULL, NULL, ''),
(1989, 69, 26, 1, NULL, NULL, ''),
(1990, 69, 27, 2, 27, '2019-03-19 09:52:07', ''),
(1991, 69, 28, 1, NULL, NULL, ''),
(1992, 69, 29, 1, NULL, NULL, ''),
(1993, 70, 21, 7, 21, '2019-02-04 10:15:15', ''),
(1994, 70, 22, 7, 22, '2019-02-04 17:13:23', ''),
(1995, 70, 23, 7, 23, '2019-02-05 11:39:50', ''),
(1996, 70, 24, 7, 24, '2019-02-04 10:36:31', ''),
(1997, 70, 25, 1, NULL, NULL, ''),
(1998, 70, 26, 7, 26, '2019-02-08 12:30:14', ''),
(1999, 70, 27, 7, 27, '2019-02-04 16:15:25', ''),
(2000, 70, 28, 2, 28, '2019-03-11 09:58:46', ''),
(2001, 70, 29, 7, 29, '2019-02-04 14:36:34', ''),
(2002, 70, 1, 1, NULL, NULL, ''),
(2003, 70, 2, 1, NULL, NULL, ''),
(2004, 70, 3, 1, NULL, NULL, ''),
(2005, 70, 4, 7, 4, '2019-02-05 13:55:38', ''),
(2006, 70, 7, 7, 7, '2019-02-05 23:24:28', ''),
(2007, 70, 8, 7, 8, '2019-02-05 05:33:16', ''),
(2008, 70, 9, 1, NULL, NULL, ''),
(2009, 70, 10, 5, 10, '2019-02-08 09:05:24', ''),
(2010, 70, 11, 7, 11, '2019-02-07 17:40:47', ''),
(2011, 70, 12, 1, NULL, NULL, ''),
(2012, 70, 13, 1, NULL, NULL, ''),
(2013, 70, 14, 7, 14, '2019-02-08 15:27:08', ''),
(2014, 70, 15, 1, NULL, NULL, ''),
(2015, 70, 16, 7, 16, '2019-02-07 16:41:01', ''),
(2016, 70, 17, 1, NULL, NULL, ''),
(2017, 70, 18, 1, NULL, NULL, ''),
(2018, 70, 19, 7, 19, '2019-02-04 11:29:16', ''),
(2019, 70, 20, 7, 20, '2019-02-08 09:01:01', ''),
(2020, 70, 6, 7, 6, '2019-02-05 16:27:30', ''),
(2021, 70, 31, 1, NULL, NULL, ''),
(2022, 70, 33, 1, NULL, NULL, ''),
(2023, 70, 34, 1, NULL, NULL, ''),
(2024, 70, 40, 7, 40, '2019-02-05 16:40:18', ''),
(2025, 70, 35, 7, 35, '2019-02-08 23:46:58', ''),
(2026, 70, 36, 7, 36, '2019-02-04 23:25:15', ''),
(2027, 70, 37, 7, 37, '2019-02-04 16:35:59', ''),
(2028, 70, 38, 1, NULL, NULL, ''),
(2029, 70, 39, 1, NULL, NULL, ''),
(2030, 70, 5, 7, 5, '2019-02-08 08:26:39', ''),
(2031, 70, 30, 1, NULL, NULL, ''),
(2032, 70, 32, 7, 32, '2019-02-04 17:13:09', ''),
(2033, 71, 21, 7, 21, '2019-02-04 10:11:26', ''),
(2034, 71, 22, 7, 22, '2019-02-04 17:12:11', ''),
(2035, 71, 23, 7, 23, '2019-02-05 11:38:31', ''),
(2036, 71, 24, 7, 24, '2019-02-04 10:34:52', ''),
(2037, 71, 25, 1, NULL, NULL, ''),
(2038, 71, 26, 2, 26, '2019-02-08 12:30:42', ''),
(2039, 71, 27, 7, 27, '2019-02-04 16:14:44', ''),
(2040, 71, 28, 2, 28, '2019-03-11 09:59:03', ''),
(2041, 71, 29, 7, 29, '2019-02-04 14:35:53', ''),
(2042, 71, 1, 7, 1, '2019-02-08 15:55:36', ''),
(2043, 71, 2, 7, 2, '2019-02-07 16:37:03', ''),
(2044, 71, 3, 1, NULL, NULL, ''),
(2045, 71, 4, 7, 4, '2019-02-05 15:02:54', ''),
(2046, 71, 7, 7, 7, '2019-02-05 22:10:04', ''),
(2047, 71, 8, 7, 8, '2019-02-04 20:15:45', ''),
(2048, 71, 9, 1, NULL, NULL, ''),
(2049, 71, 10, 7, 10, '2019-02-08 10:56:33', ''),
(2050, 71, 11, 7, 11, '2019-02-08 08:30:01', ''),
(2051, 71, 12, 7, 12, '2019-02-01 15:10:36', ''),
(2052, 71, 13, 7, 13, '2019-02-06 11:08:49', ''),
(2053, 71, 14, 7, 14, '2019-02-07 16:58:23', ''),
(2054, 71, 15, 7, 15, '2019-02-02 21:45:14', ''),
(2055, 71, 16, 7, 16, '2019-02-06 17:47:23', ''),
(2056, 71, 17, 7, 17, '2019-02-04 16:49:28', ''),
(2057, 71, 18, 1, NULL, NULL, ''),
(2058, 71, 19, 7, 19, '2019-02-04 11:26:21', ''),
(2059, 71, 20, 7, 20, '2019-02-08 08:59:18', ''),
(2060, 71, 6, 7, 6, '2019-02-05 16:35:40', ''),
(2061, 71, 31, 7, 31, '2019-02-06 15:32:13', ''),
(2062, 71, 33, 7, 33, '2019-02-06 09:15:43', ''),
(2063, 71, 34, 1, NULL, NULL, ''),
(2064, 71, 40, 7, 40, '2019-02-05 16:37:05', ''),
(2065, 71, 35, 7, 35, '2019-02-08 23:38:20', ''),
(2066, 71, 36, 7, 36, '2019-02-04 23:23:48', ''),
(2067, 71, 37, 7, 37, '2019-02-04 16:34:36', ''),
(2068, 71, 38, 1, NULL, NULL, ''),
(2069, 71, 39, 1, NULL, NULL, ''),
(2070, 71, 5, 5, 5, '2019-02-08 10:41:50', ''),
(2071, 71, 30, 7, 30, '2019-02-07 08:58:55', ''),
(2072, 71, 32, 7, 32, '2019-02-04 17:12:08', ''),
(2073, 73, 21, 7, 21, '2019-03-04 10:30:50', ''),
(2074, 73, 22, 7, 22, '2019-03-04 16:59:12', ''),
(2075, 73, 23, 7, 23, '2019-03-06 16:25:18', ''),
(2076, 73, 24, 7, 24, '2019-03-04 11:28:41', ''),
(2077, 73, 25, 7, 25, '2019-03-05 11:15:53', ''),
(2078, 73, 26, 7, 26, '2019-03-06 16:01:20', ''),
(2079, 73, 27, 7, 27, '2019-03-06 12:14:11', ''),
(2080, 73, 28, 2, 28, '2019-03-11 09:56:57', ''),
(2081, 73, 29, 7, 29, '2019-03-05 16:05:58', ''),
(2082, 73, 1, 7, 1, '2019-03-08 12:09:29', ''),
(2083, 73, 2, 1, NULL, NULL, ''),
(2084, 73, 3, 1, NULL, NULL, ''),
(2085, 73, 4, 7, 4, '2019-03-05 18:04:24', ''),
(2086, 73, 7, 7, 7, '2019-03-06 16:17:30', ''),
(2087, 73, 8, 7, 8, '2019-03-05 16:07:51', ''),
(2088, 73, 9, 7, 9, '2019-03-05 20:09:57', ''),
(2089, 73, 10, 5, 10, '2019-03-05 17:09:27', ''),
(2090, 73, 11, 7, 11, '2019-03-04 16:26:09', ''),
(2091, 73, 12, 7, 12, '2019-03-05 11:51:38', ''),
(2092, 73, 13, 1, NULL, NULL, ''),
(2093, 73, 14, 7, 14, '2019-03-05 17:00:52', ''),
(2094, 73, 15, 1, NULL, NULL, ''),
(2095, 73, 16, 1, NULL, NULL, ''),
(2096, 73, 17, 1, NULL, NULL, ''),
(2097, 73, 18, 1, NULL, NULL, ''),
(2098, 73, 19, 7, 19, '2019-03-04 15:56:58', ''),
(2099, 73, 20, 7, 20, '2019-03-05 09:28:16', ''),
(2100, 73, 6, 7, 6, '2019-03-06 10:02:22', ''),
(2101, 73, 31, 1, NULL, NULL, ''),
(2102, 73, 33, 1, NULL, NULL, ''),
(2103, 73, 34, 1, NULL, NULL, ''),
(2104, 73, 40, 7, 40, '2019-03-06 11:14:09', ''),
(2105, 73, 35, 7, 35, '2019-03-08 10:04:22', ''),
(2106, 73, 36, 7, 36, '2019-03-06 10:07:10', ''),
(2107, 73, 37, 7, 37, '2019-03-05 12:13:58', ''),
(2108, 73, 38, 1, NULL, NULL, ''),
(2109, 73, 39, 7, 39, '2019-03-05 16:21:58', ''),
(2110, 73, 5, 7, 5, '2019-03-05 16:10:04', ''),
(2111, 73, 30, 1, NULL, NULL, ''),
(2112, 73, 32, 7, 32, '2019-03-04 12:34:04', ''),
(2113, 74, 21, 7, 21, '2019-03-04 10:29:46', ''),
(2114, 74, 22, 7, 22, '2019-03-04 17:00:54', ''),
(2115, 74, 23, 7, 23, '2019-03-06 16:24:30', ''),
(2116, 74, 24, 7, 24, '2019-03-04 11:26:24', ''),
(2117, 74, 25, 7, 25, '2019-03-05 11:16:58', ''),
(2118, 74, 26, 7, 26, '2019-03-06 15:57:57', ''),
(2119, 74, 27, 7, 27, '2019-03-06 12:13:32', ''),
(2120, 74, 28, 2, 28, '2019-03-11 09:57:36', ''),
(2121, 74, 29, 7, 29, '2019-03-05 16:04:59', ''),
(2122, 74, 1, 7, 1, '2019-03-08 09:47:02', ''),
(2123, 74, 2, 7, 2, '2019-03-06 12:21:30', ''),
(2124, 74, 3, 5, 3, '2019-03-13 13:39:21', ''),
(2125, 74, 4, 7, 4, '2019-03-06 14:15:02', ''),
(2126, 74, 7, 7, 7, '2019-03-06 16:05:24', ''),
(2127, 74, 8, 7, 8, '2019-03-06 11:58:47', ''),
(2128, 74, 9, 7, 9, '2019-03-06 19:07:40', ''),
(2129, 74, 10, 7, 10, '2019-03-05 14:28:17', ''),
(2130, 74, 11, 7, 11, '2019-03-05 14:31:17', ''),
(2131, 74, 12, 7, 12, '2019-03-05 11:50:27', ''),
(2132, 74, 13, 7, 13, '2019-03-05 09:48:06', ''),
(2133, 74, 14, 7, 14, '2019-03-05 16:57:25', ''),
(2134, 74, 15, 7, 15, '2019-03-05 11:15:04', ''),
(2135, 74, 16, 7, 16, '2019-03-06 14:08:32', ''),
(2136, 74, 17, 7, 17, '2019-03-05 11:02:17', ''),
(2137, 74, 18, 1, NULL, NULL, ''),
(2138, 74, 19, 7, 19, '2019-03-04 15:56:09', ''),
(2139, 74, 20, 7, 20, '2019-03-05 09:27:25', ''),
(2140, 74, 6, 7, 6, '2019-03-06 10:00:28', ''),
(2141, 74, 31, 7, 31, '2019-03-06 10:54:48', ''),
(2142, 74, 33, 1, NULL, NULL, ''),
(2143, 74, 34, 7, 34, '2019-03-08 11:35:36', ''),
(2144, 74, 40, 7, 40, '2019-03-06 08:34:12', ''),
(2145, 74, 35, 2, 35, '2019-03-13 11:05:42', ''),
(2146, 74, 36, 7, 36, '2019-03-06 10:05:53', ''),
(2147, 74, 37, 7, 37, '2019-03-05 12:13:12', ''),
(2148, 74, 38, 1, NULL, NULL, ''),
(2149, 74, 39, 7, 39, '2019-03-05 16:18:32', ''),
(2150, 74, 5, 7, 5, '2019-03-06 08:50:25', ''),
(2151, 74, 30, 7, 30, '2019-03-11 11:40:12', ''),
(2152, 74, 32, 7, 32, '2019-03-04 12:34:35', ''),
(2153, 76, 21, 7, 21, '2019-04-02 15:14:15', ''),
(2154, 76, 22, 7, 22, '2019-04-02 15:56:55', ''),
(2155, 76, 23, 7, 23, '2019-04-05 09:15:05', ''),
(2156, 76, 24, 7, 24, '2019-04-01 16:14:18', ''),
(2157, 76, 25, 7, 25, '2019-04-02 16:38:31', ''),
(2158, 76, 26, 7, 26, '2019-04-08 09:09:40', ''),
(2159, 76, 27, 7, 27, '2019-04-05 09:50:08', ''),
(2160, 76, 28, 7, 28, '2019-04-08 09:14:40', ''),
(2161, 76, 29, 7, 29, '2019-04-05 09:52:51', ''),
(2162, 76, 1, 7, 1, '2019-04-05 11:26:10', ''),
(2163, 76, 2, 7, 2, '2019-04-05 10:41:09', ''),
(2164, 76, 3, 7, 3, '2019-04-08 15:59:03', ''),
(2165, 76, 4, 7, 4, '2019-04-05 12:40:12', ''),
(2166, 76, 7, 7, 7, '2019-04-04 11:56:09', ''),
(2167, 76, 8, 7, 8, '2019-04-04 14:29:37', ''),
(2168, 76, 9, 7, 9, '2019-04-05 21:31:37', ''),
(2169, 76, 10, 7, 10, '2019-04-05 09:38:37', ''),
(2170, 76, 11, 7, 11, '2019-04-08 13:46:40', ''),
(2171, 76, 12, 7, 12, '2019-04-05 11:06:51', ''),
(2172, 76, 13, 7, 13, '2019-04-04 12:18:02', ''),
(2173, 76, 14, 7, 14, '2019-04-04 09:31:27', ''),
(2174, 76, 15, 7, 15, '2019-04-05 03:05:11', ''),
(2175, 76, 16, 7, 16, '2019-04-01 09:50:30', ''),
(2176, 76, 17, 7, 17, '2019-04-05 10:10:32', ''),
(2177, 76, 18, 7, 18, '2019-04-05 11:44:06', ''),
(2178, 76, 19, 7, 19, '2019-04-04 09:51:29', ''),
(2179, 76, 20, 7, 20, '2019-04-05 12:27:08', ''),
(2180, 76, 6, 7, 6, '2019-04-02 16:22:29', ''),
(2181, 76, 31, 7, 31, '2019-04-06 02:42:15', ''),
(2182, 76, 33, 7, 33, '2019-04-05 09:39:08', ''),
(2183, 76, 34, 7, 34, '2019-04-09 11:28:54', ''),
(2184, 76, 40, 7, 40, '2019-04-04 20:12:40', ''),
(2185, 76, 35, 7, 35, '2019-04-05 08:26:21', ''),
(2186, 76, 36, 7, 36, '2019-04-05 09:05:02', ''),
(2187, 76, 37, 7, 37, '2019-04-03 17:54:20', ''),
(2188, 76, 38, 1, NULL, NULL, ''),
(2189, 76, 39, 7, 39, '2019-04-04 12:11:39', ''),
(2190, 76, 5, 7, 5, '2019-04-05 09:14:56', ''),
(2191, 76, 30, 7, 30, '2019-04-06 15:14:13', ''),
(2192, 76, 32, 7, 32, '2019-04-02 10:02:30', ''),
(2193, 75, 21, 7, 21, '2019-04-02 15:15:15', ''),
(2194, 75, 22, 7, 22, '2019-04-02 15:58:12', ''),
(2195, 75, 23, 1, NULL, NULL, ''),
(2196, 75, 24, 7, 24, '2019-04-01 16:16:45', ''),
(2197, 75, 25, 7, 25, '2019-04-02 16:36:28', ''),
(2198, 75, 26, 7, 26, '2019-04-08 09:19:16', ''),
(2199, 75, 27, 7, 27, '2019-04-05 09:57:25', ''),
(2200, 75, 28, 7, 28, '2019-04-08 09:16:08', ''),
(2201, 75, 29, 2, 29, '2019-04-05 09:36:22', ''),
(2202, 75, 1, 7, 1, '2019-04-05 12:25:23', ''),
(2203, 75, 2, 7, 2, '2019-04-05 11:17:06', ''),
(2204, 75, 3, 1, NULL, NULL, ''),
(2205, 75, 4, 7, 4, '2019-04-05 18:04:32', ''),
(2206, 75, 7, 7, 7, '2019-04-04 12:04:25', ''),
(2207, 75, 8, 7, 8, '2019-04-04 09:00:54', ''),
(2208, 75, 9, 7, 9, '2019-04-04 23:10:50', ''),
(2209, 75, 10, 7, 10, '2019-04-05 10:51:00', ''),
(2210, 75, 11, 7, 11, '2019-04-05 10:47:47', ''),
(2211, 75, 12, 7, 12, '2019-04-05 11:05:30', ''),
(2212, 75, 13, 7, 13, '2019-04-05 09:44:08', ''),
(2213, 75, 14, 7, 14, '2019-04-04 09:32:41', ''),
(2214, 75, 15, 1, NULL, NULL, ''),
(2215, 75, 16, 1, NULL, NULL, ''),
(2216, 75, 17, 1, NULL, NULL, ''),
(2217, 75, 18, 7, 18, '2019-04-05 11:49:13', ''),
(2218, 75, 19, 2, 19, '2019-04-04 09:54:06', ''),
(2219, 75, 20, 1, 20, '2019-04-05 12:28:59', ''),
(2220, 75, 6, 7, 6, '2019-04-02 16:23:32', ''),
(2221, 75, 31, 1, NULL, NULL, ''),
(2222, 75, 33, 7, 33, '2019-04-05 09:36:26', ''),
(2223, 75, 34, 1, NULL, NULL, ''),
(2224, 75, 40, 7, 40, '2019-04-05 10:19:40', ''),
(2225, 75, 35, 7, 35, '2019-04-05 08:25:18', ''),
(2226, 75, 36, 7, 36, '2019-04-05 09:07:00', ''),
(2227, 75, 37, 7, 37, '2019-04-03 17:57:50', ''),
(2228, 75, 38, 1, NULL, NULL, ''),
(2229, 75, 39, 7, 39, '2019-04-04 12:12:47', ''),
(2230, 75, 5, 7, 5, '2019-04-04 15:32:24', ''),
(2231, 75, 30, 1, NULL, NULL, ''),
(2232, 75, 32, 7, 32, '2019-04-02 10:05:40', ''),
(2233, 77, 1, 1, NULL, NULL, ''),
(2234, 77, 2, 1, NULL, NULL, ''),
(2235, 77, 3, 7, 3, '2019-04-02 11:36:18', ''),
(2236, 77, 9, 7, 9, '2019-04-05 08:28:46', ''),
(2237, 77, 10, 7, 10, '2019-04-09 19:48:06', ''),
(2238, 77, 11, 7, 11, '2019-04-08 15:29:43', ''),
(2239, 77, 12, 7, 12, '2019-04-09 16:35:26', ''),
(2240, 77, 15, 1, NULL, NULL, ''),
(2241, 77, 16, 1, NULL, NULL, ''),
(2242, 77, 18, 7, 18, '2019-04-01 16:26:29', ''),
(2243, 77, 4, 7, 4, '2019-04-10 16:24:23', ''),
(2244, 77, 19, 7, 19, '2019-04-10 16:12:27', ''),
(2245, 79, 21, 7, 21, '2019-05-06 09:07:38', ''),
(2246, 79, 22, 7, 22, '2019-05-06 15:34:43', ''),
(2247, 79, 23, 7, 23, '2019-05-06 10:53:07', ''),
(2248, 79, 24, 7, 24, '2019-05-06 09:23:41', ''),
(2249, 79, 25, 7, 25, '2019-05-06 08:56:34', ''),
(2250, 79, 26, 7, 26, '2019-05-07 14:13:42', ''),
(2251, 79, 27, 7, 27, '2019-05-07 12:03:36', ''),
(2252, 79, 28, 1, NULL, NULL, ''),
(2253, 79, 29, 2, 29, '2019-07-05 09:11:25', ''),
(2254, 79, 1, 7, 1, '2019-05-06 18:15:12', ''),
(2255, 79, 2, 7, 2, '2019-05-06 14:29:53', ''),
(2256, 79, 3, 7, 3, '2019-05-08 08:42:52', ''),
(2257, 79, 4, 7, 4, '2019-05-07 10:47:11', ''),
(2258, 79, 7, 7, 7, '2019-05-06 14:56:40', ''),
(2259, 79, 8, 7, 8, '2019-05-07 11:40:19', ''),
(2260, 79, 9, 7, 9, '2019-05-08 06:49:19', ''),
(2261, 79, 10, 7, 10, '2019-05-06 10:00:53', ''),
(2262, 79, 11, 7, 11, '2019-05-07 11:39:40', ''),
(2263, 79, 12, 7, 12, '2019-05-06 14:08:11', ''),
(2264, 79, 13, 7, 13, '2019-05-03 13:14:44', ''),
(2265, 79, 14, 7, 14, '2019-05-06 10:57:01', ''),
(2266, 79, 15, 7, 15, '2019-05-04 06:15:03', ''),
(2267, 79, 16, 7, 16, '2019-05-07 12:09:12', ''),
(2268, 79, 17, 7, 17, '2019-05-07 12:08:17', ''),
(2269, 79, 18, 7, 18, '2019-05-08 09:56:26', ''),
(2270, 79, 19, 7, 19, '2019-05-06 09:44:08', ''),
(2271, 79, 20, 7, 20, '2019-05-03 10:15:46', ''),
(2272, 79, 6, 7, 6, '2019-05-06 10:00:48', ''),
(2273, 79, 31, 7, 31, '2019-05-06 13:41:07', ''),
(2274, 79, 33, 7, 33, '2019-05-03 08:50:33', ''),
(2275, 79, 34, 7, 34, '2019-05-03 16:40:48', ''),
(2276, 79, 40, 7, 40, '2019-05-06 13:31:30', ''),
(2277, 79, 35, 7, 35, '2019-05-06 09:54:03', ''),
(2278, 79, 36, 7, 36, '2019-05-07 11:07:29', ''),
(2279, 79, 37, 7, 37, '2019-05-05 16:00:47', ''),
(2280, 79, 38, 7, 38, '2019-05-06 08:41:14', ''),
(2281, 79, 39, 7, 39, '2019-05-07 21:45:12', ''),
(2282, 79, 5, 7, 5, '2019-05-03 11:33:51', ''),
(2283, 79, 30, 7, 30, '2019-05-03 13:54:59', ''),
(2284, 79, 32, 7, 32, '2019-05-02 16:14:25', ''),
(2285, 78, 21, 7, 21, '2019-05-06 09:08:45', ''),
(2286, 78, 22, 7, 22, '2019-05-06 15:40:08', ''),
(2287, 78, 23, 7, 23, '2019-05-06 10:53:59', ''),
(2288, 78, 24, 7, 24, '2019-05-06 09:24:57', ''),
(2289, 78, 25, 7, 25, '2019-05-06 08:55:19', ''),
(2290, 78, 26, 7, 26, '2019-05-07 14:33:03', ''),
(2291, 78, 27, 7, 27, '2019-05-07 12:00:36', ''),
(2292, 78, 28, 1, NULL, NULL, ''),
(2293, 78, 29, 2, 29, '2019-05-06 11:21:31', ''),
(2294, 78, 1, 1, NULL, NULL, ''),
(2295, 78, 2, 1, NULL, NULL, ''),
(2296, 78, 3, 1, NULL, NULL, ''),
(2297, 78, 4, 7, 4, '2019-05-07 13:14:19', ''),
(2298, 78, 7, 7, 7, '2019-05-06 15:22:04', ''),
(2299, 78, 8, 7, 8, '2019-05-06 08:37:11', ''),
(2300, 78, 9, 7, 9, '2019-05-06 20:45:19', ''),
(2301, 78, 10, 7, 10, '2019-05-07 07:53:17', ''),
(2302, 78, 11, 7, 11, '2019-05-07 10:38:23', ''),
(2303, 78, 12, 7, 12, '2019-05-06 14:08:42', ''),
(2304, 78, 13, 7, 13, '2019-05-03 13:19:40', ''),
(2305, 78, 14, 7, 14, '2019-05-06 10:58:14', ''),
(2306, 78, 15, 1, NULL, NULL, ''),
(2307, 78, 16, 7, 16, '2019-05-07 12:24:17', ''),
(2308, 78, 17, 1, NULL, NULL, ''),
(2309, 78, 18, 7, 18, '2019-05-02 09:13:19', ''),
(2310, 78, 19, 7, 19, '2019-05-06 09:44:51', ''),
(2311, 78, 20, 1, NULL, NULL, ''),
(2312, 78, 6, 7, 6, '2019-05-06 10:02:04', ''),
(2313, 78, 31, 1, NULL, NULL, ''),
(2314, 78, 33, 7, 33, '2019-05-03 09:09:50', ''),
(2315, 78, 34, 1, NULL, NULL, ''),
(2316, 78, 40, 7, 40, '2019-05-06 13:37:50', ''),
(2317, 78, 35, 7, 35, '2019-05-06 09:53:18', ''),
(2318, 78, 36, 7, 36, '2019-05-07 11:09:04', ''),
(2319, 78, 37, 7, 37, '2019-05-05 16:03:47', ''),
(2320, 78, 38, 1, NULL, NULL, ''),
(2321, 78, 39, 7, 39, '2019-05-07 21:45:34', ''),
(2322, 78, 5, 7, 5, '2019-05-07 10:25:46', ''),
(2323, 78, 30, 1, NULL, NULL, ''),
(2324, 78, 32, 7, 32, '2019-05-02 16:15:52', '');

-- --------------------------------------------------------

--
-- Table structure for table `skpd`
--

CREATE TABLE `skpd` (
  `id_skpd` mediumint(8) UNSIGNED NOT NULL,
  `nama_skpd` varchar(75) NOT NULL,
  `id_klasifikasi` tinyint(3) UNSIGNED NOT NULL
) ENGINE=InnoDB DEFAULT CHARSET=latin1;

--
-- Dumping data for table `skpd`
--

INSERT INTO `skpd` (`id_skpd`, `nama_skpd`, `id_klasifikasi`) VALUES
(1, 'Dinas Pendidikan', 2),
(2, 'Dinas Kesehatan', 2),
(3, 'Dinas Pekerjaan Umum dan Penataan Ruang', 2),
(4, 'Dinas Perumahan dan Kawasan Permukiman', 2),
(5, 'Satuan Polisi Pamong Praja dan Pemadam Kebakaran', 5),
(6, 'Badan Kesatuan Bangsa dan Politik', 3),
(7, 'Dinas Sosial', 2),
(8, 'Dinas Pemberdayaan Perempuan dan Perlindungan Anak', 2),
(9, 'Dinas Ketahanan Pangan, Pertanian dan Perikanan', 2),
(10, 'Dinas Lingkungan Hidup', 2),
(11, 'Dinas Kependudukan dan Pencatatan Sipil', 2),
(12, 'Dinas Pengendalian Penduduk, KB dan Pemberdayaan Masyarakat', 2),
(13, 'Dinas Perhubungan', 2),
(14, 'Dinas Komunikasi, Informatika dan Statistik', 2),
(15, 'Dinas Koperasi, Usaha Mikro dan Tenaga Kerja', 2),
(16, 'Dinas Penanaman Modal dan Pelayanan Terpadu Satu Pintu', 2),
(17, 'Dinas Kepemudaan dan Olahraga', 2),
(18, 'Dinas Kebudayaan dan Pariwisata', 2),
(19, 'Dinas Perpustakaan dan Arsip', 2),
(20, 'Dinas Perdagangan dan Perindustrian', 2),
(21, 'Bagian Pemerintahan', 1),
(22, 'Bagian Hukum', 1),
(23, 'Bagian Organisasi', 1),
(24, 'Bagian Perekonomian', 1),
(25, 'Bagian Kesejahteraan Rakyat dan Kemasyarakatan', 1),
(26, 'Bagian Humas dan Protokol', 1),
(27, 'Bagian Umum', 1),
(28, 'Bagian Layanan Pengadaan', 1),
(29, 'Bagian Pembangunan', 1),
(30, 'Sekretariat DPRD', 5),
(31, 'Badan Keuangan Daerah', 3),
(32, 'Inspektorat', 5),
(33, 'Badan Kepegawaian, Pendidikan dan Pelatihan Daerah', 3),
(34, 'Badan Penanggulangan Bencana Daerah', 3),
(35, 'Kecamatan Banjarmasin Timur', 4),
(36, 'Kecamatan Banjarmasin Utara', 4),
(37, 'Kecamatan Banjarmasin Tengah', 4),
(38, 'Kecamatan Banjarmasin Barat', 4),
(39, 'Kecamatan Banjarmasin Selatan', 4),
(40, 'Badan Perencanaan, Penelitian dan Pengembangan Daerah', 3),
(41, 'KDH WKDH', 6);

-- --------------------------------------------------------

--
-- Table structure for table `status`
--

CREATE TABLE `status` (
  `id_status` tinyint(2) NOT NULL,
  `status` varchar(20) NOT NULL
) ENGINE=MyISAM DEFAULT CHARSET=latin1;

--
-- Dumping data for table `status`
--

INSERT INTO `status` (`id_status`, `status`) VALUES
(1, 'Belum Lapor'),
(2, 'Sudah Lapor'),
(3, 'Diminta Perbaiki'),
(4, 'OKE'),
(5, 'Direvisi'),
(6, 'Laporan Dikosongkan'),
(7, 'Sedang Diperiksa');

-- --------------------------------------------------------

--
-- Table structure for table `users`
--

CREATE TABLE `users` (
  `id` int(11) UNSIGNED NOT NULL,
  `ip_address` varchar(45) NOT NULL,
  `username` varchar(100) DEFAULT NULL,
  `password` varchar(255) NOT NULL,
  `salt` varchar(255) DEFAULT NULL,
  `email` varchar(100) NOT NULL,
  `activation_code` varchar(40) DEFAULT NULL,
  `forgotten_password_code` varchar(40) DEFAULT NULL,
  `forgotten_password_time` int(11) UNSIGNED DEFAULT NULL,
  `remember_code` varchar(40) DEFAULT NULL,
  `created_on` int(11) UNSIGNED NOT NULL,
  `last_login` int(11) UNSIGNED DEFAULT NULL,
  `active` tinyint(1) UNSIGNED DEFAULT NULL,
  `first_name` varchar(50) DEFAULT NULL,
  `last_name` varchar(50) DEFAULT NULL,
  `company` tinyint(9) NOT NULL,
  `phone` varchar(20) DEFAULT NULL
) ENGINE=MyISAM DEFAULT CHARSET=utf8;

--
-- Dumping data for table `users`
--

INSERT INTO `users` (`id`, `ip_address`, `username`, `password`, `salt`, `email`, `activation_code`, `forgotten_password_code`, `forgotten_password_time`, `remember_code`, `created_on`, `last_login`, `active`, `first_name`, `last_name`, `company`, `phone`) VALUES
(1, '127.0.0.1', 'administrator', '$2y$08$Ak9J9m9UfGL.0hGSLPCMVeXakFtt8hqJeKNNqKz.CI2JtfsALHs6i', '', 'admin@admin.com', '', NULL, NULL, NULL, 1268889823, 1562731107, 1, 'Dedy', 'Setiawan', 0, '0'),
(2, '::1', 'disdik', '$2y$08$8Z6OzjCPvwjtd9kH.iujX.iwH97rcaB4qjnQT/oW8ZfHocNOba4gy', '', '-@gmail.com', '', '', 0, NULL, 0, 1562252052, 1, 'pegawai', 'disdik', 1, '81'),
(3, '::1', 'diskes', '$2y$08$kIJNDCIPUjCe9o.TDnSC7eJ9NJR8tZOXTXvD47fIReUpRl27KH9su', '', '-@gmail.com', '', '', 0, '', 0, 1562251797, 1, 'pegawai', 'diskes', 2, '81'),
(4, '::1', 'dpupr', '$2y$08$kIJNDCIPUjCe9o.TDnSC7eJ9NJR8tZOXTXvD47fIReUpRl27KH9su', '', '-@gmail.com', '', '', 0, '', 0, 1557371097, 1, 'pegawai', 'dpupr', 3, '81'),
(5, '::1', 'dpkp', '$2y$08$kIJNDCIPUjCe9o.TDnSC7eJ9NJR8tZOXTXvD47fIReUpRl27KH9su', '', '-@gmail.com', '', '', 0, '', 0, 1557206079, 1, 'pegawai', 'dpkp', 4, '81'),
(6, '::1', 'satpolppdamkar', '$2y$08$kIJNDCIPUjCe9o.TDnSC7eJ9NJR8tZOXTXvD47fIReUpRl27KH9su', '', '-@gmail.com', '', '', 0, '', 0, 1557195850, 1, 'pegawai', 'satpolppdamkar', 5, '81'),
(7, '::1', 'bakesbangpol', '$2y$08$kIJNDCIPUjCe9o.TDnSC7eJ9NJR8tZOXTXvD47fIReUpRl27KH9su', '', '-@gmail.com', '', '', 0, '', 0, 1557108017, 1, 'pegawai', 'bakesbangpol', 6, '81'),
(8, '::1', 'dinsos', '$2y$08$kIJNDCIPUjCe9o.TDnSC7eJ9NJR8tZOXTXvD47fIReUpRl27KH9su', '', '-@gmail.com', '', '', 0, '', 0, 1557125463, 1, 'pegawai', 'dinsos', 7, '81'),
(9, '::1', 'dpppa', '$2y$08$kIJNDCIPUjCe9o.TDnSC7eJ9NJR8tZOXTXvD47fIReUpRl27KH9su', '', '-@gmail.com', '', '', 0, '', 0, 1557365303, 1, 'pegawai', 'dpppa', 8, '81'),
(10, '::1', 'dkp3', '$2y$08$kIJNDCIPUjCe9o.TDnSC7eJ9NJR8tZOXTXvD47fIReUpRl27KH9su', '', '-@gmail.com', '', '', 0, '', 0, 1557367540, 1, 'pegawai', 'dkp3', 9, '81'),
(11, '::1', 'dlh', '$2y$08$kIJNDCIPUjCe9o.TDnSC7eJ9NJR8tZOXTXvD47fIReUpRl27KH9su', '', '-@gmail.com', '', '', 0, '', 0, 1558656722, 1, 'pegawai', 'dlh', 10, '81'),
(12, '::1', 'disdukcapil', '$2y$08$kIJNDCIPUjCe9o.TDnSC7eJ9NJR8tZOXTXvD47fIReUpRl27KH9su', '', '-@gmail.com', '', '', 0, '', 0, 1557190861, 1, 'pegawai', 'disdukcapil', 11, '81'),
(13, '::1', 'dppkbpm', '$2y$08$kIJNDCIPUjCe9o.TDnSC7eJ9NJR8tZOXTXvD47fIReUpRl27KH9su', '', '-@gmail.com', '', '', 0, '', 0, 1557122855, 1, 'pegawai', 'dppkbpm', 12, '81'),
(14, '::1', 'dishub', '$2y$08$kIJNDCIPUjCe9o.TDnSC7eJ9NJR8tZOXTXvD47fIReUpRl27KH9su', '', '-@gmail.com', '', '', 0, '', 0, 1557453859, 1, 'pegawai', 'dishub', 13, '81'),
(15, '::1', 'diskominfo', '$2y$08$kIJNDCIPUjCe9o.TDnSC7eJ9NJR8tZOXTXvD47fIReUpRl27KH9su', '', '-@gmail.com', '', '', 0, NULL, 0, 1557126684, 1, 'pegawai', 'diskominfo', 14, '81'),
(16, '::1', 'diskopumker', '$2y$08$kIJNDCIPUjCe9o.TDnSC7eJ9NJR8tZOXTXvD47fIReUpRl27KH9su', '', '-@gmail.com', '', '', 0, '', 0, 1556921332, 1, 'pegawai', 'diskopumker', 15, '81'),
(17, '::1', 'dpmptsp', '$2y$08$kIJNDCIPUjCe9o.TDnSC7eJ9NJR8tZOXTXvD47fIReUpRl27KH9su', '', '-@gmail.com', '', '', 0, '', 0, 1558317640, 1, 'pegawai', 'dpmptsp', 16, '81'),
(18, '::1', 'dispora', '$2y$08$kIJNDCIPUjCe9o.TDnSC7eJ9NJR8tZOXTXvD47fIReUpRl27KH9su', '', '-@gmail.com', '', '', 0, '', 0, 1557200438, 1, 'pegawai', 'dispora', 17, '81'),
(19, '::1', 'disbudpar', '$2y$08$kIJNDCIPUjCe9o.TDnSC7eJ9NJR8tZOXTXvD47fIReUpRl27KH9su', '', '-@gmail.com', '', '', 0, '', 0, 1557280520, 1, 'pegawai', 'disbudpar', 18, '81'),
(20, '::1', 'dpa', '$2y$08$kIJNDCIPUjCe9o.TDnSC7eJ9NJR8tZOXTXvD47fIReUpRl27KH9su', '', '-@gmail.com', '', '', 0, '', 0, 1557106536, 1, 'pegawai', 'dpa', 19, '81'),
(21, '::1', 'dpp', '$2y$08$kIJNDCIPUjCe9o.TDnSC7eJ9NJR8tZOXTXvD47fIReUpRl27KH9su', '', '-@gmail.com', '', '', 0, '', 0, 1558930466, 1, 'pegawai', 'dpp', 20, '81'),
(22, '::1', 'bagpem', '$2y$08$kIJNDCIPUjCe9o.TDnSC7eJ9NJR8tZOXTXvD47fIReUpRl27KH9su', '', '-@gmail.com', '', '', 0, '', 0, 1557104809, 1, 'pegawai', 'bagpem', 21, '81'),
(23, '::1', 'bagkum', '$2y$08$kIJNDCIPUjCe9o.TDnSC7eJ9NJR8tZOXTXvD47fIReUpRl27KH9su', '', '-@gmail.com', '', '', 0, '', 0, 1557127861, 1, 'pegawai', 'bagkum', 22, '81'),
(24, '::1', 'bagorg', '$2y$08$kIJNDCIPUjCe9o.TDnSC7eJ9NJR8tZOXTXvD47fIReUpRl27KH9su', '', '-@gmail.com', '', '', 0, '', 0, 1557111154, 1, 'pegawai', 'bagorg', 23, '81'),
(25, '::1', 'bageko', '$2y$08$kIJNDCIPUjCe9o.TDnSC7eJ9NJR8tZOXTXvD47fIReUpRl27KH9su', '', '-@gmail.com', '', '', 0, '', 0, 1557191750, 1, 'pegawai', 'bageko', 24, '81'),
(26, '::1', 'bagkesramas', '$2y$08$kIJNDCIPUjCe9o.TDnSC7eJ9NJR8tZOXTXvD47fIReUpRl27KH9su', '', '-@gmail.com', '', '', 0, '', 0, 1557190155, 1, 'pegawai', 'bagkesramas', 25, '81'),
(27, '::1', 'baghumpro', '$2y$08$kIJNDCIPUjCe9o.TDnSC7eJ9NJR8tZOXTXvD47fIReUpRl27KH9su', '', '-@gmail.com', '', '', 0, '', 0, 1557210546, 1, 'pegawai', 'baghumpro', 26, '81'),
(28, '::1', 'bagumm', '$2y$08$kIJNDCIPUjCe9o.TDnSC7eJ9NJR8tZOXTXvD47fIReUpRl27KH9su', '', '-@gmail.com', '', '', 0, '', 0, 1557366306, 1, 'pegawai', 'bagumm', 27, '81'),
(29, '::1', 'baglp', '$2y$08$kIJNDCIPUjCe9o.TDnSC7eJ9NJR8tZOXTXvD47fIReUpRl27KH9su', '', '-@gmail.com', '', '', 0, '', 0, 1557292122, 1, 'pegawai', 'baglp', 28, '81'),
(30, '::1', 'bagpbg', '$2y$08$xolKHclzmOUt0YEpEvpWbe0cawTcPkLUOi32YsBy12lK7oPwLBmMW', '', '-@gmail.com', '', '', 0, NULL, 0, 1562762971, 1, 'pegawai', 'bagpbg', 29, '81'),
(31, '::1', 'setwan', '$2y$08$kIJNDCIPUjCe9o.TDnSC7eJ9NJR8tZOXTXvD47fIReUpRl27KH9su', '', '-@gmail.com', '', '', 0, '', 0, 1556862862, 1, 'pegawai', 'setwan', 30, '81'),
(32, '::1', 'bakeuda', '$2y$08$kIJNDCIPUjCe9o.TDnSC7eJ9NJR8tZOXTXvD47fIReUpRl27KH9su', '', '-@gmail.com', '', '', 0, '', 0, 1557121030, 1, 'pegawai', 'bakeuda', 31, '81'),
(33, '::1', 'inspektorat', '$2y$08$kIJNDCIPUjCe9o.TDnSC7eJ9NJR8tZOXTXvD47fIReUpRl27KH9su', '', '-@gmail.com', '', '', 0, '', 0, 1556784834, 1, 'pegawai', 'inspektorat', 32, '81'),
(34, '::1', 'bkddiklat', '$2y$08$kIJNDCIPUjCe9o.TDnSC7eJ9NJR8tZOXTXvD47fIReUpRl27KH9su', '', '-@gmail.com', '', '', 0, '', 0, 1556845755, 1, 'pegawai', 'bkddiklat', 33, '81'),
(35, '::1', 'bpbd', '$2y$08$kIJNDCIPUjCe9o.TDnSC7eJ9NJR8tZOXTXvD47fIReUpRl27KH9su', '', '-@gmail.com', '', '', 0, '', 0, 1556872772, 1, 'pegawai', 'bpbd', 34, '81'),
(36, '::1', 'kectimur', '$2y$08$kIJNDCIPUjCe9o.TDnSC7eJ9NJR8tZOXTXvD47fIReUpRl27KH9su', '', '-@gmail.com', '', '', 0, '', 0, 1557118842, 1, 'pegawai', 'kectimur', 35, '81'),
(37, '::1', 'kecutara', '$2y$08$POT8VmYO0vhTEqvXOhITIOtsOEOYe8I4oDKUoui7sy/mnO9cb4pOa', '', '-@gmail.com', '', '', 0, NULL, 0, 1557197499, 1, 'pegawai', 'kecutara', 36, '81'),
(38, '::1', 'kectengah', '$2y$08$Fb0dSGUvc1mfsnQxGrbQQeU1UsXtr2fiw98M1byyV2NExv2Nw63Qe', '', '-@gmail.com', '', '', 0, NULL, 0, 1557365161, 1, 'pegawai', 'kectengah', 37, '81'),
(39, '::1', 'kecbarat', '$2y$08$kIJNDCIPUjCe9o.TDnSC7eJ9NJR8tZOXTXvD47fIReUpRl27KH9su', '', '-@gmail.com', '', '', 0, NULL, 0, 1557103258, 1, 'pegawai', 'kecbarat', 38, '81'),
(40, '::1', 'kecselatan', '$2y$08$kIJNDCIPUjCe9o.TDnSC7eJ9NJR8tZOXTXvD47fIReUpRl27KH9su', '', '-@gmail.com', '', '', 0, '', 0, 1557887688, 1, 'pegawai', 'kecselatan', 39, '81'),
(41, '::1', 'barenlitbangda', '$2y$08$kIJNDCIPUjCe9o.TDnSC7eJ9NJR8tZOXTXvD47fIReUpRl27KH9su', '', '-@gmail.com', '', '', 0, NULL, 0, 1557120654, 1, 'pegawai', 'barenlitbangda', 40, '81'),
(42, '110.139.130.136', 'stafadpem1', '$2y$08$i9dgl2gb23n5bDAwpTmEjemz46ITuv6MLQ8vv8G4AzJVhHAcLDzwG', NULL, '-@gmail.com', NULL, NULL, NULL, NULL, 1504755762, 1504755956, 1, NULL, NULL, 41, '091'),
(43, '::1', 'pptk_disdik1', '$2y$08$8Z6OzjCPvwjtd9kH.iujX.iwH97rcaB4qjnQT/oW8ZfHocNOba4gy', NULL, 'user@gmail.com', NULL, NULL, NULL, NULL, 1562246779, 1562731728, 1, '', '', 43, '08xxx'),
(44, '::1', 'wawalibjm', '$2y$08$OuPGguYBOiVjE/vumpf5wej0wPt3yUcEd2apCQbmerajmJ10X0iqq', NULL, 'user@gmail.com', NULL, NULL, NULL, NULL, 1562254880, NULL, 1, NULL, NULL, 46, '08xxx'),
(45, '::1', 'walikotabjm', '$2y$08$i/oahCUhcOryrRpV69yXAOlen0RsgSiVnArkTg5aW6oRIL1HWmu0q', NULL, 'user@gmail.com', NULL, NULL, NULL, NULL, 1562255099, 1562473650, 1, '', '', 44, '08xxx'),
(46, '::1', 'pptk_bagpbg1', '$2y$08$/I4ayQwgKJ6COMEGfebzNeCrOS0dwBvNyrnqdo6MFp6nlsLD5mDje', NULL, 'user@gmail.com', NULL, NULL, NULL, NULL, 1562508201, 1562508231, 1, NULL, NULL, 47, '08xxx'),
(47, '::1', 'pptk_disdik2', '$2y$08$QsqiExUGsbVZUHXIknuTzu4fecohVb6Mb8/XuTk.rztEIm7HCvbX6', NULL, 'user@gmail.com', NULL, NULL, NULL, NULL, 1562515049, NULL, 1, NULL, NULL, 48, '08xxx');

-- --------------------------------------------------------

--
-- Table structure for table `users_groups`
--

CREATE TABLE `users_groups` (
  `id` int(11) UNSIGNED NOT NULL,
  `user_id` int(11) UNSIGNED NOT NULL,
  `group_id` mediumint(8) UNSIGNED NOT NULL
) ENGINE=MyISAM DEFAULT CHARSET=utf8;

--
-- Dumping data for table `users_groups`
--

INSERT INTO `users_groups` (`id`, `user_id`, `group_id`) VALUES
(58, 1, 3),
(57, 1, 2),
(56, 1, 1),
(4, 2, 2),
(5, 3, 2),
(6, 4, 2),
(7, 5, 2),
(8, 6, 2),
(9, 7, 2),
(10, 8, 2),
(11, 9, 2),
(12, 10, 2),
(13, 11, 2),
(14, 12, 2),
(15, 13, 2),
(16, 14, 2),
(17, 15, 2),
(18, 16, 2),
(19, 17, 2),
(20, 18, 2),
(21, 19, 2),
(22, 20, 2),
(23, 21, 2),
(24, 22, 2),
(25, 23, 2),
(26, 24, 2),
(27, 25, 2),
(28, 26, 2),
(29, 27, 2),
(30, 28, 2),
(31, 29, 2),
(72, 30, 4),
(33, 31, 2),
(34, 32, 2),
(35, 33, 2),
(36, 34, 2),
(37, 35, 2),
(38, 36, 2),
(39, 37, 2),
(40, 38, 2),
(41, 39, 2),
(42, 40, 2),
(43, 41, 2),
(51, 42, 2),
(59, 1, 4),
(55, 43, 4),
(60, 1, 5),
(61, 44, 4),
(63, 45, 5),
(64, 46, 4),
(65, 47, 4),
(71, 30, 3),
(70, 30, 2);

--
-- Indexes for dumped tables
--

--
-- Indexes for table `file_upload`
--
ALTER TABLE `file_upload`
  ADD PRIMARY KEY (`id_file`),
  ADD KEY `pelaporan_file_idx` (`id_pelaporan`),
  ADD KEY `jabatan_file_idx` (`id_jab`);

--
-- Indexes for table `groups`
--
ALTER TABLE `groups`
  ADD PRIMARY KEY (`id`);

--
-- Indexes for table `jabatan`
--
ALTER TABLE `jabatan`
  ADD PRIMARY KEY (`id_jab`),
  ADD KEY `id_skpd` (`id_skpd`),
  ADD KEY `id_level` (`id_level`),
  ADD KEY `id_level_2` (`id_level`),
  ADD KEY `id_pegawai` (`nip`);

--
-- Indexes for table `klasifikasi`
--
ALTER TABLE `klasifikasi`
  ADD PRIMARY KEY (`id_klasifikasi`);

--
-- Indexes for table `laporan`
--
ALTER TABLE `laporan`
  ADD PRIMARY KEY (`id_lap`),
  ADD KEY `id_skpd` (`id_skpd`),
  ADD KEY `id_jab` (`id_jab`);

--
-- Indexes for table `level_jabatan`
--
ALTER TABLE `level_jabatan`
  ADD PRIMARY KEY (`id_level`);

--
-- Indexes for table `login_attempts`
--
ALTER TABLE `login_attempts`
  ADD PRIMARY KEY (`id`);

--
-- Indexes for table `pegawai`
--
ALTER TABLE `pegawai`
  ADD PRIMARY KEY (`nip`),
  ADD KEY `id_skpd` (`id_skpd`);

--
-- Indexes for table `pelaporan`
--
ALTER TABLE `pelaporan`
  ADD PRIMARY KEY (`id_pelaporan`),
  ADD KEY `id_lap` (`id_lap`),
  ADD KEY `id_skpd` (`id_skpd`),
  ADD KEY `id_status` (`id_status`),
  ADD KEY `id_jab` (`id_jab`);

--
-- Indexes for table `skpd`
--
ALTER TABLE `skpd`
  ADD PRIMARY KEY (`id_skpd`),
  ADD KEY `id_klasifikasi` (`id_klasifikasi`);

--
-- Indexes for table `status`
--
ALTER TABLE `status`
  ADD PRIMARY KEY (`id_status`);

--
-- Indexes for table `users`
--
ALTER TABLE `users`
  ADD PRIMARY KEY (`id`);

--
-- Indexes for table `users_groups`
--
ALTER TABLE `users_groups`
  ADD PRIMARY KEY (`id`),
  ADD UNIQUE KEY `uc_users_groups` (`user_id`,`group_id`),
  ADD KEY `fk_users_groups_users1_idx` (`user_id`),
  ADD KEY `fk_users_groups_groups1_idx` (`group_id`);

--
-- AUTO_INCREMENT for dumped tables
--

--
-- AUTO_INCREMENT for table `file_upload`
--
ALTER TABLE `file_upload`
  MODIFY `id_file` bigint(20) UNSIGNED NOT NULL AUTO_INCREMENT, AUTO_INCREMENT=4;
--
-- AUTO_INCREMENT for table `groups`
--
ALTER TABLE `groups`
  MODIFY `id` mediumint(8) UNSIGNED NOT NULL AUTO_INCREMENT, AUTO_INCREMENT=6;
--
-- AUTO_INCREMENT for table `jabatan`
--
ALTER TABLE `jabatan`
  MODIFY `id_jab` mediumint(9) UNSIGNED NOT NULL AUTO_INCREMENT, AUTO_INCREMENT=49;
--
-- AUTO_INCREMENT for table `klasifikasi`
--
ALTER TABLE `klasifikasi`
  MODIFY `id_klasifikasi` tinyint(3) UNSIGNED NOT NULL AUTO_INCREMENT, AUTO_INCREMENT=7;
--
-- AUTO_INCREMENT for table `laporan`
--
ALTER TABLE `laporan`
  MODIFY `id_lap` int(10) UNSIGNED NOT NULL AUTO_INCREMENT, AUTO_INCREMENT=80;
--
-- AUTO_INCREMENT for table `level_jabatan`
--
ALTER TABLE `level_jabatan`
  MODIFY `id_level` tinyint(5) NOT NULL AUTO_INCREMENT, AUTO_INCREMENT=11;
--
-- AUTO_INCREMENT for table `login_attempts`
--
ALTER TABLE `login_attempts`
  MODIFY `id` int(11) UNSIGNED NOT NULL AUTO_INCREMENT, AUTO_INCREMENT=377;
--
-- AUTO_INCREMENT for table `pelaporan`
--
ALTER TABLE `pelaporan`
  MODIFY `id_pelaporan` bigint(20) UNSIGNED NOT NULL AUTO_INCREMENT, AUTO_INCREMENT=2325;
--
-- AUTO_INCREMENT for table `skpd`
--
ALTER TABLE `skpd`
  MODIFY `id_skpd` mediumint(8) UNSIGNED NOT NULL AUTO_INCREMENT, AUTO_INCREMENT=42;
--
-- AUTO_INCREMENT for table `status`
--
ALTER TABLE `status`
  MODIFY `id_status` tinyint(2) NOT NULL AUTO_INCREMENT, AUTO_INCREMENT=8;
--
-- AUTO_INCREMENT for table `users`
--
ALTER TABLE `users`
  MODIFY `id` int(11) UNSIGNED NOT NULL AUTO_INCREMENT, AUTO_INCREMENT=48;
--
-- AUTO_INCREMENT for table `users_groups`
--
ALTER TABLE `users_groups`
  MODIFY `id` int(11) UNSIGNED NOT NULL AUTO_INCREMENT, AUTO_INCREMENT=73;COMMIT;

/*!40101 SET CHARACTER_SET_CLIENT=@OLD_CHARACTER_SET_CLIENT */;
/*!40101 SET CHARACTER_SET_RESULTS=@OLD_CHARACTER_SET_RESULTS */;
/*!40101 SET COLLATION_CONNECTION=@OLD_COLLATION_CONNECTION */;
