-- phpMyAdmin SQL Dump
-- version 3.5.8.2
-- http://www.phpmyadmin.net
--
-- Host: sql109.epizy.com
-- Generation Time: Aug 28, 2019 at 12:07 AM
-- Server version: 5.6.41-84.1
-- PHP Version: 5.3.3

SET SQL_MODE="NO_AUTO_VALUE_ON_ZERO";
SET time_zone = "+00:00";


/*!40101 SET @OLD_CHARACTER_SET_CLIENT=@@CHARACTER_SET_CLIENT */;
/*!40101 SET @OLD_CHARACTER_SET_RESULTS=@@CHARACTER_SET_RESULTS */;
/*!40101 SET @OLD_COLLATION_CONNECTION=@@COLLATION_CONNECTION */;
/*!40101 SET NAMES utf8 */;

--
-- Database: `epiz_21636198_pengendalian`
--

-- --------------------------------------------------------

--
-- Table structure for table `jenis`
--

CREATE TABLE IF NOT EXISTS `jenis` (
  `id` tinyint(3) unsigned NOT NULL AUTO_INCREMENT,
  `nama` varchar(200) NOT NULL,
  PRIMARY KEY (`id`)
) ENGINE=MyISAM  DEFAULT CHARSET=latin1 AUTO_INCREMENT=5 ;

--
-- Dumping data for table `jenis`
--

INSERT INTO `jenis` (`id`, `nama`) VALUES
(1, 'Barang'),
(2, 'Pekerjaan Konstruksi'),
(3, 'Jasa Konsultansi'),
(4, 'Jasa Lainnya');

-- --------------------------------------------------------

--
-- Table structure for table `kondisi_img`
--

CREATE TABLE IF NOT EXISTS `kondisi_img` (
  `id` int(10) unsigned NOT NULL AUTO_INCREMENT,
  `filename` varchar(200) NOT NULL,
  `pekerjaan` int(10) unsigned NOT NULL,
  `kondisi` tinyint(3) unsigned NOT NULL,
  `deskripsi_gambar` varchar(500) NOT NULL DEFAULT 'Tidak Tersedia',
  PRIMARY KEY (`id`),
  KEY `pekerjaan` (`pekerjaan`)
) ENGINE=MyISAM  DEFAULT CHARSET=latin1 AUTO_INCREMENT=264 ;

--
-- Dumping data for table `kondisi_img`
--

INSERT INTO `kondisi_img` (`id`, `filename`, `pekerjaan`, `kondisi`, `deskripsi_gambar`) VALUES
(47, '0_160.jpg', 160, 0, 'Tidak Tersedia'),
(42, '100_160.jpg', 160, 100, 'Tidak Tersedia'),
(49, '1_160.jpg', 160, 1, 'Tidak Tersedia'),
(123, '0_73_1564472568.jpeg', 73, 0, 'Jembatan Jl. Cemara I'),
(115, '0_111_1564454767.jpg', 111, 0, 'Jembatan Jl. Gerilya RT. 21 Kelurahan Kelayan Timur  (2)'),
(56, '0_119.jpg', 119, 0, 'Tidak Tersedia'),
(57, '0_81.jpg', 81, 0, 'Tidak Tersedia'),
(58, '0_83.png', 83, 0, 'Tidak Tersedia'),
(59, '0_89.jpg', 89, 0, 'Tidak Tersedia'),
(63, '0_171.jpg', 171, 0, 'Tidak Tersedia'),
(64, '0_172.jpg', 172, 0, 'Tidak Tersedia'),
(65, '0_90.jpg', 90, 0, 'Jl. Tatah Makmur 0%'),
(66, '0_70.png', 70, 0, 'Tidak Tersedia'),
(71, '0_109.jpg', 109, 0, 'Jl. Adhiyaksa 3 0%'),
(76, '0_109_1564047612.jpg', 109, 0, 'Jl. Perdagangan 0%'),
(72, '0_71.png', 71, 0, 'Tidak Tersedia'),
(73, '10_174.jpg', 174, 10, 'Tidak Tersedia'),
(74, '25_174.jpg', 174, 25, 'Tidak Tersedia'),
(75, '0_109_1564047543.jpg', 109, 0, 'Gg. Tangga 0%'),
(77, '75_174_1564061656.jpg', 174, 75, 'Tidak Tersedia'),
(78, '100_174_1564061749.jpg', 174, 100, 'Tidak Tersedia'),
(79, '100_174_1564061814.jpg', 174, 100, 'Tidak Tersedia'),
(80, '20_130_1564103105.jpg', 130, 20, 'Tidak Tersedia'),
(95, '0_109_1564388282.jpg', 109, 0, 'Jl. Ambon 0%'),
(81, '0_109_1564127736.jpg', 109, 0, 'Jl. Perdagangan 1 (0%)'),
(82, '0_109_1564127820.jpg', 109, 0, 'Jl. Perdagangan 2 (0%)'),
(85, '0_100_1564370197.jpg', 100, 0, 'Jembatan Tatah Bangkal (SMU 9)'),
(86, '15_158_1564370235.jpg', 158, 15, 'Penyerahan Bantuan Makanan Pokok bagi Panti Asuhan Tahap 1'),
(94, '0_99_1564387189.jpg', 99, 0, 'Jembatan Kiwi I'),
(88, '0_149_1564370843.jpg', 149, 0, 'Lokasi Pekerjaan Pembangunan Gedung Kantor Kelurahan Telawang'),
(89, '0_149_1564370876.jpg', 149, 0, 'Papan Proyek Pelaksanaan Pekerjaan '),
(90, '0_157_1564371235.jpg', 157, 0, 'Foto 0% ketika genset blm datang, foto genset yg ada adalah genset lama yg akan digantikan'),
(91, '100_135_1564373998.jpg', 135, 100, 'Hdp Film untuk cetak E-KTP'),
(92, '100_135_1564374172.jpg', 135, 100, 'Ribbon dan cleaning Kit E-KTP'),
(93, '100_135_1564374215.jpg', 135, 100, 'Ribbon dan Cleaning KIT KIA'),
(96, '0_109_1564388373.jpg', 109, 0, 'Jl. Andai Raya Permai 0%'),
(97, '0_109_1564388405.jpg', 109, 0, 'Jl. Marothai 0%'),
(98, '0_109_1564388481.jpg', 109, 0, 'Jl. Sungai Andai 0%'),
(99, '0_110_1564390161.JPG', 110, 0, 'Jl. Dharma Praja II 0%'),
(100, '0_110_1564390243.jpg', 110, 0, 'Jl. Dharma Praja III 0%'),
(101, '0_110_1564390309.jpg', 110, 0, 'Jl. Dharma Praja V 0%'),
(102, '0_110_1564390353.jpg', 110, 0, 'Jl. Dharma Praja VII 0%'),
(103, '0_110_1564390389.jpg', 110, 0, 'Jl. Dharma Praja VIII 0%'),
(104, '0_110_1564390435.jpg', 110, 0, 'Jl. Dharma Bakti VA'),
(105, '0_89_1564390709.jpg', 89, 0, 'Komp. Lumba-Lumba 0%'),
(106, '0_89_1564390788.jpg', 89, 0, 'Komp. Lumba-Lumba 0%'),
(107, '0_99_1564390934.jpg', 99, 0, 'Jembatan Gelatik I'),
(108, '0_99_1564391108.jpg', 99, 0, 'Jembatan Murai I'),
(109, '0_90_1564391234.jpg', 90, 0, 'Jl. Tatah Makmur 0%'),
(110, '0_99_1564391236.jpg', 99, 0, 'Jembatan Gang Sepakat'),
(111, '0_90_1564391285.jpg', 90, 0, 'Jl. Tatah Makmur 0%'),
(112, '0_99_1564391337.jpg', 99, 0, 'Jembatan Gang 20 Ampera'),
(113, '0_99_1564391418.jpg', 99, 0, 'Jembatan Gang Al Aman'),
(114, '0_111_1564454633.jpg', 111, 0, 'Jembatan Jl. Gerilya RT. 21 Kelurahan Kelayan Timur  (1)'),
(116, '0_111_1564454868.jpg', 111, 0, 'Jembatan Jl. Gerilya RT. 21 Kelurahan Kelayan Timur  (3)'),
(117, '0_112_1564457366.jpg', 112, 0, 'Jembatan Simpang Sei Jelai RT. 27'),
(118, '0_76_1564470268.jpeg', 76, 0, 'Jembatan Tatah Belayung '),
(119, '0_76_1564470431.jpeg', 76, 0, 'Jembatan AMD I'),
(120, '0_77_1564470749.jpeg', 77, 0, 'Jembatan Jl. Seberang Masjid 2'),
(121, '0_77_1564470881.jpeg', 77, 0, 'Jembatan Batu Benawa Gang IV'),
(122, '0_73_1564472004.jpeg', 73, 0, 'Jembatan AKT Dalam 5'),
(125, '0_74_1564475065.jpeg', 74, 0, 'Jembatan Komplek DPRD II'),
(126, '0_74_1564475206.jpeg', 74, 0, 'Jembatan Komplek Timur Perdana'),
(127, '0_75_1564475974.jpg', 75, 0, 'Jembatang Gang AA Belitung'),
(128, '0_75_1564476103.jpg', 75, 0, 'Jembatan Jl. Intan Sari '),
(129, '0_116_1564551482.jpg', 116, 0, 'Bantaran Sungai Martapura, Kelurahan Kelayan Barat'),
(130, '100_199_1564554504.jpg', 199, 100, 'Uji Fungsi Kursi yang datang'),
(131, '0_120_1564556839.jpg', 120, 0, 'Komplek Warga Indah I'),
(132, '0_120_1564556868.jpg', 120, 0, 'Komplek Suaka Permata Indah'),
(133, '0_152_1564557127.jpg', 152, 0, 'Aula Kantor Kecamatan Banjarmasin Timur Background 0%'),
(134, '0_152_1564557302.jpg', 152, 0, 'Kondisi ruang pelayanan Kelurahan Pemurus Luar 0%'),
(135, '0_118_1564557597.jpg', 118, 0, 'Pematokan Lokasi Pekerjaan'),
(136, '0_117_1564558189.jpg', 117, 0, 'Kondisi WC Unit Hunian'),
(137, '0_152_1564558211.jpg', 152, 0, 'Kondisi ruang pelayanan Kelurahan Kebun Bunga 0%'),
(138, '0_117_1564558215.jpg', 117, 0, 'Kondisi Atap'),
(139, '0_152_1564558295.jpg', 152, 0, 'Kondisi ruang pelayanan Kelurahan Pengambangan 0%'),
(153, '0_152_1564627756.jpg', 152, 0, 'Kondisi ruang pelayanan Kel.Sungai Bilu 0%'),
(141, '0_152_1564561614.jpg', 152, 0, 'Kondisi ruang pelayanan Kel.Banua Anyar 0%'),
(142, '0_152_1564561728.jpg', 152, 0, 'Kondisi ruang pelayanan Kelurahan Pekapuran Raya 0%'),
(143, '0_175_1564562396.jpg', 175, 0, 'Kondisi O% Bangunan Arena Lomba Burung Berkicau'),
(144, '0_96_1564566223.png', 96, 0, 'AMD Permai Blok B9 STA 0+000'),
(145, '0_86_1564566335.JPG', 86, 0, 'foto pekerjaan trotoar'),
(146, '0_97_1564566748.png', 97, 0, 'Komp. Awang Permai I STA 0+000'),
(147, '0_94_1564568740.jpg', 94, 0, 'Jl. Kayu Kuku'),
(148, '0_198_1564624258.jpeg', 198, 0, 'Jl. Rawasari 6'),
(149, '0_91_1564624652.jpeg', 91, 0, 'Jl. Cempaka Raya Komp. Purna Sakti RT. 30'),
(150, '0_152_1564625280.jpg', 152, 0, 'Kondisi ruang pelayanan Kel.Sungai Lulut  0%'),
(151, '0_72_1564625746.jpeg', 72, 0, 'Jl. Kuin Kecil Ujung'),
(152, '0_152_1564626238.jpg', 152, 0, 'Kondisi ruang pelayanan Kelurahan Karang Mekar  0%'),
(154, '0_152_1564631934.jpg', 152, 0, 'Kondisi ruang pelayanan Kelurahan Kuripan 0%'),
(155, '100_122_1564642332.jpeg', 122, 100, 'Baju atribut upacara/acara nasional dan/ atau daerah'),
(156, '0_95_1564642923.jpeg', 95, 0, 'Jl. Fatma Sari'),
(157, '0_168_1564643050.jpeg', 168, 0, 'Jl. Banua Anyar Jl. SMPN 14'),
(158, '100_122_1564644844.jpeg', 122, 100, 'Baju atribut upacara/acara nasional dan/ atau daerah'),
(159, '0_92_1564651581.jpeg', 92, 0, 'Jl. Belitung Darat Gg. Bina Warga'),
(163, '0_83_1564713662.jpeg', 83, 0, 'Foto Pengukuran 0%'),
(164, '2_83_1564713918.jpeg', 83, 2, 'Foto Progres Pekerjaan 1,679% (Per 31 Juli 2019)'),
(165, '0_83_1564714912.jpeg', 83, 0, 'foto progres pekerjaan 0,122 % (per 30 juni 2019 )'),
(166, '2_83_1564715585.jpeg', 83, 2, 'Foto Progres Pekerjaan 1,679% (Per 31 Juli 2019)'),
(167, '2_83_1564715660.jpeg', 83, 2, 'Foto Progres Pekerjaan 1,679% (Per 31 Juli 2019) kunjungan Sidak Kadis PUPR'),
(215, '100_216_1565594740.jpeg', 216, 100, 'Barang pengadaan Armature  LED 90 sudah sampai di lokasi penyimpanan'),
(214, '100_216_1565594702.jpeg', 216, 100, 'Armature LED 40 Watt'),
(213, '100_216_1565594661.jpeg', 216, 100, 'Barang pengadaan Armature  LED 40 sudah sampai di lokasi penyimpanan'),
(171, '23_71_1564793087.png', 71, 23, 'Pekerjaan yang dilakukan saat ini adalah pengadaan & pemasangan tiang pancang, pabrikasi pembesian File cap'),
(172, '23_71_1564983154.jpeg', 71, 23, 'Pemancangan tiang pancang'),
(173, '23_71_1564983194.jpeg', 71, 23, 'Pekerjaan pabrikasi pembesian File Cap'),
(174, '0_94_1565570304.jpg', 94, 0, 'Jl. Bumi Mas Komp. Bumi Ayu (lanjutan)'),
(175, '0_94_1565570379.jpg', 94, 0, 'Jl. Bumi Mas Komp. Bumi Jaya'),
(176, '0_94_1565570535.jpg', 94, 0, 'Komp. Bumi Handayani XIII'),
(177, '0_94_1565570714.jpg', 94, 0, 'Komp. Bumi Handayani XII A'),
(178, '0_94_1565570911.jpg', 94, 0, 'Komp. Bumi Handayani XII'),
(179, '0_94_1565571191.jpg', 94, 0, 'Komp. Bumi Handayani XI'),
(180, '0_94_1565571377.jpg', 94, 0, 'Komp. Bumi Handayani IX'),
(181, '0_94_1565571453.jpg', 94, 0, 'Komp. Bumi Handayani VII'),
(182, '0_94_1565571506.jpg', 94, 0, 'Komp. Bumi Handayani V'),
(183, '0_94_1565571554.jpg', 94, 0, 'Komp. Bumi Handayani VI'),
(184, '0_94_1565571603.jpg', 94, 0, 'Komp. Bumi Handayani IV'),
(185, '0_94_1565571671.jpg', 94, 0, 'Komp. Bumi Handayani I'),
(186, '0_94_1565571752.jpg', 94, 0, 'Jl. Prona I'),
(187, '0_94_1565571796.jpg', 94, 0, 'Jl. Sepakat'),
(188, '0_95_1565573004.jpg', 95, 0, 'Jl. Ki Hajar Dewantara 1 RT. 19 dan RT. 25'),
(189, '0_95_1565573092.jpg', 95, 0, 'Jl. Ki Hajar Dewantara 7'),
(190, '0_95_1565573169.jpg', 95, 0, 'Jl. Ki Hajar Dewantara 9'),
(191, '0_95_1565573244.jpg', 95, 0, 'Gg. Arafah Permai RT. 19'),
(192, '0_95_1565574899.jpg', 95, 0, 'Jl. Ratu Zaleha Gg. Fajar Sidik'),
(193, '0_95_1565574962.jpg', 95, 0, 'Jl. A. Yani Jl. Permata'),
(194, '0_168_1565575155.jpg', 168, 0, 'Jl. Pembina 4 Komp. Rahayu Lestari'),
(195, '0_168_1565575231.jpg', 168, 0, 'Jl. Pramuka Gg. Muhajirin'),
(196, '0_168_1565575301.jpg', 168, 0, 'Jl. Pembina 4 Komp. Sinar Rahayu'),
(197, '0_168_1565575360.jpg', 168, 0, 'Jl. Hikmah Banua Komp. Purnama'),
(198, '0_168_1565575425.jpg', 168, 0, 'Jl. Hikmah Banua Komp. Citra'),
(199, '0_168_1565575485.jpg', 168, 0, 'Jl. Dharma Budi I Jalur 1'),
(200, '0_168_1565575774.jpg', 168, 0, 'Jl. Gardu Mekar Indah Jalur 3'),
(201, '0_168_1565575865.jpg', 168, 0, 'Jl. Melati Indah 2'),
(202, '0_168_1565575906.jpg', 168, 0, 'Jl. Melati Indah 3'),
(203, '0_168_1565575942.jpg', 168, 0, 'Jl. Melati Indah 4'),
(204, '0_168_1565576032.jpg', 168, 0, 'Jl. Melati Indah 5'),
(205, '0_168_1565576093.jpg', 168, 0, 'Jl. Melati Indah 6'),
(206, '0_168_1565577261.jpg', 168, 0, 'Jl. Dharma Budi I Jalur 2'),
(207, '0_168_1565577344.jpg', 168, 0, 'Jl. Mangga 4'),
(208, '0_95_1565577643.jpg', 95, 0, 'Komp. Bulan Mas'),
(209, '0_95_1565577765.jpg', 95, 0, 'Jl. Pekapuran Raya Komp. Yatera'),
(211, '100_217_1565594190.jpeg', 217, 100, 'Barang pengadaan Armature  LED 60 sudah sampai di lokasi penyimpanan'),
(212, '100_217_1565594254.jpeg', 217, 100, 'Armature LED 60 Watt'),
(216, '100_216_1565594771.jpeg', 216, 100, 'Armature LED 90 Watt'),
(217, '100_216_1565594809.jpeg', 216, 100, 'Barang pengadaan Armature  LED 120 sudah sampai di lokasi penyimpanan'),
(218, '100_216_1565594842.jpeg', 216, 100, 'Armature LED 120 Watt'),
(219, '1_17_1565659496.jpeg', 17, 1, 'TK NEGERI PEMBINA BANJARMASIN TIMUR'),
(220, '2_17_1565659528.jpeg', 17, 2, 'TK NEGERI PEMBINA BANJARMASIN TIMUR'),
(221, '0_213_1565663063.jpg', 213, 0, 'Kondisi 0%'),
(222, '100_126_1565665332.jpeg', 126, 100, 'dhl meter'),
(227, '100_126_1565666488.jpeg', 126, 100, 'DO Meter'),
(224, '100_126_1565665489.jpeg', 126, 100, 'Water Sampler'),
(225, '100_126_1565665868.jpeg', 126, 100, 'Desicator Horizontal'),
(226, '100_126_1565666431.jpeg', 126, 100, 'dhl meter'),
(228, '100_126_1565666525.jpeg', 126, 100, 'Lemari Asam'),
(229, '100_214_1565839094.jpeg', 214, 100, 'Barang pengadaan Armature  Lampu Sorot sudah sampai di lokasi penyimpanan'),
(230, '100_214_1565839142.jpeg', 214, 100, 'Armature LED Lampu Sorot'),
(231, '3_17_1566185900.jpeg', 17, 3, 'Foto pembongkaran Gedung TK Negeri Pembina Banjarmasin Timur'),
(232, '4_17_1566185931.jpeg', 17, 4, 'Foto pembongkaran Gedung TK Negeri Pembina Banjarmasin Timur'),
(233, '100_177_1566270930.jpg', 177, 100, 'Serah Terima Ban Luar'),
(234, '100_177_1566270964.jpg', 177, 100, 'Serah Terima Ban Dalam'),
(235, '100_139_1566272493.jpeg', 139, 100, 'Masker'),
(236, '100_139_1566272584.jpeg', 139, 100, 'Sarung Tangan'),
(237, '0_93_1566288535.jpg', 93, 0, 'Jl. Kelayan Gg. Taruna'),
(240, '100_208_1566787002.jpg', 208, 100, 'Pengadaan Laptop 23 unit sudah tercapai realisasi fisik 100%'),
(239, '100_208_1566786898.jpg', 208, 100, 'Pengadaan Laptop 23 unit sudah tercapai realisasi fisik 100%'),
(241, '100_208_1566787028.jpg', 208, 100, 'Pengadaan Laptop 23 unit sudah tercapai realisasi fisik 100%'),
(242, '100_208_1566787068.jpg', 208, 100, 'Pengadaan Laptop 23 unit sudah tercapai realisasi fisik 100%'),
(243, '0_64_1566809011.jpeg', 64, 0, 'Barang belum ada yang datang digudang material'),
(244, '0_86_1566865745.jpeg', 86, 0, 'Foto kenangan I/II'),
(245, '0_87_1566866094.jpeg', 87, 0, 'Foto Jl. Tatah Bangkal'),
(246, '0_87_1566866525.jpeg', 87, 0, 'Foto jl. AMD Manunggal'),
(247, '0_86_1566866596.jpeg', 86, 0, 'Foto Jl. Melati'),
(248, '100_199_1566876752.jpg', 199, 100, 'Kursi tunggu poliklinik'),
(249, '0_92_1566878581.JPG', 92, 0, 'Jl. Bina Karya'),
(250, '0_92_1566878670.JPG', 92, 0, 'Jl. Ir. P.M. Noor Gg. Perjuangan'),
(251, '0_92_1566878893.JPG', 92, 0, 'Jl. Jafri Zam-zam Komp. Barito Indah'),
(252, '0_92_1566879038.JPG', 92, 0, 'Jl. Jafri Zam-zam Komp. Sungai Landas'),
(253, '0_92_1566879165.JPG', 92, 0, 'Jl. Jafri Zam-zam Komp. LLASDP 2'),
(254, '100_72_1566879952.jpeg', 72, 100, 'Jl. Kuin Kecil Ujung'),
(255, '95_192_1566952870.jpg', 192, 95, 'Pengecekan Nomor Mesin dan Rangka'),
(256, '95_194_1566952958.jpg', 194, 95, 'Pengecekan Nomor Mesin dan Rangka'),
(257, '95_194_1566952984.jpg', 194, 95, 'Pengecekan Nomor Mesin dan Rangka'),
(258, '95_194_1566953011.jpg', 194, 95, 'Pengecekan Nomor Mesin dan Rangka'),
(259, '0_123_1566959477.jpg', 123, 0, 'Foto awal pembangunan asrama 2 Rumah Singgah'),
(260, '0_159_1566962044.jpg', 159, 0, 'Tidak Tersedia'),
(261, '0_159_1566962154.jpg', 159, 0, 'Tidak Tersedia'),
(262, '0_123_1566962743.jpg', 123, 0, 'Foto awal pembangunan asrama 2 Rumah Singgah'),
(263, '0_181_1566965145.jpg', 181, 0, 'Kondisi sebelum pekerjaan dimulai');

-- --------------------------------------------------------

--
-- Table structure for table `kontrak`
--

CREATE TABLE IF NOT EXISTS `kontrak` (
  `id` int(10) unsigned NOT NULL AUTO_INCREMENT,
  `nomor` varchar(200) NOT NULL,
  `tanggal` date NOT NULL,
  `penyedia` varchar(200) NOT NULL,
  `nilai` decimal(15,2) unsigned NOT NULL DEFAULT '0.00',
  `lama` varchar(50) NOT NULL,
  `awal` date NOT NULL,
  `akhir` date NOT NULL,
  `ket` varchar(200) NOT NULL,
  `pekerjaan` int(10) unsigned DEFAULT NULL,
  PRIMARY KEY (`id`),
  KEY `pekerjaan` (`pekerjaan`)
) ENGINE=MyISAM  DEFAULT CHARSET=latin1 AUTO_INCREMENT=140 ;

--
-- Dumping data for table `kontrak`
--

INSERT INTO `kontrak` (`id`, `nomor`, `tanggal`, `penyedia`, `nilai`, `lama`, `awal`, `akhir`, `ket`, `pekerjaan`) VALUES
(15, '002/PPK-SAPRAS/BMPPSV-Videotron/2019', '2019-03-14', 'CV. Megatech', '906947250.00', '45 Hari Kalender', '2019-03-14', '2019-04-27', '-', 160),
(16, '011/SP/Kesra/IV/2019', '2019-04-15', 'CV. VASUNDAN ELC', '747948200.00', '261 Hari Kalender', '2019-04-15', '2019-12-31', '-', 158),
(18, '04/ADD-SP/Kesra/V/2019', '2019-05-03', 'CV. VASUNDAN ELC', '759085100.00', '261 Hari Kalender', '2019-04-15', '2019-12-31', 'Addendum kontrak', 158),
(23, '05/DPUPR-BJL&PJU-PPK-PJ.DAK.P1/VI/2019', '2019-06-28', 'CV. ANALIS', '3535295000.00', '180 Hari Kalender', '2019-06-28', '2019-12-24', '-', 89),
(20, '04/DPUPR-CKJK/PJP.SPAM.PRAMUKA.DAK/VII/2019', '2019-07-19', 'CV. MITRAYASA NUSANTARA', '460831000.00', '120 Hari Kalender', '2019-07-19', '2019-11-15', '-', 102),
(22, '600/19/DPUPR-ED/VI/2019', '2019-06-20', 'cv. cita karya maharani', '415935003.00', '150 Hari Kalender', '2019-06-24', '2019-11-20', '-', 81),
(24, '663/02-DPKP.KP/PLPKK.PKT.4-KD/2019', '2019-07-17', 'CV. Shelma Mitra', '954602000.00', '120 Hari Kalender', '2019-07-17', '2019-11-13', '-', 119),
(29, '03/DPUPR-CKJK/PBDA/VI/2019', '2019-06-26', 'CV. JAYA MANDIRI', '8888888888.00', '165 Hari Kalender', '2019-06-26', '2019-12-07', '-', 71),
(25, '03/DPUPR-CKJK/MKPRSUD/VI/2019', '2019-06-25', 'PT. PUSER BUMI MEKON', '1434692765.00', '190 Hari Kalender', '2019-06-25', '2019-12-31', 'kontrak', 82),
(27, '663/03-DPKP.KP/PBJ.PKT2.PBN/2019', '2019-07-15', 'CV. TIGA PUTERA BANUA', '638010000.00', '120 Hari Kalender', '2019-07-15', '2019-11-11', '-', 173),
(30, '05/DPUPR-BJL&PJU-PPK-RPJ.DAK.P1/VII/2019', '2019-07-18', 'CV. SUFERINDO ABADI', '3571986000.00', '120 Hari Kalender', '2019-07-18', '2019-11-14', '-', 109),
(31, '03/DPUPR-CKJK/PRSUD/VI/2019', '2019-06-10', 'PT. Tigamas Mitra Selaras', '66499392274.00', '205 Hari Kalender', '2019-06-10', '2019-12-31', 'kontrak', 83),
(32, '03/DPUPR-CKJK/WASTEKPDA/VII/2019', '2019-07-19', 'CV. SADWA RAMA CONSULTANT', '246636000.00', '150 Hari Kalender', '2019-07-19', '2019-12-15', '-', 70),
(33, '05/DPUPR-BJL&PJU-PPK-PJ.DAK.P2/VI/2019', '2019-06-28', 'PT. WASSENAR KARYA MARGA', '2705572000.00', '150 Hari Kalender', '2019-06-28', '2019-11-24', '-', 90),
(34, '05/DPUPR-BJL&PJU-PPK-RPJ.DAK.P2/VII/2019', '2019-07-17', 'CV. DELIMA UTAMA', '772616000.00', '90 Hari Kalender', '2019-07-17', '2019-10-14', '-', 110),
(35, '900/65-Sekr.Keu/DKP3/2019', '2019-07-08', 'CV. Borneo Raya', '191536450.00', '63 Hari Kalender', '2019-07-08', '2019-09-08', 'Belum ada adendum', 174),
(36, '07/DPUPR-BJL&PJU-PPK-PPRJNF-Was.PJ/VI/2019', '2019-06-10', 'PT. WINAYA KONTEKS KHARISMA', '207350000.00', '180 Hari Kalender', '2019-06-28', '2019-12-24', '-', 80),
(37, '07/DPUPR-BJL&PJU-PPK-Was.PJ.DAK.P1/VI/2019', '2019-06-28', 'PT. WINAYA KONTEKS KHARISMA', '174795500.00', '180 Hari Kalender', '2019-06-28', '2019-12-24', '-', 88),
(38, '03/DPUPR-BJb-Tender-BOX.P3/VII/2019', '2019-07-01', 'CV. Duta Karya Adhitama', '767917088.00', '180 Hari Kalender', '2019-07-01', '2019-12-27', 'lingkup pekerjaan 4 buah jembatan pada kec. banjarmasin utara', 73),
(39, '660.2/08-SPP/INC/TL/DLH/VII/2019', '2019-07-02', 'PT. ITNASINDO JAYA CONSULTANT', '200117500.00', '90 Hari Kalender', '2019-07-02', '2019-09-29', 'Kontrak Awal', 130),
(48, '03/DPUPR-BJb-DED.JAB/VI/2019', '2019-06-14', 'CV. Sembilan Satu Engineering', '477382000.00', '150 Hari Kalender', '2019-06-14', '2019-11-10', '-', 66),
(42, '003/PGKKT/CAM/VII/2019', '2019-07-22', 'CV. SUBUR MAKMUR KARYA BERSAMA', '2450916000.00', '150 Hari Kalender', '2019-07-22', '2019-12-18', '-', 149),
(43, '03/DPUPR-BJb-PPK-PSJTB.DAK/V/2019', '2019-05-03', 'PT. HAIDASARI LESTARI', '7607517000.00', '240 Hari Kalender', '2019-05-03', '2019-12-28', '-', 100),
(44, '027/0116-Sekr/Disdukcapil/2019', '2019-04-18', 'PT. Airmas Borneo Jaya', '422375000.00', '30 Hari Kalender', '2019-04-18', '2019-05-17', '-', 135),
(45, 'Add.01/03/DPUPR-BJb-PPK-PSJTB.DAK/VI/2019', '2019-06-19', 'PT. HAIDASARI LESTARI', '8043878000.00', '240 Hari Kalender', '2019-05-03', '2019-12-28', 'Addendum Kontrak No.01 (Addendum Biaya)', 100),
(49, '03/DPUPR-BJb-DED.JHKSN/VI/2019', '2019-06-26', 'CV Cipta Ekapurna Engineering Consultant', '336578000.00', '120 Hari Kalender', '2019-06-26', '2019-10-23', '-', 67),
(47, '663/02-DPKP.KP/PLPKK.PKT.6-KL/2019', '2019-07-29', 'CV. Tiga Putera Banua', '1256664000.00', '120 Hari Kalender', '2019-07-29', '2019-11-25', '-', 171),
(50, '03/DPUPR-BJb-PPK-PSJWKW.DAK/VI/2019', '2019-06-17', 'CV.GUNINDO UTAMA', '1250338000.00', '180 Hari Kalender', '2019-06-17', '2019-12-13', '-', 99),
(51, '03/DPUPR-BJb-PPK-Was.PSJTB.DAK/V/2019', '2019-05-03', 'PT. WINAYA KONTEKS KHARISMA', '395285000.00', '240 Hari Kalender', '2019-05-03', '2019-12-28', '-', 98),
(52, '03/DPUPR-BJb-Tender-BOX.P1/VII/2019', '2019-07-01', 'CV. Wajamas', '460183832.00', '180 Hari Kalender', '2019-07-01', '2019-12-27', '-', 77),
(53, '03/DPUPR-BJB-Tender-BOX.P4/VI/2019', '2019-06-12', 'CV. Gunindo Utama', '619106830.00', '180 Hari Kalender', '2019-06-12', '2019-12-08', '-', 74),
(55, '03.1/DPUPR/RPJb/PPK/VI/2019', '2019-05-29', 'CV. MITRA BONANZA', '757959400.00', '91 Hari Kalender', '2019-05-29', '2019-08-27', '-', 111),
(56, '03.2/DPUPR/RPJb/PPK/VI/2019', '2019-06-21', 'CV. TIGA SUMBER REZEKI', '291075565.00', '90 Hari Kalender', '2019-06-21', '2019-09-18', '-', 112),
(57, '03/DPUPR-BJb-Tender-BOX.P5/VII/2019', '2019-07-08', 'CV. Tajmila', '601942066.00', '177 Hari Kalender', '2019-07-08', '2019-12-31', '-', 76),
(58, '050/5492-P.Eko/Barenlitbangda/VII/2019', '2019-07-29', 'PT KINARYA ALAM RAYA', '287056000.00', '120 Hari Kalender', '2019-07-29', '2019-11-25', '-', 14),
(59, '03/DPUPR-BJb-Tender-BOX.P2/VI/2019', '2019-06-13', 'CV. MITRA BONANZA', '576671759.00', '180 Hari Kalender', '2019-06-13', '2019-12-09', '-', 75),
(120, '03/DPUPR-BJl&PJU-PPK-Pemb.Jl/V/2019', '2019-05-20', 'PT. Fokus Prima Talenta', '955821621.70', '120 Hari Kalender', '2019-05-20', '2019-09-16', '-', 72),
(61, '648.1/04-DPKP.PERUM/JLN/2019', '2019-07-09', 'CV. Panca Karya Bersaudara', '1253028000.00', '120 Hari Kalender', '2019-07-09', '2019-11-05', 'belum ada addendum', 120),
(62, '003/DPUPR-TR-KPA/RTBL-RK/VII/2019', '2019-07-24', 'PT. TECHNIKATAMA JASA KONSULTAN', '294858300.00', '150 Hari Kalender', '2019-07-24', '2019-12-20', '-', 105),
(63, '648.1/09-DPKP.PERUM/RBGRGM/2019', '2019-06-11', 'CV. Khaliqa Saman Jaya', '2640275000.00', '180 Hari Kalender', '2019-06-11', '2019-12-07', 'belum ada addendum', 117),
(64, '648.1/11-DPKP.PERUM/PHPRTK/2019', '2019-07-25', 'CV. Inti Bumi', '1254508000.00', '120 Hari Kalender', '2019-07-25', '2019-11-21', 'belum ada addendum', 118),
(89, '05/DPUPR-BJL&PJU/PPK-PJL.BanTim.P1/VII/2019', '2019-07-30', 'CV. Kanca Mulia Abadi', '4013681000.00', '150 Hari Kalender', '2019-07-30', '2019-12-26', '-', 168),
(66, '05/DPUPR-BJ1&PJU/PPK-PJL.BanUt.P1/VII/2019', '2019-07-30', 'CV. Serasi Cahaya Madinah', '4090782000.00', '150 Hari Kalender', '2019-07-30', '2019-12-26', '-', 96),
(67, '05/DPUPR-BJ1&PJU/PPK-PJL.BanUt.P2/VII/2019', '2019-07-30', 'CV. Sari Alam Utama', '2137408000.00', '150 Hari Kalender', '2019-07-30', '2019-12-26', '-', 97),
(90, '05/DPUPR-BJL&PJU/PPK-PJL.BanTIM.P2/VII/2019', '2019-07-30', 'CV. Sari Baru', '1918115000.00', '150 Hari Kalender', '2019-07-30', '2019-12-26', '-', 95),
(73, '425/06.1/Kontrak.DAK.Buku/DISDIK/2018', '2019-07-18', 'PT SARANA ECOMMERCE NUSANTARA', '1828620401.00', '90 Hari Kalender', '2019-07-18', '2019-10-15', 'TIDAK ADA', 24),
(128, '425/197-P.SMP/Dipendik/2019', '2019-08-22', 'PT. DEKA SARI PERKASA', '394989000.00', '90 Hari Kalender', '2019-08-22', '2019-11-19', '-', 28),
(87, '05/DPUPR-BJl&PJU/PPK-PJL.BanSel.P2/VII/2019', '2019-07-25', 'CV. Arsiran indoborneo', '2216909000.00', '120 Hari Kalender', '2019-07-25', '2019-11-21', '-', 94),
(72, '05/DPUPR-BJL&PJU-PPK-PJ.P1/VI/2019', '2019-05-10', 'PT. Kelana Multi Konstruksi', '17080160000.00', '180 Hari Kalender', '2019-06-28', '2019-12-24', '-', 86),
(91, '05/DPUPR-BJl&PJU/PPK-PJL.BanBar.P1/VII/2019', '2019-07-25', 'CV. Mubarak Cipta Marga', '3821524000.00', '150 Hari Kalender', '2019-07-25', '2019-12-21', '-', 91),
(127, '05/DPUPR-BJl&PJU-PPK-PJ.P2/VII/2019', '2019-07-02', 'CV. Maju Berdikari', '3964201000.00', '150 Hari Kalender', '2019-07-02', '2019-11-28', '-', 87),
(110, '035/342/SPK-027/UM/VII/2019', '2019-07-11', 'PT. WIRA MEGAH PROFITAMAS', '430000000.00', '52 Hari Kalender', '2019-07-11', '2019-08-31', 'Barang Masih Menunggu Penyelesan Notice Pajak dan NoPol', 192),
(129, '425/196-P.SMP/Dipendik/2019', '2019-08-22', 'PT. DEKA SARI PERKASA', '537628000.00', '90 Hari Kalender', '2019-08-22', '2019-11-19', '-', 27),
(106, '0', '2019-07-08', 'PT DEKA SARI PERKASA', '272557250.00', '60 Hari Kalender', '2019-07-08', '2019-09-05', '-', 22),
(79, '0', '2019-08-26', 'CV. ?', '0.00', '112 Hari Kalender', '2019-08-26', '2019-12-15', 'GAGAL TENDER DAN SEKARANG DI TENDERKAN ULANG', 21),
(107, '1', '2019-07-08', 'PT DEKA SARI PERKASA', '315967050.00', '60 Hari Kalender', '2019-07-08', '2019-09-05', '-', 23),
(81, '904/004/DT.Dak/Alat.Berat/DLH/2019', '2019-07-16', 'PT. Mitra Profitamas Motor', '415604000.00', '90 Hari Kalender', '2019-07-16', '2019-10-13', 'Surat Perjanjian', 138),
(82, '05/DPUPR-BJl&PJU/PPK-PJL.BanTeng.P1/VII/2019', '2019-07-25', 'CV. Peilani Putra', '2537198000.00', '150 Hari Kalender', '2019-07-25', '2019-12-21', '-', 198),
(92, '05/DPUPR-BJl&PJU/PPK-PJL.BanBar.P2/VII/2019', '2019-07-25', 'CV. Maju Berdikari', '2216242000.00', '150 Hari Kalender', '2019-07-25', '2019-12-21', '-', 92),
(97, '425/19.1.2/Keg-Paud/PGB-Timur/Dependik/2019', '2019-08-08', 'CV. EDNA BERSAUDARA', '1575134000.00', '140 Hari Kalender', '2019-08-08', '2019-12-25', 'KONTRAK', 17),
(86, '331.1/299/SATPOLPPDAMKAR/2019', '2019-02-27', 'CV. Alodia Pratama', '297165000.00', '40 Hari Kalender', '2019-02-27', '2019-04-07', '-', 122),
(88, 'No.904/002/Exca/Alat.Berat/DLH/2019', '2019-05-20', 'PT.United Tractor, Tbk', '3558500000.00', '90 Hari Kalender', '2019-05-20', '2019-08-17', 'Surat Perjanjian', 129),
(93, '01/DPUPR-BJL&PJU/ECat-Arm1/VII/2019', '2019-07-11', 'PT. AHYMSA DAMAR DELTA', '1050200000.00', '30 Hari Kalender', '2019-07-11', '2019-08-09', 'Selesai', 216),
(94, '904/007/Road.Sweefer/Alat.Berat/DLH/2019', '2019-08-01', 'PT. MITRA PROFITAMAS MOTOR', '6490000000.00', '90 Hari Kalender', '2019-08-01', '2019-10-29', 'Surat Perjanjian', 132),
(95, '02/ECatalog-Komp/Sekr/2019', '2019-04-12', 'PT. ACCESS LINTAS SOLUSI', '327519980.00', '31 Hari Kalender', '2019-04-12', '2019-05-12', 'Sesuai ketentuan dalam SPK', 131),
(96, '425/128-P.SMP/Dipendik/2019', '2019-05-27', 'CV. ANUGRAH PRATAMA', '492225000.00', '30 Hari Kalender', '2019-05-27', '2019-06-25', 'Kontrak E Catalog Pengadaan Peralatan UNBK', 26),
(98, '904/046/Pemb.JLN.TPA/PPSPP-TPA/DLH/2019', '2019-06-17', 'CV.ARSIRAN INDOBORNEO', '1020348882.00', '90 Hari Kalender', '2019-06-17', '2019-09-14', 'surat perjanjian', 140),
(115, '663/ 03 -DPKP.KP/PLPKK.PKT.5-KS/2019', '2019-08-19', 'CV.DUTA KARYA ADHITAMA', '1234526000.00', '120 Hari Kalender', '2019-08-19', '2019-12-16', '-', 172),
(137, '462/094/RS-Dinsos/VIII/2019', '2019-08-05', 'CV Tiga Putera Banua', '368461443.00', '120 Hari Kalender', '2019-08-07', '2019-12-04', 'Kontrak', 123),
(101, '01/DPUPR-BJL&PJU/ECat-Arm2/VII/2019', '2019-08-11', 'PT. SOLARENS LEDINDO', '279900000.00', '30 Hari Kalender', '2019-07-11', '2019-08-09', 'Selesai', 217),
(102, '904/057/Pemb.Temp.Parkir.Alt.Brt/PPSPP-TPA/DLH/2019', '2019-07-12', 'CV.Harapan Baru', '671971861.00', '90 Hari Kalender', '2019-07-12', '2019-10-09', 'surat perjanjian', 141),
(103, '001/SP-Pemb.TMNKAMBOJA/PTKAM/TMN/DLH/2019', '2019-06-20', 'CV.OMPANKRIDIN JAYA UTAMA', '5533182821.26', '180 Hari Kalender', '2019-06-20', '2019-12-16', 'surat perjanjian', 213),
(104, '003/OPS.LAB/DLH/2019', '2019-06-18', 'CV. SURYA JAYA', '283910000.00', '45 Hari Kalender', '2019-06-18', '2019-08-01', 'Surat Perjanjian', 126),
(105, '425/001.2-Keg.PBBATSR-PSP/Dipendik/2019', '2019-07-25', 'CV. ALFA PRATAMA MANDIRI', '589779238.00', '60 Hari Kalender', '2019-07-25', '2019-09-22', '-', 29),
(109, '036/352/SPK-027/UM/VII/2019', '2019-07-11', 'PT. WIRA MEGAH PROFITAMAS', '2420000000.00', '52 Hari Kalender', '2019-07-11', '2019-08-31', 'Barang Masih Menunggu Penyelesan Notice Pajak dan NoPol', 194),
(111, '900/061-Sekr.Keu/DKP3/2019', '2019-07-10', 'PT. PROSPERA PERWIRA UTAMA', '229655000.00', '30 Hari Kalender', '2019-07-10', '2019-08-08', '-', 208),
(112, '002/DPUPR-BJL&PJU/PPK/BAL/VIII/2019', '2019-08-19', 'PT. FOKUS PRIMA TALENTA', '825835120.00', '60 Hari Kalender', '2019-08-19', '2019-10-17', 'Kontrak', 64),
(113, '01/DPUPR-BJL&PJU/ECat-Arm3/VII/2019', '2019-07-11', 'PT. KARYA PUTRA ANDALAN', '264558760.00', '45 Hari Kalender', '2019-07-11', '2019-08-24', 'Kontrak', 214),
(114, '02/PRBKDO/DLH/2019', '2019-07-18', 'CV.PEILANI PUTRA', '510222900.00', '30 Hari Kalender', '2019-07-18', '2019-08-16', 'tidak ada ademdum', 177),
(116, '660.2/10-SPP/INC/DLH/VIII/2019', '2019-08-19', 'CV. ASRINDO GRAHA CONSULTANT', '165550000.00', '90 Hari Kalender', '2019-08-19', '2019-11-16', 'Kontrak Awal', 128),
(126, '05/DPUPR-BJl&PJU/PPK-PJL.BanSel.P1/VIII/2019', '2019-08-13', 'CV. Multi Konstruksi Lestari', '4203997000.00', '135 Hari Kalender', '2019-08-13', '2019-12-25', '-', 93),
(121, '425/07.3-P.SBD-PSD/Dipendik/VII/2019', '2019-07-08', 'CV. SUKSES OPTIMAL BERJAYA', '196110000.00', '75 Hari Kalender', '2019-07-08', '2019-09-20', '-', 211),
(123, '425/192-P/SMP/VIII/2019', '2019-08-15', 'PT. TRISAKTI MUSTIKA  GRAPHIKA', '524955200.00', '45 Hari Kalender', '2019-08-16', '2019-09-29', '-', 196),
(124, '03/PUPR/UPTD.PAAB-P.up.PJU/VIII/2019', '2019-08-12', 'PT. Garis Harmoni Surabaya', '710000000.00', '75 Hari Kalender', '2019-08-13', '2019-10-26', 'Sesuai rencana kontrak', 85),
(125, '26/PPSPP/DLH/2019', '2019-07-19', 'CV.Salsabila', '599348200.00', '30 Hari Kalender', '2019-07-19', '2019-08-17', 'surat perjanjian', 139),
(130, '08/SP-Pemb.TMNBJMBRT/PTK/DLH/2019', '2019-08-26', 'CV. TIGA UTAMA', '357000000.00', '90 Hari Kalender', '2019-08-26', '2019-11-23', '-', 127),
(131, '027/0623-Sekr/Disdukcapil', '2019-08-06', 'PT. KARSA WIRA UTAMA', '532347090.00', '45 Hari Kalender', '2019-08-06', '2019-09-19', '-', 145),
(132, '027/194/PPK-E-CATALOG NON MEDIS/VIII/DISKES/2019', '2019-07-05', 'PT. AIRMAS BORNEO JAYA', '750000000.00', '30 Hari Kalender', '2019-07-05', '2019-08-03', '-', 44),
(133, '445/001/PPK-DAK Penugasan/P2PL/2019', '2019-06-13', 'PT. EMS Indoappliances', '238590000.00', '90 Hari Kalender', '2019-06-13', '2019-09-10', '-', 203),
(134, '027/186/PPK-E-CATALOG NON MEDIS/VIII/DISKES/2019', '2019-08-02', 'PT. Datascript', '224800000.00', '60 Hari Kalender', '2019-07-05', '2019-09-02', '-', 200),
(135, '027/154/PPK-E-CATALOG NON MEDIS/VIII/DISKES/2019', '2019-07-04', 'PT. MULTI MEDIKA RAYA', '1650000000.00', '30 Hari Kalender', '2019-07-04', '2019-08-02', '-', 199),
(136, '027/192/PPK-E-CATALOG NON MEDIS/VIII/DISKES/2019, 027/193/PPK-E-CATALOG NON MEDIS/VIII/DISKES/2019,', '2019-07-05', 'PT. AIRMAS BORNEO JAYA', '202732500.00', '30 Hari Kalender', '2019-07-05', '2019-08-03', 'Pengadaan TV 75inch, Pengadaan Proyektor LCD', 43),
(138, '462/045/RS-Dinsos/III/2019', '2019-03-01', 'PT Fokus Prima Talenta', '285439000.00', '305 Hari Kalender', '2019-03-01', '2019-12-30', 'Kontrak', 124),
(139, '427/05/DISPORA-BPPO-PPK-PPSO/VIII/2019', '2019-08-08', 'CV. Serasi Cahaya Madinah', '2556597009.00', '120 Hari Kalender', '2019-08-08', '2019-12-05', '-', 181);

-- --------------------------------------------------------

--
-- Table structure for table `lokasi`
--

CREATE TABLE IF NOT EXISTS `lokasi` (
  `id` int(10) unsigned NOT NULL AUTO_INCREMENT,
  `latitude` decimal(15,9) NOT NULL,
  `longitude` decimal(15,9) NOT NULL,
  `deskripsi` varchar(300) NOT NULL,
  `pekerjaan` int(10) unsigned NOT NULL,
  PRIMARY KEY (`id`),
  KEY `pekerjaan` (`pekerjaan`)
) ENGINE=MyISAM  DEFAULT CHARSET=latin1 AUTO_INCREMENT=435 ;

--
-- Dumping data for table `lokasi`
--

INSERT INTO `lokasi` (`id`, `latitude`, `longitude`, `deskripsi`, `pekerjaan`) VALUES
(16, '-3.327928757', '114.588807821', 'Kantor Wali Kota Banjarmasin', 160),
(17, '-3.327227203', '114.588448405', 'Kantor Barenlitbangda Kota Banjarmasin', 14),
(18, '-3.327735705', '114.588764600', 'Bagian Kesra dan Kemasyarakatan Setdako Banjarmasin', 158),
(28, '-3.329738871', '114.590299129', 'Gedung Depot Arsip', 71),
(213, '-3.298814251', '114.605269879', 'jl. sultan adam depan komp. nusa indah - perempatan lampu merah sei andai', 81),
(24, '-3.350704889', '114.573975205', 'rumah singgah', 125),
(25, '-3.326950866', '114.561824799', 'Komp. Lumba-Lumba', 89),
(26, '-3.332859971', '114.585084915', 'RSUD SUltan Suriansyah', 82),
(30, '-3.368437023', '114.580568075', 'TPA Basirih Kota Banjarmasin', 142),
(31, '-3.360763777', '114.620734155', 'Jalan Setia Kelurahan Pemurus Dalam', 102),
(192, '-3.353632063', '114.596012235', 'Jembatan Jl. Gerilya RT. 21 Kel. Kelayan Timur (1)', 111),
(34, '-3.324147857', '114.624186158', 'di Rt. 08, Rt. 09, Rt. 10, Rt. 28', 173),
(35, '-3.317030515', '114.594252706', 'Jl. Kapten Pierre Tendean No 29 Banjarmasin', 29),
(36, '-3.334808243', '114.597643018', 'Gang Setuju RT 13', 119),
(38, '-3.296706268', '114.604022205', 'jl. komplek mandiri II RT. 28 Banjarmasin', 126),
(96, '-3.368468083', '114.580439329', 'TPA BASIRIH', 128),
(41, '-3.331070213', '114.597122669', 'Kelayan Luar', 171),
(42, '-3.332898529', '114.584913254', 'RSUD Sultan Suriansyah', 61),
(43, '-3.288374262', '114.589651108', 'Jl. Adhiyaksa 3', 109),
(44, '-3.312725543', '114.592732429', 'Jl. Ambon', 109),
(45, '-3.286971901', '114.589601755', 'Gg. Tangga', 109),
(46, '-3.300508338', '114.607701302', 'Jl. Andai Raya Permai', 109),
(47, '-3.289436809', '114.589136124', 'Jl. Perdagangan', 109),
(48, '-3.289300242', '114.588131905', 'Jl. Perdagangan 1', 109),
(49, '-3.289390484', '114.587756395', 'Jl. Perdagangan 2', 109),
(50, '-3.312402073', '114.592723846', 'Jl. Marothai', 109),
(51, '-3.298696028', '114.605366707', 'Jl. Sungai Andai', 109),
(52, '-3.332945656', '114.585127831', 'RSUD Sultan Suriansyah', 83),
(53, '-3.331741774', '114.627485275', 'Puskesmas Terminal Komplek Satelit Permai, Jl. Pramuka, RT.19, Sungai Lulut, Kec. Banjarmasin Tim., Kota Banjarmasin, Kalimantan Selatan 70236', 58),
(54, '-3.329776358', '114.590256214', 'Gedung Depot Arsip', 70),
(55, '-3.350759512', '114.585256577', 'Kelayan Selatan', 172),
(56, '-3.360381773', '114.594987631', 'Jl. Tatah Makmur', 90),
(57, '-3.338189595', '114.620130658', 'Jl. Dharma Praja II', 110),
(58, '-3.339399896', '114.621165991', 'Jl. Dharma Praja III', 110),
(59, '-3.339581976', '114.621214271', 'Jl. Dharma Praja V', 110),
(60, '-3.338106588', '114.620275497', 'Jl. Dharma Praja VII', 110),
(61, '-3.338050357', '114.620141387', 'Jl. Dharma Praja VIII', 110),
(62, '-3.337035524', '114.622120857', 'Jl. Dharma Bakti VA', 110),
(63, '-3.335983203', '114.625768661', 'Kecamatan Banjarmasin Timur', 78),
(64, '-3.320559738', '114.589376450', 'Kecamatan Banjarmasin Tengah', 78),
(65, '-3.329214045', '114.566631317', 'Kecamatan Banjarmasin Barat', 78),
(66, '-3.282257093', '114.584999084', 'Kecamatan Banjarmasin Utara', 78),
(67, '-3.353205786', '114.608516693', 'Kecamatan Banjarmasin Selatan', 78),
(68, '-3.335062086', '114.615962505', 'Trotoar Jl. A. Yani', 80),
(69, '-3.326793417', '114.608098269', 'Jl. Melati', 80),
(70, '-3.327120095', '114.607513547', 'Jl. Kenanga I/II', 80),
(73, '-3.366615199', '114.590170383', 'Jl. Tatah Bangkal (SMU 9)', 80),
(72, '-3.327752029', '114.588732719', 'Balai Kota Banjarmasin', 106),
(74, '-3.341755557', '114.589440806', 'RPH Basirih Dekat Gudang Karet', 174),
(75, '-3.356959798', '114.617078304', 'Jl. AMD Manunggal', 80),
(78, '-3.326856343', '114.561803341', 'Komp. Lumba-Lumba', 88),
(79, '-3.371710755', '114.543948546', 'Jl. Kuin Kecil Ujung', 72),
(83, '-3.355404107', '114.628724456', 'Jl. Pemurus', 79),
(84, '-3.357231575', '114.620305002', 'Jl. Sepakat', 79),
(85, '-3.357350728', '114.607036114', 'Jl. AMD', 79),
(86, '-3.363514557', '114.592198133', 'Jl. Tatah Bangkal', 79),
(87, '-3.342764096', '114.613993764', 'Jl. Bumi Mas Komp. Bumi Ayu (Lanjutan)', 94),
(88, '-3.341446693', '114.611805081', 'Jl. Bumi Mas Komp. Bumi Jaya', 94),
(177, '-3.300931959', '114.582889527', 'Jembatan Pangeran II', 73),
(90, '-3.342019174', '114.610826075', 'Jl. Prona I', 94),
(91, '-3.342265518', '114.609822929', 'Jl. Komp. Bumi Handayani I', 94),
(92, '-3.343357997', '114.607762992', 'Jl. Komp. Bumi Handayani XIII', 94),
(93, '-3.343036412', '114.608131796', 'Jl. Komp. Bumi Handayani XII', 94),
(94, '-3.342875753', '114.608391970', 'Jl. Komp. Bumi Handayani XI', 94),
(95, '-3.368500214', '114.580450058', 'TPA BASIRIH', 130),
(97, '-3.342359235', '114.608634710', 'Jl. Komp. Bumi Handayani IX', 94),
(98, '-3.340691596', '114.609074593', 'Jl. Komp. Bumi Handayani IV', 94),
(100, '-3.342380657', '114.609573483', 'Jl. Komp. Bumi Handayani VII', 94),
(101, '-3.342300327', '114.609214067', 'Jl. Komp. Bumi Handayani VI', 94),
(102, '-3.342464735', '114.609281123', 'Jl. Komp. Bumi Handayani V', 94),
(306, '-3.320913195', '114.607610106', 'Kantor Kecamatan Banjarmasin Timur', 122),
(166, '-3.350420291', '114.544513449', 'Jembatan Antasan Bromo', 66),
(106, '-3.359531184', '114.596305910', 'Jembatan Tatah Bangkal (SMU 9)', 100),
(107, '-3.327398575', '114.589459598', 'Kantor Sekretariat DPRD Kota Banjarmasin', 157),
(113, '-3.301579172', '114.574660714', 'Pasar Tungging, di jl. Belitung darat kota Banjarmasin', 162),
(118, '-3.296829624', '114.604066908', 'Dinas Kependudukan dan Pencatatan Sipil Kota Banjarmasin', 135),
(110, '-3.323001802', '114.610147476', 'Kecamatan Banjarmasin Timur', 152),
(111, '-3.328400029', '114.578717351', 'Jl. Dahlia Gg. Budaya RT.28 Kelurahan Telawang Kecamatan Banjarmasin Barat', 149),
(219, '-3.303248753', '114.616638422', 'lokasi pembuangan enceng gondok', 113),
(114, '-3.325017879', '114.637276074', 'Lapangan', 181),
(115, '-3.306184373', '114.567243058', 'Kantor Dinas Perhubungan Kota Banjarmasin', 178),
(116, '-3.349288960', '114.615080059', 'Jl. Kayu Kuku/Kasturi Raya', 94),
(153, '-3.335082436', '114.596968442', 'Jl. Kelayan A Gg. Taruna', 93),
(119, '-3.323460299', '114.599720272', 'Jl, A. Yani', 101),
(120, '-3.342871737', '114.608043283', 'Jl. Komp. Bumi Handayani XII A', 94),
(121, '-3.293571911', '114.572195224', 'Jembatan HKSN 01', 67),
(122, '-3.357142946', '114.618360400', 'Jl. Sepakat', 94),
(123, '-3.338002159', '114.630470574', 'Kantor Bakeuda Banjarmasin', 153),
(124, '-3.337021065', '114.631399959', 'Badan Keuangan Daerah', 154),
(125, '-3.298020899', '114.594394578', 'Panti Asuhan Siti Armah', 158),
(126, '-3.303325456', '114.598736248', 'Panti Asuhan Al-Ihsan', 158),
(127, '-3.302240045', '114.584619507', 'Panti Asuhan Muhammadiyah Putra', 158),
(129, '-3.300978891', '114.583111436', 'PA. Aisyiah Muhammadiyah', 158),
(307, '-3.320988171', '114.564067125', 'Kantor kecamatan banjarmasin barat', 122),
(311, '-3.327347966', '114.588755518', 'Dinas Lingkungan Hidup Kota Banjarmasin', 137),
(310, '-3.344337479', '114.585664272', 'Kantor Kecamatan banjarmasin selatan', 122),
(133, '-3.343761141', '114.615656946', 'PA. Ridho Makmur', 158),
(309, '-3.314026114', '114.587734938', 'Kantor kecamatan banjarmasin tengah', 122),
(308, '-3.280114844', '114.577370882', 'Kantor kecamatan banjarmasin utara', 122),
(136, '-3.337600027', '114.630977754', 'Kantor Badan Keuangan Daerah Kota Banjarmasin', 156),
(137, '-3.296975160', '114.609437772', 'PA. Norhidayah', 158),
(143, '-3.296572558', '114.603975713', 'Kantor Dinas Kependudukan dan Pecatatan Sipil Kota Banjarmasin (Jl. Sultan Adam No. 18)', 195),
(139, '-3.307478539', '114.581505963', 'PA. Sentosa', 158),
(140, '-3.303526572', '114.588131481', 'PA. Mua''wanah', 158),
(142, '-3.314765551', '114.578070100', 'Pasar Rawasari, Jl. Rawasari kota Banjarmasin', 163),
(144, '-3.337082115', '114.631792903', 'Badan Keuangan Daerah (Jl. Tirta Dharma)', 155),
(146, '-3.338777341', '114.582084864', 'Jl. Teluk Tiram Darat Gg. Balai Desa RT.13 Kelurahan Teluk Tiram', 150),
(147, '-3.308708501', '114.578591488', 'Jl. Cendrawasih Gg. Kelurahan 2', 150),
(148, '-3.302131929', '114.579196461', 'Jl. Belitung Darat Gg. Samadi Ilham RT.17 Kelurahan Belitung Utara', 150),
(149, '-3.320626680', '114.563951790', 'Jl. Ir. P H M Noor Kelurahan Pelambuan', 150),
(223, '-3.346228427', '114.631672204', 'Jl. Hikmah Banua Komp. Purnama', 168),
(151, '-3.352984079', '114.595693052', 'Jl. Gerilya Gg. Harapan Mulia', 93),
(152, '-3.328767408', '114.594689906', 'Jl. Teluk Kelayan', 93),
(154, '-3.295809795', '114.589077048', 'Dinas Pekerjaan Umum dan Penataan Ruang Kota Banjarmasin', 103),
(156, '-3.353974797', '114.561591446', 'Jl. Wengga Blok K', 93),
(157, '-3.353830206', '114.561838210', 'Jl. Wengga Blok J', 93),
(158, '-3.353653483', '114.562079608', 'Jl. Wengga Blok I', 93),
(159, '-3.358692743', '114.596009552', 'Jl. Grilya Peradapan', 93),
(160, '-3.358837334', '114.595398009', 'Jl. Komp. Adit Maulana', 93),
(162, '-3.334781466', '114.597372115', 'Jl. Kelayan A Gg. Setuju', 93),
(163, '-3.338187453', '114.602355659', 'Jl. Antasan Segara', 93),
(164, '-3.336286314', '114.601765573', 'Jl. Antasan Segara Gg. Ceremi', 93),
(165, '-3.342910830', '114.574052989', 'Jl. Komp. Warga Indah I', 93),
(167, '-3.321528732', '114.579058327', 'Jembatan Kiwi I', 99),
(168, '-3.321637848', '114.578463547', 'Jembatan Murai I', 99),
(169, '-3.321808887', '114.577715546', 'Jembatan Gelatik I', 99),
(170, '-3.323190580', '114.571645707', 'Jembatan Gang Sepakat I', 99),
(171, '-3.323508557', '114.570004866', 'Jembata  Gang 20 Ampera', 99),
(172, '-3.323860005', '114.568250030', 'Jembatan Gang Al Aman', 99),
(175, '-3.314125190', '114.587315843', 'Jembatan II Jalan Bali', 77),
(174, '-3.314896374', '114.581470639', 'Jembatan Batu Benawa Gg, IV', 77),
(176, '-3.309931866', '114.595844597', 'Jembatan Jl. Seberang Masjid 2', 77),
(178, '-3.291640248', '114.593756538', 'Jembatan Jl. Cemara I', 73),
(179, '-3.359506734', '114.596350193', 'Jembatan Tatah Bangkal (SMU 9)', 98),
(180, '-3.309326698', '114.598939866', 'Jembatan Jl. Masjid Jami', 73),
(181, '-3.298426887', '114.594892723', 'Jembatan AKT dalam V', 73),
(182, '-3.319452506', '114.628521279', 'Jembatan Timur Perdana', 74),
(183, '-3.334277529', '114.627821892', 'Jembatan Komp. DPRD II', 74),
(184, '-3.346324286', '114.630957395', 'Jembatan Jalan Hikmah Banua Gang 3', 74),
(185, '-3.314374218', '114.615861923', 'Jembatan Pengambangan 2', 74),
(186, '-3.304758469', '114.578506798', 'Jembatan Jl. Belitung Gg. AA', 75),
(187, '-3.312767583', '114.584856927', 'Jembatan 3 Jalan Saka Permai', 75),
(188, '-3.305593927', '114.587130100', 'Jembatan Jl. S. Parman Gg, Kalimantan I', 75),
(189, '-3.337228316', '114.570374340', 'Jembatan Jl. Intan Sari', 75),
(190, '-3.357613133', '114.598632753', 'Jembatan AMD I', 76),
(193, '-3.360703084', '114.608886838', 'Jembatan IX Jl. Tatah Belayung', 76),
(194, '-3.353258267', '114.594628215', 'Jembatan Jl. Gerilya RT. 21 Kel. Kelayan Timur (2)', 111),
(195, '-3.352727028', '114.593775272', 'Jembatan Jl. Gerilya RT. 21 Kel. Kelayan Timur (3)', 111),
(196, '-3.373844639', '114.547968507', 'Jembatan Kuin Kacil 19', 76),
(197, '-3.373443005', '114.546345770', 'Jembatan Kuin Kacil 20', 76),
(198, '-3.355645627', '114.562404156', 'Jembatan Simpang Sei Jelai RT.27', 112),
(199, '-3.357666686', '114.598630071', 'Segmen Jalan Pemurus - Jalan Sepakat - Jalan AMD', 104),
(201, '-3.326733169', '114.592794925', 'Pasar Sepeda', 179),
(202, '-3.295822782', '114.589017034', 'Dinas Pekerjaan Umum dan Penataan Ruang', 108),
(203, '-3.291090075', '114.595131129', 'Puskesmas Kayu Tangi', 56),
(204, '-3.325311048', '114.632254243', 'Jl. Pembina 4 Komp. Rahayu Lestari', 168),
(205, '-3.321018161', '114.593906701', 'Lapangan Basket', 161),
(206, '-3.345856236', '114.628850520', 'Jl. Pramuka Gg. Muhajirin', 168),
(207, '-3.308764373', '114.592238367', 'Jl Sulawesi', 20),
(210, '-3.317172434', '114.594255388', 'Jl. Kapten Pierre Tendean No 29 Banjarmasin', 29),
(211, '-3.317073359', '114.594220519', 'Jl. Kapten Pierre Tendean No 29 Banjarmasin', 23),
(212, '-3.300937382', '114.604071435', 'jl. sultan adam depan komp. nusa indah - perempatan lampu merah sei andai', 81),
(214, '-3.280993167', '114.573535323', 'Jl. Komp. AMD Permai Blok B7', 96),
(215, '-3.281260948', '114.573406577', 'Jl. Komp. AMD Permai Blok B8', 96),
(216, '-3.327810938', '114.588791728', 'Kantor Bagian Umum Setdako Banjarmasin', 194),
(217, '-3.281528729', '114.573352933', 'Jl. Komp. AMD Permai Blok B9', 96),
(218, '-3.329222078', '114.589920938', 'Koridor RK Ilir', 105),
(220, '-3.328566313', '114.594991654', 'Jalan Teluk Kelayan, Kelurahan Kelayan Barat', 118),
(390, '-3.333060261', '114.585143924', 'RSUD Sultan Suriansyah, Jl. Rantauan Darat, Banjarmasin', 44),
(222, '-3.342907617', '114.601884484', 'Pustu Simpang Limau', 57),
(224, '-3.346209416', '114.631402642', 'Jl. Hikmah Banua Komp. Citra', 168),
(225, '-3.296404395', '114.605984688', 'Sungai Awang', 107),
(226, '-3.340096621', '114.627927840', 'Jl. Dharma Budi I Jalur 1', 168),
(227, '-3.340144819', '114.626576006', 'Jl. Dharma Budi I Jalur 2', 168),
(228, '-3.340139464', '114.634263217', 'Jl. Melati Indah 2', 168),
(229, '-3.306405283', '114.605735242', 'Gang Mika IV, Sungai Jingah, Kota Banjarmasin, Kalimantan Selatan', 97),
(230, '-3.340208815', '114.634736627', 'Jl. Melati Indah 3', 168),
(231, '-3.306389217', '114.606046379', 'Gang Mika V, Sungai Jingah, Kota Banjarmasin, Kalimantan Selatan', 97),
(232, '-3.341627970', '114.635401815', 'Jl. Melati Indah 4', 168),
(233, '-3.340986137', '114.635236859', 'Jl. Melati Indah 5', 168),
(234, '-3.340600020', '114.635539949', 'Jl. Melati Indah 6', 168),
(235, '-3.340396519', '114.635899365', 'Jl. Melati Indah 7', 168),
(236, '-3.305174056', '114.611534178', 'Jl. Banua Anyar Jl. SMPN 14', 168),
(237, '-3.325241428', '114.613092542', 'Jl. Mangga 4', 168),
(238, '-3.328534449', '114.606008828', 'Jl. Fatma Sari', 95),
(239, '-3.327940003', '114.606668651', 'Jl. Nusantara RT.09', 95),
(240, '-3.328541947', '114.593667984', 'Bantaran Sungai Martapura, Kelurahan Kelayan Barat, Kecamatan Banjarmasin Selatan, Kota Banjarmasin Provinsi Kalimantan Selatan, Indonesia', 116),
(241, '-3.291127029', '114.578695893', 'Taman Komplek Surya Gemilang', 121),
(242, '-3.288539482', '114.607573897', 'Taman Komplek Perdana Mandiri', 121),
(243, '-3.342806402', '114.573972523', 'Komplek Warga Indah I', 120),
(244, '-3.375871014', '114.582821131', 'Komplek Suaka Permata Indah', 120),
(245, '-3.338822594', '114.587128758', 'Rusunawa Ganda Maghfirah', 117),
(248, '-3.333027057', '114.585127831', 'RSUD Sultan Suriansyah Jl.Rantauan Darat Kelayan Selatan, Banjarmasin Selatan Kota Banjarmasin', 199),
(249, '-3.296824269', '114.604146034', 'Dinas Kependudukan dan Pencatatan Sipil Kota Banjarmasin Jl Sultan Adam No 18', 145),
(250, '-3.296813557', '114.604109824', 'Dinas Kependudukan dan Pencatatan Sipil Kota Banjarmasin Jl Sultan Adam No 18', 145),
(251, '-3.323044646', '114.609718323', 'Kelurahan Kuripan', 152),
(252, '-3.324072882', '114.620704651', 'Kelurahan Pengambangan', 152),
(253, '-3.344637374', '114.633750916', 'Kelurahan Pemurus Luar', 152),
(254, '-3.317217955', '114.609546661', 'Kelurahan Sungai Bilu', 152),
(255, '-3.343780529', '114.609718323', 'Kelurahan Pekapuran Raya', 152),
(256, '-3.306507038', '114.613065720', 'Kelurahan Banua Anyar', 152),
(257, '-3.323901509', '114.611864090', 'Kelurahan Kebun Bunga', 152),
(258, '-3.331356189', '114.607915878', 'Kelurahan Karang Mekar', 152),
(259, '-3.327714542', '114.588507414', 'Kantor Wali Kota Banjarmasin', 159),
(260, '-3.317022482', '114.594223201', 'Jl. Kapten Pierre Tendean No 29 Banjarmasin', 24),
(261, '-3.316966250', '114.593751132', 'Dinas Pendidikan Kota Banjarmasin', 196),
(262, '-3.307059612', '114.611467178', 'Lokasi Dibelakang BNN', 175),
(263, '-3.278052924', '114.574605525', 'Gg. Sajadah', 96),
(264, '-3.295894011', '114.589034468', 'Kantor Dinas PUPR Kota Banjarmasin', 114),
(268, '-3.327187037', '114.607435763', 'jalan kenanga I / II', 86),
(267, '-3.327577980', '114.608047307', 'jalan melati', 86),
(269, '-3.334565379', '114.615443498', 'pekerjaan trotoar kanan 2000m dan kiri 2000m', 86),
(271, '-3.323243331', '114.571622908', 'Jl. Sutoyo S Gg. Sepakat', 91),
(272, '-3.324014508', '114.578328431', 'Jl. Gunung Sari II', 198),
(273, '-3.292636227', '114.600526392', 'Komp. Awang Permai I', 97),
(276, '-3.283107297', '114.571774118', 'Jl. Komp. AMD Permai Blok H2', 96),
(275, '-3.368012895', '114.589371085', 'jalan tatah bangkal panjang 299m', 87),
(277, '-3.289478449', '114.573037270', 'Jl. HKSN Gg. Kencana RT. 17', 96),
(278, '-3.278759618', '114.573911964', 'Jl. Komp. Sudirapi RT.19', 96),
(279, '-3.304847906', '114.574951530', 'Jl. Belitung Darat Gg. Bina Warga', 92),
(280, '-3.317102813', '114.594233930', 'Jl. Kapten Pierre Tendean No 29 Banjarmasin', 29),
(281, '-3.289382718', '114.609243572', 'Jl Sungai Andai Komplek kayu bulan', 19),
(282, '-3.317092103', '114.594250023', 'Jl. Kapten Pierre Tendean No 29 Banjarmasin', 23),
(283, '-3.372120288', '114.545109272', 'kuin kacil', 21),
(284, '-3.317108169', '114.594228566', 'Jl. Kapten Pierre Tendean No 29 Banjarmasin', 22),
(286, '-3.277490582', '114.574338645', 'Jl. Komp Duta Waringin Permai Blok C', 96),
(287, '-3.277212088', '114.574240744', 'Jl. Komp Duta Waringin Permai Blok D', 96),
(288, '-3.276966063', '114.574797261', 'Jl. Komp Duta Waringin Permai Blok E', 96),
(289, '-3.293451612', '114.597755000', 'Komp. Pondok Kelapa II', 96),
(290, '-3.296389131', '114.598866440', 'Jl. Komp. Pondok Kelapa IV', 96),
(291, '-3.283790807', '114.581431914', 'Komp. Raudhatul Permai', 96),
(292, '-3.327354527', '114.588760212', 'Dinas Lingkungan Hidup Kota Banjarmasin', 138),
(293, '-3.292451461', '114.606322311', 'Komp. Purnama Permai 1 jalur 10', 96),
(294, '-3.292333638', '114.606060460', 'Komp. Purnama Permai 1 jalur 11', 96),
(295, '-3.292197071', '114.605797939', 'Komp. Purnama Permai 1 jalur 12', 96),
(296, '-3.292078245', '114.605566431', 'Komp. Purnama Permai 1 jalur 13', 96),
(297, '-3.291931971', '114.605336934', 'Komp. Purnama Permai 1 jalur 14', 96),
(298, '-3.291818165', '114.605098553', 'Komp. Purnama Permai 1 jalur 15', 96),
(299, '-3.291675573', '114.604952373', 'Komp. Purnama Permai 2 jalur 11B', 96),
(300, '-3.291447292', '114.604796134', 'Komp. Purnama Permai 2 jalur 12B', 96),
(301, '-3.272402707', '114.572170079', 'Jl. Komp. Banjar Jaya Sakti II', 96),
(302, '-3.316948845', '114.593744427', 'Dinas Pendidikan Kota Banjarmasin', 26),
(303, '-3.318200676', '114.562928528', 'Jl. Banjar Raya', 127),
(304, '-3.322578726', '114.587818086', 'RTH Kamboja Kota Banjarmasin', 213),
(305, '-3.329687995', '114.595385939', 'Kantor Satpol PP dan Damkar', 122),
(312, '-3.327356803', '114.588766582', 'Dinas Lingkungan Hidup Kota Banjarmasin', 132),
(313, '-3.327357138', '114.588762559', 'Dinas Lingkungan Hidup Kota Banjarmasin', 129),
(314, '-3.327355866', '114.588762894', 'Dinas Lingkungan Hidup Kota Banjarmasin', 133),
(315, '-3.295913826', '114.588868171', 'Kantor DPUPR Kota Banjarmasin (UPTD Pemeliharaan PJU/PJL)', 216),
(316, '-3.306378506', '114.611499310', 'Jl. P. Hidayatullah', 17),
(317, '-3.357489964', '114.618934393', 'Perumahan Pemata Regency (Perumnas)', 15),
(318, '-3.332114506', '114.605257809', 'Jl. Ki Hajar Dewantara 1 RT. 19 dan RT. 25', 95),
(319, '-3.331764802', '114.604221135', 'Jl. Ki Hajar Dewantara 7', 95),
(320, '-3.337840161', '114.630681127', 'Badan Keuangan Daerah Kota Banjarmasin', 131),
(321, '-3.331655017', '114.603867084', 'Jl. Ki Hajar Dewantara 9', 95),
(322, '-3.331819962', '114.606212676', 'Jl. Ratu Zaleha Gg. Fajar Sidik', 95),
(323, '-3.334873578', '114.613474756', 'Komplek Bulan Mas', 95),
(324, '-3.345082934', '114.642714858', 'Komplek Boga Indah 2', 95),
(325, '-3.324438655', '114.577120095', 'Jl. Gunung Sari III', 198),
(326, '-3.324590212', '114.576772749', 'Jl. Gunung Sari IV', 198),
(327, '-3.324841916', '114.576525986', 'Jl. Gunung Sari V', 198),
(328, '-3.322678336', '114.576402605', 'Jl. Sutoyo S, Gg. Surya', 198),
(329, '-3.322705113', '114.576059282', 'Jl. Sutoyo S Gg. Mufakat', 198),
(330, '-3.319460807', '114.577272981', 'Jl. Sutoyo S, Komp. Rajawali', 198),
(331, '-3.314741601', '114.576987326', 'Jl. Rawasari 6', 198),
(332, '-3.314780161', '114.576623887', 'Jl. Rawasari 8', 198),
(333, '-3.314903336', '114.576133043', 'Jl. Rawasari 9', 198),
(334, '-3.314517744', '114.575717300', 'Jl. Rawasari 10', 198),
(335, '-3.314349047', '114.575258642', 'Jl. Rawasari 12', 198),
(336, '-3.315058644', '114.573187977', 'Jl. Rawasari 23', 198),
(337, '-3.315191458', '114.583016932', 'Jl. Batu Benawa', 198),
(338, '-3.313659801', '114.583097398', 'Jl. Batu Benawa Gg. Salatiga', 198),
(340, '-3.327724181', '114.573780745', 'Jl. Wildan Sari III RT. 42', 91),
(341, '-3.331137690', '114.570123553', 'Jl. Cempaka Raya Komp. Purna Sakti RT. 30', 91),
(342, '-3.330077330', '114.568342566', 'Jl. Cempaka Raya Komp. Mekar Sari', 91),
(344, '-3.330909552', '114.565850794', 'Jl. Cempaka Raya Komp. Agraria 2 Gg. 3', 91),
(369, '-3.295884371', '114.588893652', 'Kantor Dinas PUPR Kota Banjarmasin (UPTD Pemeliharaan PJU/PJL)', 214),
(347, '-3.318400433', '114.581653029', 'SKB KOTA BANJARMASIN', 18),
(348, '-3.328695646', '114.581345916', 'Jl. Dahlia Gg. Budaya', 91),
(349, '-3.338902923', '114.583877921', 'Jl. Tanjung Berkat', 91),
(350, '-3.307383195', '114.573521912', 'Jl. Jafri Zam-zam Komp. LLASDP 2', 92),
(351, '-3.307611874', '114.571889788', 'Jl. Jafri Zam-zam Komp. Sungai Landas', 92),
(352, '-3.307522438', '114.571681917', 'Jl. Jafri Zam-zam Komp. Barito Indah', 92),
(353, '-3.312040312', '114.567838311', 'Jl. Bina Karya RT. 66', 92),
(354, '-3.314848710', '114.566505253', 'Jl. Ir. P.M. Noor Gg. Perjuangan', 92),
(355, '-3.327351983', '114.588755518', 'Dinas Lingkungan Hidup Kota Banjarmasin', 134),
(356, '-3.368474509', '114.579747319', 'TPA basirih Kota Banjarmasin', 140),
(357, '-3.323490216', '114.592809677', 'kantor balaikota', 177),
(358, '-3.325546686', '114.588689804', 'kantor balaikota', 139),
(359, '-3.295870982', '114.588886946', 'Kantor DPUPR Kota Banjarmasin (UPTD Pemeliharaan PJU/PJL)', 217),
(360, '-3.368645875', '114.579935074', 'TPA Basirih Kota Banjarmasin', 136),
(361, '-3.368645875', '114.578733444', 'TPA Basirih Kota Banjarmasin', 141),
(363, '-3.319036122', '114.564960301', 'Jl. Ir. P H M Noor', 148),
(365, '-3.315130406', '114.620066285', 'Pengambangan', 169),
(368, '-3.289898460', '114.610746950', 'TK NEGERI PEMBINA BANJARMASIN UTARA', 16),
(393, '-3.304934098', '114.591350016', 'Puskesmas S.Parman', 203),
(372, '-3.327802370', '114.588571787', 'Bagian Umum Setdako Banjarmasin', 192),
(373, '-3.308836672', '114.614093006', 'Dinas Ketahanan Pangan, Pertanian dan Perikanan Kota Banjarmasin', 208),
(376, '-3.321290751', '114.586403221', 'Kelurahan Kertak Baru Ulu', 151),
(375, '-3.315597936', '114.586827010', 'kelurahan Antasan Besar', 151),
(377, '-3.325368886', '114.586135000', 'Kelurahan Kertak Baru Ilir', 151),
(378, '-3.322782231', '114.574755728', 'Kelurahan Teluk Dalam', 151),
(379, '-3.306994387', '114.590670615', 'Kelurahan Pasar Lama', 151),
(380, '-3.311348387', '114.595671594', 'Kelurahan Seberang Mesjid', 151),
(381, '-3.317807052', '114.602865279', 'Kelurahan Melayu', 151),
(382, '-3.327221847', '114.577118754', 'Kelurahan Mawar', 219),
(384, '-3.317041226', '114.594231248', 'Jl. Kapten Pierre Tendean No 29 Banjarmasin', 211),
(385, '-3.295854915', '114.589017034', 'Lokasi pengadaan', 85),
(386, '-7.329565591', '112.730584145', 'Lokasi pekerjaan (pemenang lelang)', 85),
(387, '-3.316971605', '114.593756497', 'Dinas Pendidikan Kota Banjarmasin', 27),
(388, '-3.316939473', '114.593676031', 'Dinas Pendidikan Kota Banjarmasin', 28),
(389, '-3.295872321', '114.588870853', 'Kantor DPUPR Kota Banjarmasin (UPTD Pemeliharaan PJU/PJL)', 64),
(392, '-3.328821539', '114.588357868', 'Jl. RE Martadinata', 180),
(394, '-3.333005636', '114.585009813', 'Rumah Sakit Umum Daerah Sultan Suriansyah Kota Banjarmasin', 33),
(395, '-3.326829804', '114.601684270', 'Puskesmas Gadang Hanyar', 203),
(397, '-3.352903605', '114.621632760', 'Puskesmas Pemurus Dalam', 203),
(398, '-3.332984215', '114.584720135', 'Lokasi penempatan alat di RSUD Sultan Suriansyah', 36),
(399, '-3.330719614', '114.613188476', 'Jl. A. Yani km 4', 146),
(400, '-3.332855686', '114.584720135', 'Penempatan alat di RSUD Sultan Suriansyah', 42),
(401, '-3.332964935', '114.585009813', 'RSUD Sultan Suriansyah, Jl. Rantauan Darat, Banjarmasin', 200),
(402, '-3.332941372', '114.584945440', 'Penempatan alat di RSUD Sultan Suriansyah', 37),
(403, '-3.332995996', '114.585047364', 'RSUD Sultan Suriansyah, Jl. Rantauan Darat, Banjarmasin', 43),
(404, '-3.332941372', '114.584634304', 'Penempatan alat di RSUD Sultan Suriansyah', 34),
(405, '-3.332898529', '114.584848881', 'Lokasi penempatan alat di RSUD Sultan Suriansyah', 35),
(406, '-3.332898529', '114.584848881', 'Lokasi penempatan alat di RSUD Sultan Suriansyah', 40),
(407, '-3.332898529', '114.584848881', 'Lokasi penempatan alat di RSUD Sultan Suriansyah', 202),
(408, '-3.332855686', '114.584848881', 'Penempatan alat di RSUD Sultan Suriansyah', 38),
(409, '-3.332941372', '114.584591389', 'Penempatan alat di RSUD Sultan Suriansyah', 39),
(410, '-3.332898529', '114.584891796', 'Penempatan alat di RSUD Sultan Suriansyah', 46),
(411, '-3.332855686', '114.584805965', 'Penempatan alat di RSUD Sultan Suriansyah', 41),
(412, '0.000000000', '0.000000000', 'Penampatan Alat di Dinas Kesehatan Kota Banjarmasin', 32),
(413, '0.000000000', '0.000000000', 'Penampatan Alat di Dinas Kesehatan Kota Banjarmasin', 48),
(414, '0.000000000', '0.000000000', 'Penampatan Alat di Dinas Kesehatan Kota Banjarmasin', 49),
(415, '0.000000000', '0.000000000', 'Penampatan Alat di Dinas Kesehatan Kota Banjarmasin', 51),
(416, '0.000000000', '0.000000000', 'Penampatan Alat di Dinas Kesehatan Kota Banjarmasin', 53),
(417, '0.000000000', '0.000000000', 'Lokasi Penampatan Alat di Dinas Kesehatan Kota Banjarmasin', 55),
(418, '0.000000000', '0.000000000', 'Lokasi Penampatan Alat di Dinas Kesehatan Kota Banjarmasin', 50),
(419, '0.000000000', '0.000000000', 'Lokasi Penampatan Alat di Dinas Kesehatan Kota Banjarmasin', 52),
(420, '0.000000000', '0.000000000', 'Penampatan Alat di Dinas Kesehatan Kota Banjarmasin', 54),
(421, '-3.332898529', '114.584677219', 'Penempatan alat di RSUD Sultan Suriansyah', 45),
(422, '-3.333027057', '114.584634304', 'Lokasi penempatan alat di RSUD Sultan Suriansyah', 170),
(423, '0.000000000', '0.000000000', 'Lokasi Penampatan Alat di Dinas Kesehatan Kota Banjarmasin', 47),
(424, '0.000000000', '0.000000000', 'Lokasi Penampatan Alat di Dinas Kesehatan Kota Banjarmasin', 206),
(425, '0.000000000', '0.000000000', 'Lokasi Penampatan Alat di Dinas Kesehatan Kota Banjarmasin', 59),
(427, '-3.332855686', '114.584677219', 'Lokasi penempatan alat di RSUD Sultan Suriansyah', 176),
(428, '-3.332941372', '114.584720135', 'Lokasi penempatan alat di RSUD Sultan Suriansyah', 204),
(429, '0.000000000', '0.000000000', 'Lokasi Penampatan Alat di Dinas Kesehatan Kota Banjarmasin', 212),
(430, '0.000000000', '0.000000000', 'Lokasi Penampatan Alat di Dinas Kesehatan Kota Banjarmasin', 31),
(431, '0.000000000', '0.000000000', 'Lokasi Penampatan Alat di Dinas Kesehatan Kota Banjarmasin', 205),
(434, '-3.362119532', '114.581567198', 'Rumah Singgah Baiman Kota Banjarmasin', 124),
(433, '-3.362320351', '114.581485391', 'Rumah Singgah Baiman Kota Banjarmasin', 123);

-- --------------------------------------------------------

--
-- Table structure for table `metode`
--

CREATE TABLE IF NOT EXISTS `metode` (
  `id` tinyint(3) unsigned NOT NULL AUTO_INCREMENT,
  `nama` varchar(200) NOT NULL,
  PRIMARY KEY (`id`)
) ENGINE=MyISAM  DEFAULT CHARSET=latin1 AUTO_INCREMENT=7 ;

--
-- Dumping data for table `metode`
--

INSERT INTO `metode` (`id`, `nama`) VALUES
(2, 'Tender'),
(3, 'Tender Cepat'),
(4, 'E-Purchasing'),
(5, 'Seleksi'),
(6, 'Penunjukan Langsung');

-- --------------------------------------------------------

--
-- Table structure for table `pekerjaan`
--

CREATE TABLE IF NOT EXISTS `pekerjaan` (
  `id` int(10) unsigned NOT NULL AUTO_INCREMENT,
  `nama` varchar(200) NOT NULL,
  `kegiatan` varchar(200) NOT NULL,
  `deskripsi` text NOT NULL,
  `skpd` mediumint(8) unsigned NOT NULL,
  `jenis` tinyint(4) unsigned NOT NULL,
  `metode` tinyint(4) unsigned NOT NULL,
  `pagu` decimal(15,2) NOT NULL,
  `progress_now` tinyint(3) unsigned DEFAULT '9',
  `user` int(11) unsigned DEFAULT NULL,
  `id_rup` varchar(10) NOT NULL DEFAULT '-',
  `id_lpse` varchar(10) NOT NULL DEFAULT '-',
  `link_rup` varchar(500) NOT NULL DEFAULT '#',
  `link_lpse` varchar(500) NOT NULL DEFAULT '#',
  PRIMARY KEY (`id`),
  KEY `skpd` (`skpd`),
  KEY `jenis` (`jenis`),
  KEY `metode` (`metode`),
  KEY `progress_now` (`progress_now`)
) ENGINE=MyISAM  DEFAULT CHARSET=latin1 AUTO_INCREMENT=220 ;

--
-- Dumping data for table `pekerjaan`
--

INSERT INTO `pekerjaan` (`id`, `nama`, `kegiatan`, `deskripsi`, `skpd`, `jenis`, `metode`, `pagu`, `progress_now`, `user`, `id_rup`, `id_lpse`, `link_rup`, `link_lpse`) VALUES
(14, 'Penyusunan Rencana Pengembangan Kawasan Industri Terpadu Mantuil Kota Banjarmasin', 'Koordinasi  Perencanaan  Pembangunan  Sub Bidang   Ekonomi Hulu', 'Dokumen akan digunakan sebagai dasar bagi pihak-pihak terkait dalam mengembangkan kawasan industri baik bagi Aparatur Pemerintah dalam penertiban izin dan pembinaan serta pengawasan, maupun bagi dunia usaha dalam melihat peluang investasi di bidang pengembangan industri dan kawasan industri di Kota Banjarmasin. Lokasi di Mantuil Kecamatan Banjarmasin Selatan.', 40, 3, 5, '300000000.00', 4, 49, '21459887', '3163024', 'https://sirup.lkpp.go.id/sirup/ro/cari?tahunAnggaran=2019&keyword=21459887&jenisPengadaan=0&metodePengadaan=0', 'http://lpse.banjarmasinkota.go.id/eproc4/lelang/3163024/pengumumanlelang'),
(15, 'Pembangunan Gedung TK Pembina Negeri Banjarmasin Selatan (Pembangunan Unit Sekolah Baru (USB) TK Negeri)', 'Pembangunan Gedung Sekolah', 'Pembangunan TK Pembina Banjarmasin Selatan di Kec. Banjarmasin Selatan (Pembangunan Baru)', 1, 2, 2, '1337873000.00', 8, 110, '21586313', '', 'https://sirup.lkpp.go.id/sirup/ro/cari?tahunAnggaran=2019&keyword=21586313&jenisPengadaan=0&metodePengadaan=0', 'http://lpse.banjarmasinkota.go.id/eproc4/lelang//pengumumanlelang'),
(16, 'Pembangunan Gedung TK Pembina Negeri Banjarmasin Utara (lanjutan)', 'Pembangunan Gedung Sekolah', 'PEMBANGUNAN GEDUNG TK NEGERI PEMBINA BANJARMASIN UTARA', 1, 2, 2, '798355000.00', 2, 110, '21586296', '3392024', 'https://sirup.lkpp.go.id/sirup/ro/cari?tahunAnggaran=2019&keyword=21586296&jenisPengadaan=0&metodePengadaan=0', 'http://lpse.banjarmasinkota.go.id/eproc4/lelang/3392024/pengumumanlelang'),
(17, 'Pembangunan Gedung TK Pembina Negeri Banjarmasin Timur', 'Pembangunan Gedung Sekolah', 'Membangun kembali TK Pembina Banjarmasin Timur di lokasi yang sama, karena kondisi TK Pembina sebelumnya sangat memprihatinkan.', 1, 2, 2, '1794975000.00', 3, 110, '21586290', '3326024', 'https://sirup.lkpp.go.id/sirup/ro/cari?tahunAnggaran=2019&keyword=21586290&jenisPengadaan=0&metodePengadaan=0', 'http://lpse.banjarmasinkota.go.id/eproc4/lelang/3326024/pengumumanlelang'),
(18, 'Belanja modal pengadaan Personal Komputer (Pengadaan Komputer) DAK SKB', 'Pengadaan Peralatan Pendidikan (DAK SKB)', '...', 1, 1, 4, '260000000.00', 8, 110, '1', '1', 'https://sirup.lkpp.go.id/sirup/ro/cari?tahunAnggaran=2019&keyword=1&jenisPengadaan=0&metodePengadaan=0', 'http://lpse.banjarmasinkota.go.id/eproc4/lelang/1/pengumumanlelang'),
(19, 'Penambahan Ruang Kelas SDN Sungai Andai 3 (lanjutan)', 'Penambahan Ruang Kelas Sekolah', 'Penambahan ruang kelas SDN Sungai Andai 3 ', 1, 2, 2, '400000000.00', 2, 54, '19447674', '3406024', 'https://sirup.lkpp.go.id/sirup/ro/cari?tahunAnggaran=2019&keyword=19447674&jenisPengadaan=0&metodePengadaan=0', 'http://lpse.banjarmasinkota.go.id/eproc4/lelang/3406024/pengumumanlelang'),
(20, 'Penambahan Ruang Kelas SDN Pasar Lama 3 (2 Kelas)', 'Penambahan Ruang Kelas Sekolah', 'Penambahan Ruang Kelas SD Pasar Lama 3', 1, 2, 2, '1025000000.00', 2, 54, '19447630', '3404024', 'https://sirup.lkpp.go.id/sirup/ro/cari?tahunAnggaran=2019&keyword=19447630&jenisPengadaan=0&metodePengadaan=0', 'http://lpse.banjarmasinkota.go.id/eproc4/lelang/3404024/pengumumanlelang'),
(21, 'Pembangunan Gedung Perpustakaan Sekolah SDN Basirih 10 (Tahap 1)', 'Pembangunan Perpustakaan Sekolah', 'Pembangunan Gedung perpustakaan SDN Basirih 10', 1, 2, 2, '260000000.00', 2, 54, '19451141', '3395024', 'https://sirup.lkpp.go.id/sirup/ro/cari?tahunAnggaran=2019&keyword=19451141&jenisPengadaan=0&metodePengadaan=0', 'http://lpse.banjarmasinkota.go.id/eproc4/lelang/3395024/pengumumanlelang'),
(22, 'Belanja Pengadaan Kursi SDN', 'Pengadaan Mebeluer Sekolah', 'Belanja Pengadaan Kursi SDN', 1, 1, 4, '242060000.00', 2, 54, '19477517', '0', 'https://sirup.lkpp.go.id/sirup/ro/cari?tahunAnggaran=2019&keyword=19477517&jenisPengadaan=0&metodePengadaan=0', 'http://lpse.banjarmasinkota.go.id/eproc4/lelang/0/pengumumanlelang'),
(23, 'Belanja Pengadaan Meja SDN', 'Pengadaan Mebeluer Sekolah', 'Pengadaan Mebeler berupa meja siswa', 1, 1, 4, '347165000.00', 3, 54, '19477467', '0', 'https://sirup.lkpp.go.id/sirup/ro/cari?tahunAnggaran=2019&keyword=19477467&jenisPengadaan=0&metodePengadaan=0', 'http://lpse.banjarmasinkota.go.id/eproc4/lelang/0/pengumumanlelang'),
(24, 'Pengadaan Buku Koleksi Perpustakaan (DAK SD)', 'Pengadaan Buku Koleksi Perpustakaan (DAK SD)', 'Pengadaan buku koleksi perpustakaan (buku Referensi, buku pengayaan buku panduan pendidikan)', 1, 1, 4, '1850000000.00', 4, 54, '20076129', '0', 'https://sirup.lkpp.go.id/sirup/ro/cari?tahunAnggaran=2019&keyword=20076129&jenisPengadaan=0&metodePengadaan=0', 'http://lpse.banjarmasinkota.go.id/eproc4/lelang/0/pengumumanlelang'),
(26, 'Pengadaan Komputer', 'Pengadaan Peralatan Penunjang UNBK SMP', ' Pengadaan Peralatan Penunjang Ujian Nasional Berbasis Komputer Program Wajib Belajar Pendidikan Dasar Sembilan Tahun sebanyak 60 (enam puluh) unit komputer', 1, 1, 4, '492225000.00', 3, 53, '19285239', '1561303', 'https://sirup.lkpp.go.id/sirup/ro/cari?tahunAnggaran=2019&keyword=19285239&jenisPengadaan=0&metodePengadaan=0', 'http://lpse.banjarmasinkota.go.id/eproc4/lelang/1561303/pengumumanlelang'),
(27, 'Pengadaan Meja SMPN', 'Pengadaan Mebeleur SMP', 'Paket pengadaan meja untuk siswa SMPN di Pemerintah Kota Banjarmasin, tunjuan nya adalah untuk memberikan kenyamanan bagi siswa dalam proses belajar dan mengajar', 1, 1, 4, '595791000.00', 3, 53, '19284685', '1908172118', 'https://sirup.lkpp.go.id/sirup/ro/cari?tahunAnggaran=2019&keyword=19284685&jenisPengadaan=0&metodePengadaan=0', 'http://lpse.banjarmasinkota.go.id/eproc4/lelang/19081721187/pengumumanlelang'),
(28, 'Pengadaan Kursi SMPN', 'Pengadaan Mebeleur SMP', 'Paket pengadaan meja untuk siswa SMPN di Pemerintah Kota Banjarmasin, tunjuan nya adalah untuk memberikan kenyamanan bagi siswa dalam proses belajar dan mengajar', 1, 1, 4, '399693000.00', 2, 53, '19284726', '1908172118', 'https://sirup.lkpp.go.id/sirup/ro/cari?tahunAnggaran=2019&keyword=19284726&jenisPengadaan=0&metodePengadaan=0', 'http://lpse.banjarmasinkota.go.id/eproc4/lelang/19081721187/pengumumanlelang'),
(29, 'Belanja Cetak Cover Raport K13 SD', 'Pengadaan Buku-buku dan Alat Tulis Siswa', 'Belanja Cetak Coper Raport K-13 SD tahun 2019 untuk Seluruh Sekolah Dasar di kota Banjarmasin Khusus  Kelas 1', 1, 4, 3, '590940000.00', 2, 54, '19476991', '3132024', 'https://sirup.lkpp.go.id/sirup/ro/cari?tahunAnggaran=2019&keyword=19476991&jenisPengadaan=0&metodePengadaan=0', 'http://lpse.banjarmasinkota.go.id/eproc4/lelang/3132024/pengumumanlelang'),
(31, 'Belanja Modal Pengadaan Sentrifuge', 'Pengadaan Alat Medis Puskesmas', 'Belanja Modal Pengadaan Sentrifuge Untuk 26 puskesmas se-kota Banjarmasin (Dana APBD)', 2, 1, 4, '401950000.00', 9, 65, '19780651', '', 'https://sirup.lkpp.go.id/sirup/ro/cari?tahunAnggaran=2019&keyword=19780651&jenisPengadaan=0&metodePengadaan=0', 'http://lpse.banjarmasinkota.go.id/eproc4/lelang//pengumumanlelang'),
(32, 'Belanja Modal Pengadaan Alat Kedokteran Bagian Penyakit Dalam', 'Pengadaan Alat Medis Puskesmas', 'Belanja Modal Pengadaan Alat Kedokteran Bagian Penyakit Dalam Untuk 26 puskesmas se-kota Banjarmasin (Dana APBD)', 2, 1, 4, '299874460.00', 9, 65, '19834278', '', 'https://sirup.lkpp.go.id/sirup/ro/cari?tahunAnggaran=2019&keyword=19834278&jenisPengadaan=0&metodePengadaan=0', 'http://lpse.banjarmasinkota.go.id/eproc4/lelang//pengumumanlelang'),
(33, 'Belanja Modal Pengadaan Alat Kedokteran Bedah', 'Pengadaan Alat-Alat Kesehatan Rumah Sakit', 'Belanja pengadaan alat-alat kesehatan pada Rumah Sakit Umum Daerah Sultan Suriansyah Kota Banjarmasin untuk ruang poliklinik bedah, ruang persiapan (sebelum tindakan), kamar bedah (OK), ruang Recorvery Room.', 2, 1, 4, '6778636415.00', 9, 65, '21705365', '0', 'https://sirup.lkpp.go.id/sirup/ro/cari?tahunAnggaran=2019&keyword=21705365&jenisPengadaan=0&metodePengadaan=0', 'http://lpse.banjarmasinkota.go.id/eproc4/lelang/0/pengumumanlelang'),
(34, 'Belanja Modal Pengadaan Alat Kedokteran Gawat Darurat', 'Pengadaan Alat-Alat Kesehatan Rumah Sakit', 'Belanja Modal Pengadaan Alat Kedokteran Gawat Darurat Untuk RSUD Sultan Suriansyah Kota Banjarmasin', 2, 1, 4, '1262356600.00', 9, 65, '19852057', '', 'https://sirup.lkpp.go.id/sirup/ro/cari?tahunAnggaran=2019&keyword=19852057&jenisPengadaan=0&metodePengadaan=0', 'http://lpse.banjarmasinkota.go.id/eproc4/lelang//pengumumanlelang'),
(35, 'Belanja Modal Pengadaan Alat Kedokteran Gigi', 'Pengadaan Alat-Alat Kesehatan Rumah Sakit', 'Belanja Modal Pengadaan Alat Kedokteran Gigi Untuk RSUD Sultan Suriansyah Kota Banjarmasin', 2, 1, 4, '1193911225.00', 9, 65, '19827353', '', 'https://sirup.lkpp.go.id/sirup/ro/cari?tahunAnggaran=2019&keyword=19827353&jenisPengadaan=0&metodePengadaan=0', 'http://lpse.banjarmasinkota.go.id/eproc4/lelang//pengumumanlelang'),
(36, 'Belanja Modal Pengadaan Alat Kedokteran Radiologi', 'Pengadaan Alat-Alat Kesehatan Rumah Sakit', 'Pengadaan alat-alat kedokteran radiologi berupa, mesin x ray, Film Viewer, dan peralatan radiasi berupa USG radiologi', 2, 1, 4, '3829886700.00', 9, 65, '19851862', '', 'https://sirup.lkpp.go.id/sirup/ro/cari?tahunAnggaran=2019&keyword=19851862&jenisPengadaan=0&metodePengadaan=0', 'http://lpse.banjarmasinkota.go.id/eproc4/lelang//pengumumanlelang'),
(37, 'Belanja Modal Pengadaan Alat Kesehatan Kebidanan dan Penyakit Kandungan', 'Pengadaan Alat-Alat Kesehatan Rumah Sakit', 'Belanja modal pengadaan alat kesehatan kebidanan dan penyakit kandungan Untuk RSUD Sultan Suriansyah Kota Banjarmasin', 2, 1, 4, '2047342660.00', 9, 65, '19833962', '', 'https://sirup.lkpp.go.id/sirup/ro/cari?tahunAnggaran=2019&keyword=19833962&jenisPengadaan=0&metodePengadaan=0', 'http://lpse.banjarmasinkota.go.id/eproc4/lelang//pengumumanlelang'),
(38, 'Belanja Modal Pengadaan Alat Kesehatan Perawatan', 'Pengadaan Alat-Alat Kesehatan Rumah Sakit', 'Belanja Modal Pengadaan Alat Kesehatan Perawatan Untuk RSUD Sultan Suriansyah Kota Banjarmasin', 2, 1, 4, '579627972.00', 9, 65, '19852197', '', 'https://sirup.lkpp.go.id/sirup/ro/cari?tahunAnggaran=2019&keyword=19852197&jenisPengadaan=0&metodePengadaan=0', 'http://lpse.banjarmasinkota.go.id/eproc4/lelang//pengumumanlelang'),
(39, 'Belanja Modal Pengadaan Alat Laboratorium Hematologi', 'Pengadaan Alat-Alat Kesehatan Rumah Sakit', 'Belanja Modal Pengadaan Alat Laboratorium Hematologi Untuk RSUD Sultan Suriansyah Kota Banjarmasin', 2, 1, 4, '564601000.00', 9, 65, '19852535', '', 'https://sirup.lkpp.go.id/sirup/ro/cari?tahunAnggaran=2019&keyword=19852535&jenisPengadaan=0&metodePengadaan=0', 'http://lpse.banjarmasinkota.go.id/eproc4/lelang//pengumumanlelang'),
(40, 'Belanja Modal Pengadaan Alat Laboratorium Kimia', 'Pengadaan Alat-Alat Kesehatan Rumah Sakit', 'Belanja Modal Pengadaan Alat Laboratorium Kimia Untuk RSUD Sultan Suriansyah Kota Banjarmasin', 2, 1, 4, '1186988421.00', 9, 65, '19852465', '', 'https://sirup.lkpp.go.id/sirup/ro/cari?tahunAnggaran=2019&keyword=19852465&jenisPengadaan=0&metodePengadaan=0', 'http://lpse.banjarmasinkota.go.id/eproc4/lelang//pengumumanlelang'),
(41, 'Belanja Modal Pengadaan Alat Laboratorium Lainnya', 'Pengadaan Alat-Alat Kesehatan Rumah Sakit', 'Belanja Modal Pengadaan Alat Laboratorium Lainnya Untuk RSUD Sultan Suriansyah Kota Banjarmasin', 2, 1, 4, '331465518.00', 9, 65, '19852615', '', 'https://sirup.lkpp.go.id/sirup/ro/cari?tahunAnggaran=2019&keyword=19852615&jenisPengadaan=0&metodePengadaan=0', 'http://lpse.banjarmasinkota.go.id/eproc4/lelang//pengumumanlelang'),
(42, 'Belanja Pengadaan Sterilisasi', 'Pengadaan Alat-Alat Kesehatan Rumah Sakit', 'Belanja modal pengadaan alat kesehatan perawatan berupa, belanja pengadaan; Mesin cuci, pengering, Trolly Laundry, Trolly Linen Hamper Carriage Untuk RSUD Sultan Suriansyah', 2, 1, 4, '2900700000.00', 9, 65, '19852197', '', 'https://sirup.lkpp.go.id/sirup/ro/cari?tahunAnggaran=2019&keyword=19852197&jenisPengadaan=0&metodePengadaan=0', 'http://lpse.banjarmasinkota.go.id/eproc4/lelang//pengumumanlelang'),
(43, 'Belanja modal pengadaan Peralatan Studio Visual', 'Pengadaan Alat-alat Non Medis Rumah Sakit', 'b.Gambaran Umum\r\n1. Pembangunan kesehatan selama ini dititik beratkan pada upaya peningkatan mutu, dan kesempatan untuk mendapatkan pelayanan kesehatan, dengan penanganan operasional melalui pelayanan kuratif dan rehabilitative di Rumah Sakit. Untuk mengupayakan hal tersebut secara berkelanjutan perlu adanya pengembangan/peningkatan maupun pemeliharaan sarana dan prasarana pelayanan di Rumah Sakit\r\n2. Di era globalisasi sekarang ini rumah sakit dituntut untuk lebih meningkatkan kinerja dan berdaya saing dengan baik serta harus mampu merumuskan kebijakan-kebijakan strategi antara lain efisiensi dari dalam (organisasi, manajemen dan SDM) serta harus mampu secara cepat dan tepat mengambil kebutusan untuk peningkatan pelayanan kepada masyarakat.\r\n3. Pemerintah Kota Banjarmasin yang memiliki semboyan  Banjarmasin Bisa, Banjarmasin Baiman Banjarmasin Barasih Wan Nyaman  dalam hal ini mengupayakan semaksimal mungkin agar masyarakat Kota Banjarmasin Nyaman berobat, untuk itu perlu adanya pengadaan berbagai macam alat-alat non medis antara lain Pengadaan Peralatan Studio Visual sebagai sarana untuk menunjang pelayanan di Rumah Sakit.\r\n', 2, 1, 4, '324000000.00', 4, 62, '21762079', '0', 'https://sirup.lkpp.go.id/sirup/ro/cari?tahunAnggaran=2019&keyword=21762079&jenisPengadaan=0&metodePengadaan=0', 'http://lpse.banjarmasinkota.go.id/eproc4/lelang/0/pengumumanlelang'),
(44, 'Belanja modal pengadaan Personal Komputer', 'Pengadaan Alat-alat Non Medis Rumah Sakit', 'b.Gambaran Umum\r\n1. Pembangunan kesehatan selama ini dititik beratkan pada upaya peningkatan mutu, dan kesempatan untuk mendapatkan pelayanan kesehatan, dengan penanganan operasional melalui pelayanan kuratif dan rehabilitative di Rumah Sakit. Untuk mengupayakan hal tersebut secara berkelanjutan perlu adanya pengembangan/peningkatan maupun pemeliharaan sarana dan prasarana pelayanan di Rumah Sakit\r\n2. Di era globalisasi sekarang ini rumah sakit dituntut untuk lebih meningkatkan kinerja dan berdaya saing dengan baik serta harus mampu merumuskan kebijakan-kebijakan strategi antara lain efisiensi dari dalam (organisasi, manajemen dan SDM) serta harus mampu secara cepat dan tepat mengambil kebutusan untuk peningkatan pelayanan kepada masyarakat.\r\n3. Pemerintah Kota Banjarmasin yang memiliki semboyan  Banjarmasin Bisa, Banjarmasin Baiman Banjarmasin Barasih Wan Nyaman  dalam hal ini mengupayakan semaksimal mungkin agar masyarakat Kota Banjarmasin Nyaman berobat, untuk itu perlu adanya pengadaan berbagai macam alat-alat non medis antara lain Pengadaan Komputer sebagai sarana untuk menunjang pelayanan di Rumah Sakit.\r\n', 2, 1, 4, '904250000.00', 4, 62, '19955531', '0', 'https://sirup.lkpp.go.id/sirup/ro/cari?tahunAnggaran=2019&keyword=19955531&jenisPengadaan=0&metodePengadaan=0', 'http://lpse.banjarmasinkota.go.id/eproc4/lelang/0/pengumumanlelang'),
(45, 'Belanja Alat-Alat Kesehatan', 'Pengadaan obat-obatan RS', 'Belanja Alat-Alat Kesehatan (Belanja BMHP dan perbekalan kesehatan untuk RSUD Sultan Suriansyah) (Dana APBD)', 2, 1, 4, '200800000.00', 9, 65, '19854183', '', 'https://sirup.lkpp.go.id/sirup/ro/cari?tahunAnggaran=2019&keyword=19854183&jenisPengadaan=0&metodePengadaan=0', 'http://lpse.banjarmasinkota.go.id/eproc4/lelang//pengumumanlelang'),
(46, 'Belanja bahan obat-obatan', 'Pengadaan obat-obatan RS', 'Belanja bahan Obat-Obatan Untuk Rumah Sakit Sultan Suriansyah Kota Banjarmasin', 2, 1, 4, '530145000.00', 9, 65, '19853740', '', 'https://sirup.lkpp.go.id/sirup/ro/cari?tahunAnggaran=2019&keyword=19853740&jenisPengadaan=0&metodePengadaan=0', 'http://lpse.banjarmasinkota.go.id/eproc4/lelang//pengumumanlelang'),
(47, 'Belanja Bahan Obat-Obatan Generik', 'Peningkatan Ketersediaan Obat Publik dan Perbekalan Kesehatan', 'Belanja Bahan Obat-obatan  Generik untuk kebutuhan 26 puskesmas se-kota banjarmasin (Dana APBD)', 2, 1, 4, '1973800000.00', 9, 65, '19896453', '', 'https://sirup.lkpp.go.id/sirup/ro/cari?tahunAnggaran=2019&keyword=19896453&jenisPengadaan=0&metodePengadaan=0', 'http://lpse.banjarmasinkota.go.id/eproc4/lelang//pengumumanlelang'),
(48, 'Belanja Bahan Obat-Obatan Gigi', 'Peningkatan Ketersediaan Obat Publik dan Perbekalan Kesehatan', 'Belanja Bahan Obat-Obatan Gigi Untuk 26 puskesmas se-kota Banjarmasin (Dana APBD)', 2, 1, 4, '253600000.00', 9, 65, '19896720', '', 'https://sirup.lkpp.go.id/sirup/ro/cari?tahunAnggaran=2019&keyword=19896720&jenisPengadaan=0&metodePengadaan=0', 'http://lpse.banjarmasinkota.go.id/eproc4/lelang//pengumumanlelang'),
(49, 'Belanja Reagent Hematologi Analizer A Puskesmas', 'Peningkatan Ketersediaan Obat Publik dan Perbekalan Kesehatan', 'Belanja Reagent Hematologi Analizer A Puskesmas Untuk 26 puskesmas se-kota Banjarmasin (Dana APBD)', 2, 1, 4, '200850000.00', 9, 65, '19897523', '', 'https://sirup.lkpp.go.id/sirup/ro/cari?tahunAnggaran=2019&keyword=19897523&jenisPengadaan=0&metodePengadaan=0', 'http://lpse.banjarmasinkota.go.id/eproc4/lelang//pengumumanlelang'),
(50, 'Belanja Reagent Hematologi Analizer B Puskesmas', 'Peningkatan Ketersediaan Obat Publik dan Perbekalan Kesehatan', 'Belanja Reagent Hematologi Analizer B Puskesmas Untuk 26 puskesmas se-kota Banjarmasin (Dana APBD)', 2, 1, 4, '200850000.00', 9, 65, '19897662', '', 'https://sirup.lkpp.go.id/sirup/ro/cari?tahunAnggaran=2019&keyword=19897662&jenisPengadaan=0&metodePengadaan=0', 'http://lpse.banjarmasinkota.go.id/eproc4/lelang//pengumumanlelang'),
(51, 'Belanja Reagent HIV dan Syphilis', 'Peningkatan Ketersediaan Obat Publik dan Perbekalan Kesehatan', 'Belanja Reagent HIV dan Syphilis Untuk 26 puskesmas se-kota Banjarmasin', 2, 1, 4, '200850000.00', 9, 65, '19907688', '', 'https://sirup.lkpp.go.id/sirup/ro/cari?tahunAnggaran=2019&keyword=19907688&jenisPengadaan=0&metodePengadaan=0', 'http://lpse.banjarmasinkota.go.id/eproc4/lelang//pengumumanlelang'),
(52, 'Belanja Reagent Klinis A Puskesmas', 'Peningkatan Ketersediaan Obat Publik dan Perbekalan Kesehatan', 'Belanja Reagent Klinis A Puskesmas Untuk 26 puskesmas se-kota Banjarmasin (Dana APBD)', 2, 1, 4, '200850000.00', 9, 65, '19897980', '', 'https://sirup.lkpp.go.id/sirup/ro/cari?tahunAnggaran=2019&keyword=19897980&jenisPengadaan=0&metodePengadaan=0', 'http://lpse.banjarmasinkota.go.id/eproc4/lelang//pengumumanlelang'),
(53, 'Belanja Reagent Klinis B Puskesmas', 'Peningkatan Ketersediaan Obat Publik dan Perbekalan Kesehatan', 'Belanja Reagent Klinis B Puskesmas Untuk 26 puskesmas se-kota Banjarmasin (Dana APBD)', 2, 1, 4, '200850000.00', 9, 65, '19898153', '', 'https://sirup.lkpp.go.id/sirup/ro/cari?tahunAnggaran=2019&keyword=19898153&jenisPengadaan=0&metodePengadaan=0', 'http://lpse.banjarmasinkota.go.id/eproc4/lelang//pengumumanlelang'),
(54, 'Belanja Reagent Klinis C Puskesmas', 'Peningkatan Ketersediaan Obat Publik dan Perbekalan Kesehatan', 'Belanja Reagent Klinis C Puskesmas Untuk 26 puskesmas se-kota Banjarmasin (Dana APBD)', 2, 1, 4, '200850000.00', 9, 65, '19898431', '', 'https://sirup.lkpp.go.id/sirup/ro/cari?tahunAnggaran=2019&keyword=19898431&jenisPengadaan=0&metodePengadaan=0', 'http://lpse.banjarmasinkota.go.id/eproc4/lelang//pengumumanlelang'),
(55, 'Belanja Reagent Stik Untuk Puskesmas', 'Peningkatan Ketersediaan Obat Publik dan Perbekalan Kesehatan', 'Belanja Reagent Stik Untuk Puskesmas Untuk 26 puskesmas se-kota Banjarmasin (Dana APBD)', 2, 1, 4, '200850000.00', 9, 65, '19907487', '', 'https://sirup.lkpp.go.id/sirup/ro/cari?tahunAnggaran=2019&keyword=19907487&jenisPengadaan=0&metodePengadaan=0', 'http://lpse.banjarmasinkota.go.id/eproc4/lelang//pengumumanlelang'),
(56, 'DED Pembangunan/Rehab Total Puskesmas Kayu Tangi  (Dana Insentif Daerah)', 'Rehabilitasi Sedang/Berat Gedung/Bangunan', 'DED Pembangunan/ Rehab Total Puskesmas Kayu Tangi, diperlukan karena:\r\n1. Setiap pelaksanaan konstruksi fisik bangunan gedung negara yang dilakukan oleh kontraktor pelaksana harus mendapatkan Perencanaan secara teknis di lapangan, agar rencana teknis yang telah disiapkan dan digunakan sebagai dasar pelaksanaan konstruksi dapat berlangsung  tepat mutu, tepat waktu, tepat biaya, dan tertib administrasinya.\r\n2. Pelaksanaan Perencanaan lapangan harus dilakukan oleh penyedia jasa konstruksi pemberi jasa Perencanaan yang kompeten, dan dilakukan secara penuh waktu  dengan menempatkan tenaga-tenaga ahli Perencanaan di lapangan sesuai kebutuhan dan kompleksitas pekerjaan. \r\n3. Konsultan Perencanaan bertujuan secara umum mengawasai pekerjaan konstruksi, dari segi masukan, proses dan produk kegiatan.\r\n4. Kinerja Perencanaan lapangan sangat ditentukan oleh kualitas komitmen dan intensitas Perencanaan, serta yang secara menyeluruh dapat melakukan kegiatannya berdasarkan Kerangka Acuan Kerja (KAK) yang telah disepakati.\r\n', 2, 3, 5, '220400000.00', 2, 64, '21764860', '3346024', 'https://sirup.lkpp.go.id/sirup/ro/cari?tahunAnggaran=2019&keyword=21764860&jenisPengadaan=0&metodePengadaan=0', 'http://lpse.banjarmasinkota.go.id/eproc4/lelang/3346024/pengumumanlelang'),
(57, 'Pembangunan Pustu Simpang Limau (Dana Insentif Daerah)', 'Rehabilitasi Sedang/Berat Gedung/Bangunan', 'Seiring dengan peningkatan kebutuhan masyarakat terhadap pelayanan puskesmas, maka Pustu Simpang Limau Kota Banjarmasin perlu melakukan perbaikan pelayanan di bidang kesehatan, baik terhadap pelayanan masyarakat secara langsung maupun terhadap pelayanan internal untuk meningkatkan kinerja operasional terkait. Guna peningkatan pelayanan masyarakat tersebut, terutama dalam bidang Kesehatan Masyarakat khususnya wilayah Kota Banjarmasin melihat kondisi Pustu Simpang Limau yang ada sekarang ini sudah tidak layak lagi digunakan karena kontruksi bangunan sudah rusak dimakan usia dan status kepemilikan bangunan belum jelas maka Dinas Kesehatan Kota Banjarmasin  berencana melaksanakan pembangunan Puskesmas pembantu  yang merupakan sarana pendukung pelayanan Kesehatan Masyarakat.', 2, 2, 2, '453900000.00', 2, 64, '21719689', '3391024', 'https://sirup.lkpp.go.id/sirup/ro/cari?tahunAnggaran=2019&keyword=21719689&jenisPengadaan=0&metodePengadaan=0', 'http://lpse.banjarmasinkota.go.id/eproc4/lelang/3391024/pengumumanlelang'),
(58, 'Rehab Sedang Rumah Dinas Puskesmas Terminal (Dana Insentif Daerah)', 'Rehabilitasi Sedang/Berat Gedung/Bangunan', 'Seiring dengan peningkatan kebutuhan masyarakat terhadap pelayanan puskesmas, maka Puskesmas Terminal Kota Banjarmasin perlu melakukan perbaikan pelayanan, baik terhadap pelayanan masyarakat secara langsung maupun terhadap pelayanan internal untuk meningkatkan kinerja operasional terkait. Guna peningkatan pelayanan masyarakat tersebut, terutama dalam bidang Kesehatan Masyarakat khususnya wilayah Kota Banjarmasin melihat kondisi rumah dinas yang ada sekarang ini sudah tidak dapat lagi digunakan karena kontruksi bangunan sudah rusak dimakan usia maka Dinas Kesehatan Kota Banjarmasin  berencana melaksanakan Rehabilitasi Rumah Dinas yang merupakan sarana pendukung pelayanan Kesehatan Masyarakat.', 2, 2, 2, '353250000.00', 3, 64, '21719671', '3345024', 'https://sirup.lkpp.go.id/sirup/ro/cari?tahunAnggaran=2019&keyword=21719671&jenisPengadaan=0&metodePengadaan=0', 'http://lpse.banjarmasinkota.go.id/eproc4/lelang/3345024/pengumumanlelang'),
(59, 'Belanja Bahan Obat-Obatan Penunjang (Belanja Bahan Obat-Obatan Penunjang, Poliklinik Pemko, Program Gizi)', 'Peningkatan Ketersediaan Obat Publik dan Perbekalan Kesehatan', 'Belanja Bahan Obat-Obatan Penunjang (Belanja Bahan Obat-Obatan Penunjang, Poliklinik Pemko, Program Gizi) Untuk 26 puskesmas se-kota Banjarmasin (Dana APBD)', 2, 1, 3, '1599400000.00', 9, 65, '21667265', '', 'https://sirup.lkpp.go.id/sirup/ro/cari?tahunAnggaran=2019&keyword=21667265&jenisPengadaan=0&metodePengadaan=0', 'http://lpse.banjarmasinkota.go.id/eproc4/lelang//pengumumanlelang'),
(60, 'Belanja cetak', 'Pembinaan Pelayanan Kesehatan Usia Lanjut', '', 2, 1, 2, '573750000.00', 9, 63, '-', '-', '#', '#'),
(61, 'Belanja Modal Pengadaan Aplikasi SIM RS', 'Pengadaan Alat-alat Non Medis Rumah Sakit', 'Software Aplikasi SIMRS', 2, 1, 2, '836102600.00', 2, 62, '21808060', '3409024', 'https://sirup.lkpp.go.id/sirup/ro/cari?tahunAnggaran=2019&keyword=21808060&jenisPengadaan=0&metodePengadaan=0', 'http://lpse.banjarmasinkota.go.id/eproc4/lelang/3409024/pengumumanlelang'),
(62, 'Normalisasi Sungai Andai ke Sungai Gampa', 'Pelaksanaan Normalisasi Saluran Sungai Kecil', '', 3, 2, 2, '419900000.00', 9, 113, '-', '-', '#', '#'),
(63, 'Normalisasi Sungai Lumbah', 'Pelaksanaan Normalisasi Saluran Sungai Kecil', '', 3, 2, 2, '418000000.00', 9, 113, '-', '-', '#', '#'),
(64, 'Pengadaan Alat Listrik', 'Pemasangan dan Peningkatan Mutu Penerangan Jalan Umum (PJU)', 'Pengadaan alat-alat listrik untuk pemasangan dan peningkatan mutu penerangan jalan umum dan lingkungan di Kota Banjarmasin', 3, 1, 2, '998784400.00', 4, 101, '21374104', '3385024', 'https://sirup.lkpp.go.id/sirup/ro/cari?tahunAnggaran=2019&keyword=21374104&jenisPengadaan=0&metodePengadaan=0', 'http://lpse.banjarmasinkota.go.id/eproc4/lelang/3385024/pengumumanlelang'),
(66, 'DED Jembatan Antasan Bromo', 'Pembangunan dan Peningkatan Jembatan (Non Fisik)', 'Perencanaan DED Jembatan Antasan Bromo ', 3, 3, 5, '500000000.00', 4, 109, '19142236', '3028024', 'https://sirup.lkpp.go.id/sirup/ro/cari?tahunAnggaran=2019&keyword=19142236&jenisPengadaan=0&metodePengadaan=0', 'http://lpse.banjarmasinkota.go.id/eproc4/lelang/3028024/pengumumanlelang'),
(67, 'DED Jembatan HKSN 01', 'Pembangunan dan Peningkatan Jembatan (Non Fisik)', 'Perencanaan DED Jembatan HKSN 01', 3, 3, 5, '350000000.00', 4, 109, '19142208', '3029024', 'https://sirup.lkpp.go.id/sirup/ro/cari?tahunAnggaran=2019&keyword=19142208&jenisPengadaan=0&metodePengadaan=0', 'http://lpse.banjarmasinkota.go.id/eproc4/lelang/3029024/pengumumanlelang'),
(161, 'Pengadaan Pemagaran keliling 2 Lapangan Basket Siring bekantan', 'Pembangunan dan Pemeliharaan Sarana Olahraga', 'Memagar lapangan basket siring bekantan', 17, 2, 2, '663392150.00', 8, 74, '20148023', '0', 'https://sirup.lkpp.go.id/sirup/ro/cari?tahunAnggaran=2019&keyword=20148023&jenisPengadaan=0&metodePengadaan=0', 'http://lpse.banjarmasinkota.go.id/eproc4/lelang/0/pengumumanlelang'),
(160, 'Pengadaan Video Tron', 'Pengadaan Sarana dan Prasarana Kantor', 'Terpasangnya media informasi luar ruangan (Videotron) yang bermanfaat untuk masyarakat Kota Banjarmasin dimana dapat menyajikan informasi yang lengkap dan detail tentang kebijakan, program dan hasil pembangunan Pemerintah Kota Banjarmasin', 14, 1, 2, '1000000000.00', 5, 43, '19136241', '2993024', 'https://sirup.lkpp.go.id/sirup/ro/cari?tahunAnggaran=2019&keyword=19136241&jenisPengadaan=0&metodePengadaan=0', 'http://lpse.banjarmasinkota.go.id/eproc4/lelang/2993024/pengumumanlelang'),
(70, 'Pengawasan Teknis Pembangunan Depot Arsip', 'Pembangunan Gedung Bukan Kantor', 'Tugas Konsultan Pengawasan Teknis Pembangunan Depot Arsip adalah berupa Pengendalian terhadap Pekerjaan Pengadaan Bangunan Depot Arsip dengan ketinggian 2 Lantai', 3, 3, 5, '479000000.00', 4, 88, '21486477', '3167024', 'https://sirup.lkpp.go.id/sirup/ro/cari?tahunAnggaran=2019&keyword=21486477&jenisPengadaan=0&metodePengadaan=0', 'http://lpse.banjarmasinkota.go.id/eproc4/lelang/3167024/pengumumanlelang'),
(71, 'Pengadaan Bangunan Depot Arsip', 'Pembangunan Gedung Bukan Kantor', 'Lingkup pekerjaan adalah Pembangunan Gedung Depot Arsip dengan ketinggian 2 lantai dengan rincian sebagai berikut : \r\na)Pekerjaan Pendahuluan; \r\nb) Pekerjaan Tanah / Pancangan; \r\nc) Pekerjaan Beton struktur lantai 1, dan lantai 2; \r\nd) Pekerjaan Pasangan Dinding dan Plesteran; \r\ne) Pekerjaan Lantai; \r\nf) Pekerjaan kap / Atap; \r\ng) Pekerjaan Plafond; \r\nh) Pekerjaan Pintu, Jendela & ventelasi; \r\ni) Pekerjaan Instalasi Listrik; \r\nj) Pekerjaan Sanitasi & Instalasi Air; \r\nk) Pekerjaan Cat-Catan; \r\nl) Pekerjaan Lain  Lain; dan \r\nm) Pekerjaan Site Development', 3, 2, 2, '9459047500.00', 4, 88, '19170597', '3175024', 'https://sirup.lkpp.go.id/sirup/ro/cari?tahunAnggaran=2019&keyword=19170597&jenisPengadaan=0&metodePengadaan=0', 'http://lpse.banjarmasinkota.go.id/eproc4/lelang/3175024/pengumumanlelang'),
(72, 'Belanja Bahan/Material Pekerjaan Pembangunan Jalan Kuin Kecil ujung (TMMD)', 'Pembangunan Jalan', 'Belanja Bahan/Material Pekerjaan Pembangunan Jalan Kuin Kecil Ujung (TMMD)', 3, 1, 3, '995918000.00', 4, 99, '21338832', '3116024', 'https://sirup.lkpp.go.id/sirup/ro/cari?tahunAnggaran=2019&keyword=21338832&jenisPengadaan=0&metodePengadaan=0', 'http://lpse.banjarmasinkota.go.id/eproc4/lelang/3116024/pengumumanlelang'),
(73, 'Paket 3 Penggantian Jembatan Kecamatan Banjarmasin Utara (Jembatan Pangeran II, Jembatan Jl Cemara I, Jembatan Jl Masjid Jami dan Jembatan AKT Dalam V)', 'Pembangunan Jembatan Box', 'pembangunan jembatan box', 3, 2, 2, '885000000.00', 4, 106, '19141473', '3209024', 'https://sirup.lkpp.go.id/sirup/ro/cari?tahunAnggaran=2019&keyword=19141473&jenisPengadaan=0&metodePengadaan=0', 'http://lpse.banjarmasinkota.go.id/eproc4/lelang/3209024/pengumumanlelang'),
(74, 'Paket 4. Penggantian Jembatan Kecamatan Banjarmasin Timur (Jembatan Komp. Timur Perdana, Jembatan Komp. DPRD II, Jembatan Pengambangan 2 dan Jembatan Jalan Hikmah Banua Gang 3)', 'Pembangunan Jembatan Box', 'Pembangunan Jembatan Box', 3, 2, 2, '740000000.00', 4, 106, '19141502', '3079024', 'https://sirup.lkpp.go.id/sirup/ro/cari?tahunAnggaran=2019&keyword=19141502&jenisPengadaan=0&metodePengadaan=0', 'http://lpse.banjarmasinkota.go.id/eproc4/lelang/3079024/pengumumanlelang'),
(75, 'Paket 2. Penggantian Jembatan Kecamatan Banjarmasin Barat (Jembatan 3 Jl. Saka Permai, Jembatan Jl. Intan Sari, Jembatan Jl. S. Parman Gg. Kalimantan I dan Jembatan Jl. Belitung Gg. AA)', 'Pembangunan Jembatan Box', 'Pembangunan Jembatan Box', 3, 2, 2, '705000000.00', 4, 106, '19141354', '3077024', 'https://sirup.lkpp.go.id/sirup/ro/cari?tahunAnggaran=2019&keyword=19141354&jenisPengadaan=0&metodePengadaan=0', 'http://lpse.banjarmasinkota.go.id/eproc4/lelang/3077024/pengumumanlelang'),
(76, 'Paket 5. Penggantian Jembatan Kecamatan Banjarmasin Selatan (Jembatan IX Jl. Tatah Belayung, Jembatan AMD I, Jembatan Kuin Kacil 19 dan Jembatan Kuin Kacil 20)', 'Pembangunan Jembatan Box', 'Pembangunan Jembatan Box', 3, 2, 2, '700000000.00', 4, 106, '19141562', '3210024', 'https://sirup.lkpp.go.id/sirup/ro/cari?tahunAnggaran=2019&keyword=19141562&jenisPengadaan=0&metodePengadaan=0', 'http://lpse.banjarmasinkota.go.id/eproc4/lelang/3210024/pengumumanlelang'),
(77, 'Paket 1. Penggantian Jembatan Kecamatan Banjarmasin Tengah (Jembatan II Jl. Bali, Jembatan Jl. Seberang Masjid 2, Jembatan Batu Benawa Gang IV)', 'Pembangunan Jembatan Box', 'Pembangunan Jembatan Box', 3, 2, 2, '516000000.00', 4, 106, '19141274', '3208024', 'https://sirup.lkpp.go.id/sirup/ro/cari?tahunAnggaran=2019&keyword=19141274&jenisPengadaan=0&metodePengadaan=0', 'http://lpse.banjarmasinkota.go.id/eproc4/lelang/3208024/pengumumanlelang'),
(78, 'Survey Kondisi Jalan dan Jembatan Kota Banjarmasin Tahun 2019', 'Pembangunan, Peningkatan dan Rehabilitasi Jalan (Non Fisik)', 'Survey kondisi jalan dan jembatan kota Banjarmasin Tahun 2019', 3, 3, 5, '500000000.00', 2, 102, '19122879', '3368024', 'https://sirup.lkpp.go.id/sirup/ro/cari?tahunAnggaran=2019&keyword=19122879&jenisPengadaan=0&metodePengadaan=0', 'http://lpse.banjarmasinkota.go.id/eproc4/lelang/3368024/pengumumanlelang'),
(79, 'DED Banjarmasin Outer Ring Road (BORR) Segmen 1A', 'Pembangunan, Peningkatan dan Rehabilitasi Jalan (Non Fisik)', 'DED Banjarmasin Outer Ring Road (BORR) Segmen 1A', 3, 3, 5, '410000000.00', 8, 102, '19122239', '0', 'https://sirup.lkpp.go.id/sirup/ro/cari?tahunAnggaran=2019&keyword=19122239&jenisPengadaan=0&metodePengadaan=0', 'http://lpse.banjarmasinkota.go.id/eproc4/lelang/0/pengumumanlelang'),
(80, 'Pengawasan Kegiatan Peningkatan Jalan Tahun 2019', 'Pembangunan, Peningkatan dan Rehabilitasi Jalan (Non Fisik)', 'Pengawasan kegiatan peningkatan jalan tahun 2018', 3, 3, 5, '300000000.00', 4, 102, '19121987', '3023024', 'https://sirup.lkpp.go.id/sirup/ro/cari?tahunAnggaran=2019&keyword=19121987&jenisPengadaan=0&metodePengadaan=0', 'http://lpse.banjarmasinkota.go.id/eproc4/lelang/3023024/pengumumanlelang'),
(81, 'Pembangunan/Rehabilitasi Tutup Saluran Drainase Jl. Sultan Adam', 'Pembangunan/Rehab Saluran Drainase/Gorong-Gorong', 'Pembangunan/Rehabilitasi Tutup Saluran  Drainase Jl. Sultan Adam Kota Banjarmasin\r\nuntuk memperlancar aliran air yang tergenang dan memberikan pelayanan yang layak', 3, 2, 2, '500000000.00', 4, 103, '19186479', '3119024', 'https://sirup.lkpp.go.id/sirup/ro/cari?tahunAnggaran=2019&keyword=19186479&jenisPengadaan=0&metodePengadaan=0', 'http://lpse.banjarmasinkota.go.id/eproc4/lelang/3119024/pengumumanlelang'),
(82, 'Manajemen Konstruksi Pembangunan Rumah Sakit Umum Daerah (lanjutan)', 'Pembangunan Rumah Sakit', 'Tugas Konsultan Manajemen Konstruksi Pembangunan Rumah Sakit Umum Daerah Sultan Suriansyah adalah berupa Pengendalian Pekerjaan Pembangunan bangunan gedung utama 5 lantai RSUD Sultan Suriansyah Kota Banjarmasin', 3, 3, 5, '3100000000.00', 4, 114, '21091705', '3134024', 'https://sirup.lkpp.go.id/sirup/ro/cari?tahunAnggaran=2019&keyword=21091705&jenisPengadaan=0&metodePengadaan=0', 'http://lpse.banjarmasinkota.go.id/eproc4/lelang/3134024/pengumumanlelang'),
(83, 'Pembangunan Rumah Sakit Umum Daerah (lanjutan)', 'Pembangunan Rumah Sakit', 'Pekerjaan Pembangunan  Rumah Sakit Umum Daerah (lanjutan)  merupakan pekerjaan  pembangunan gedung utama 5 lantai yang terdiri dari Ruang Rawat inap (lantai 3,4,5), ruang Radiologi dan Ruang Operasi  dengan lingkup pekerjaan  adalah sebagai berikut : \r\na) Pekerjaan struktur lantai 1, lantai 2, lantai 3, lantai 4 dan lantai 5 pada gedung utama; \r\nb) Pekerjaan arsitektur lantai 1, lantai 2, lantai 3 , lantai 4 dan lantai 5 pada gedung utama; \r\nc) Pekerjaan mekanikal, elektrikal dan plumbing gedung Utama rumah sakit.', 3, 2, 2, '75814400000.00', 4, 114, '21194931', '3102024', 'https://sirup.lkpp.go.id/sirup/ro/cari?tahunAnggaran=2019&keyword=21194931&jenisPengadaan=0&metodePengadaan=0', 'http://lpse.banjarmasinkota.go.id/eproc4/lelang/3102024/pengumumanlelang'),
(84, 'Pengadaan Mobil Truck Tangki Vacuum (sedot Lumpur Tinja)', 'Pengadaan Alat-Alat Berat', 'Pengadaan (tender belum bisa dilaksanakan karena Harga Satuan Barang yang tercantum dalam RKA tidak sesuai lagi/tidak cukup sehingga menunggu pengesahan APBD-P', 3, 1, 2, '1000000000.00', 9, 96, '', '', 'https://sirup.lkpp.go.id/sirup/ro/cari?tahunAnggaran=2019&keyword=&jenisPengadaan=0&metodePengadaan=0', 'http://lpse.banjarmasinkota.go.id/eproc4/lelang//pengumumanlelang'),
(85, 'Pengadaan Pick up dan karoseri untuk pemeliharaan PJU/PJL', 'Pengadaan Alat-Alat Berat', 'Selesai lelang', 3, 1, 2, '780750000.00', 9, 96, '19067483', '3315024', 'https://sirup.lkpp.go.id/sirup/ro/cari?tahunAnggaran=2019&keyword=19067483&jenisPengadaan=0&metodePengadaan=0', 'http://lpse.banjarmasinkota.go.id/eproc4/lelang/3315024/pengumumanlelang'),
(86, 'Peningkatan Jalan Paket 1 (Jl Melati, Jl Kenanga I/II dan Trotoar Jl A Yani (lanjutan))', 'Peningkatan Jalan', 'Peningkatan Jalan untuk ruas Jl Melati, Jl Kenanga I/II dan Trotoar Jl A Yani (lanjutan)', 3, 2, 2, '18300000000.00', 4, 104, '19135887', '3180028', 'https://sirup.lkpp.go.id/sirup/ro/cari?tahunAnggaran=2019&keyword=19135887&jenisPengadaan=0&metodePengadaan=0', 'http://lpse.banjarmasinkota.go.id/eproc4/lelang/3180028/pengumumanlelang'),
(87, 'Peningkatan Jalan Paket 2 (Jl. Tatah Bangkal (SMU 9) dan Jl. AMD Manunggal)', 'Peningkatan Jalan', 'Peningkatan Jalan Paket 2 (Jl. Tatah Bangkal (SMU 9) dan Jl. AMD Manunggal)', 3, 2, 2, '4104410000.00', 4, 104, '19135945', '3171024', 'https://sirup.lkpp.go.id/sirup/ro/cari?tahunAnggaran=2019&keyword=19135945&jenisPengadaan=0&metodePengadaan=0', 'http://lpse.banjarmasinkota.go.id/eproc4/lelang/3171024/pengumumanlelang'),
(88, 'Pengawasan Teknis Pekerjaan Peningkatan Struktur Jalan (Komp. Lumba-Lumba) (DAK)', 'Peningkatan Jalan Dana Alokasi Khusus (DAK)', 'Pengawasan teknis pekerjaan Peningkatan struktur jalan (Komp. Lumba-lumba)(DAK)', 3, 3, 5, '215219000.00', 4, 102, '19135678', '3040024', 'https://sirup.lkpp.go.id/sirup/ro/cari?tahunAnggaran=2019&keyword=19135678&jenisPengadaan=0&metodePengadaan=0', 'http://lpse.banjarmasinkota.go.id/eproc4/lelang/3040024/pengumumanlelang'),
(89, 'Peningkatan Struktur Jalan (Komp. Lumba-Lumba) (DAK)', 'Peningkatan Jalan Dana Alokasi Khusus (DAK)', 'Peningkatan Struktur Jalan (Komp. Lumba-Lumba) (DAK) dengan jenis penanganan rigid pavement', 3, 2, 2, '3834744000.00', 4, 102, '19123524', '3190024', 'https://sirup.lkpp.go.id/sirup/ro/cari?tahunAnggaran=2019&keyword=19123524&jenisPengadaan=0&metodePengadaan=0', 'http://lpse.banjarmasinkota.go.id/eproc4/lelang/3190024/pengumumanlelang'),
(90, 'Peningkatan Kapasitas Jalan (Jl. Tatah Makmur) (DAK)', 'Peningkatan Jalan Dana Alokasi Khusus (DAK)', 'Peningkatan kapasitas jalan (Jl. Tatah Makmur) (DAK) dengan  jenis penanganan aspal', 3, 2, 2, '2804256000.00', 4, 102, '19135627', '3155024', 'https://sirup.lkpp.go.id/sirup/ro/cari?tahunAnggaran=2019&keyword=19135627&jenisPengadaan=0&metodePengadaan=0', 'http://lpse.banjarmasinkota.go.id/eproc4/lelang/3155024/pengumumanlelang'),
(91, 'Peningkatan Jalan Lingkungan Kecamatan Banjarmasin Barat Paket 1', 'Peningkatan Jalan Lingkungan Kecamatan Banjarmasin Barat', 'Peningkatan Jalan Lingkungan Kecamatan Banjarmasin Barat Paket 1', 3, 2, 2, '4000000000.00', 4, 108, '19137418', '3260024', 'https://sirup.lkpp.go.id/sirup/ro/cari?tahunAnggaran=2019&keyword=19137418&jenisPengadaan=0&metodePengadaan=0', 'http://lpse.banjarmasinkota.go.id/eproc4/lelang/3260024/pengumumanlelang'),
(92, 'Peningkatan Jalan Lingkungan Kecamatan Banjarmasin Barat Paket 2', 'Peningkatan Jalan Lingkungan Kecamatan Banjarmasin Barat', 'Peningkatan Jalan Lingkungan Kecamatan Banjarmasin Barat Paket 2', 3, 2, 2, '2250000000.00', 4, 108, '19137464', '3262024', 'https://sirup.lkpp.go.id/sirup/ro/cari?tahunAnggaran=2019&keyword=19137464&jenisPengadaan=0&metodePengadaan=0', 'http://lpse.banjarmasinkota.go.id/eproc4/lelang/3262024/pengumumanlelang'),
(93, 'Peningkatan Jalan Lingkungan Kecamatan Banjarmasin Selatan Paket 1', 'Peningkatan Jalan Lingkungan Kecamatan Banjarmasin Selatan', 'Peningkatan Jalan Lingkungan Kecamatan Banjarmasin Selatan Paket 1', 3, 2, 2, '4500000000.00', 4, 99, '19137694', '3376024', 'https://sirup.lkpp.go.id/sirup/ro/cari?tahunAnggaran=2019&keyword=19137694&jenisPengadaan=0&metodePengadaan=0', 'http://lpse.banjarmasinkota.go.id/eproc4/lelang/3376024/pengumumanlelang'),
(94, 'Peningkatan Jalan Lingkungan Kecamatan Banjarmasin Selatan Paket 2', 'Peningkatan Jalan Lingkungan Kecamatan Banjarmasin Selatan', 'Peningkatan Jalan Lingkungan Kecamatan Banjarmasin Selatan Paket 2', 3, 2, 2, '2400000000.00', 4, 99, '19137912', '21635310', 'https://sirup.lkpp.go.id/sirup/ro/cari?tahunAnggaran=2019&keyword=19137912&jenisPengadaan=0&metodePengadaan=0', 'http://lpse.banjarmasinkota.go.id/eproc4/lelang/21635310/pengumumanlelang'),
(95, 'Peningkatan Jalan Lingkungan Kecamatan Banjarmasin Timur Paket 2', 'Peningkatan Jalan Lingkungan Kecamatan Banjarmasin Timur', 'Peningkatan Jalan Lingkungan Kecamatan Banjarmasin Timur Paket 2', 3, 2, 2, '2100000000.00', 4, 94, '3264024', '21635345', 'https://sirup.lkpp.go.id/sirup/ro/cari?tahunAnggaran=2019&keyword=3264024&jenisPengadaan=0&metodePengadaan=0', 'http://lpse.banjarmasinkota.go.id/eproc4/lelang/21635345/pengumumanlelang'),
(96, 'Peningkatan Jalan Lingkungan Kecamatan Banjarmasin Utara Paket 1', 'Peningkatan Jalan Lingkungan Kecamatan Banjarmasin Utara', 'Dinas Pekerjaan Umum dan Penataan Ruang Kota Banjarmasin adalah institusi Pemerintah Kota Banjarmasin yang mempunyai wewenang dan tanggung jawab dalam pembinaan transportasi jalan. \r\nMengingat kondisi prasarana jalan yang ada saat ini kurang memadai, baik lebar maupun panjang, dan banyak kondisi jalan yang rusak, baik yang diakibatkan oleh faktor alam maupun faktor manusia, dalam hal ini kendaraan, sehingga perlu diadakan peningkatan maupun perbaikan jalan guna memenuhi kebutuhan lalu lintas yang makin tinggi serta guna menjamin keselamatan dan kenyamanan dalam berkendaraan. Untuk melakukan peningkatan maupun perbaikan tersebut akan melalui tahapan perencanaan yang dilanjutkan dengan pelaksanaan fisik dilapangan.\r\nTarget/sasaran yang ingin dicapai dalam pengadaan pekerjaan konstruksi ini adalah melaksanakan pekerjaan fisik dilapangan untuk Pekerjaan Peningkatan Jalan Lingkungan Kecamatan Banjarmasin Utara Paket 1 (Jl. Komp. AMD Permai Blok B7 B8 B9 H2; Jl. HKSN Gg. Kencana RT. 17; Jl. Komp Duta Waringin Permai Blok C, D, E ; Gg. Sajadah; Jl. Komp. Sudirapi RT.19; Jl. Komp. Banjar Jaya Sakti II dan Banjar Jaya Sejahtera RT.47 RW.03; Jl Komp. Raudhatul Permai ; Jl. Komp. Pondok Kelapa II dan IV; Jl. Komp. Purnama Permai Permai 1 jalur 10 s/d 15; Jl. Komp. Purnama Permai Permai 2 jalur 11b s/d 12b)', 3, 2, 2, '4300000000.00', 4, 92, '21635365', '3245024', 'https://sirup.lkpp.go.id/sirup/ro/cari?tahunAnggaran=2019&keyword=21635365&jenisPengadaan=0&metodePengadaan=0', 'http://lpse.banjarmasinkota.go.id/eproc4/lelang/3245024/pengumumanlelang'),
(97, 'Peningkatan Jalan Lingkungan Kecamatan Banjarmasin Utara Paket 2', 'Peningkatan Jalan Lingkungan Kecamatan Banjarmasin Utara', 'Dinas Pekerjaan Umum dan Penataan Ruang Kota Banjarmasin adalah institusi Pemerintah Kota Banjarmasin yang mempunyai wewenang dan tanggung jawab dalam pembinaan transportasi jalan. \r\nMengingat kondisi prasarana jalan yang ada saat ini kurang memadai, baik lebar maupun panjang, dan banyak kondisi jalan yang rusak, baik yang diakibatkan oleh faktor alam maupun faktor manusia, dalam hal ini kendaraan, sehingga perlu diadakan peningkatan maupun perbaikan jalan guna memenuhi kebutuhan lalu lintas yang makin tinggi serta guna menjamin keselamatan dan kenyamanan dalam berkendaraan. Untuk melakukan peningkatan maupun perbaikan tersebut akan melalui tahapan perencanaan yang dilanjutkan dengan pelaksanaan fisik dilapangan.\r\nTarget/sasaran yang ingin dicapai dalam pengadaan pekerjaan konstruksi ini adalah melaksanakan pekerjaan fisik dilapangan untuk Pekerjaan Peningkatan Jalan Lingkungan Kecamatan Banjarmasin Utara Paket 2 (Jl H.Djamaludin 1,2 &3; Jl.Komp Mahligai Gg Mika 4 dan 5; Jl. Jahri Saleh Komp.Wirayuda RT.25 Kel.Sungai Jingah; Jl Sutan Adam Gg Family; Jl. Komp Pandan Arum Permai Blok C dan D; Jl. Komp. Hunafa Indah RT. 29 dan RT.30; Jl. Sultan Adam Komp. Mandiri Lestari Blok B1; Jl. Komp. Awang Permai I RT .14).', 3, 2, 2, '2300000000.00', 4, 92, '21635387', '3251024', 'https://sirup.lkpp.go.id/sirup/ro/cari?tahunAnggaran=2019&keyword=21635387&jenisPengadaan=0&metodePengadaan=0', 'http://lpse.banjarmasinkota.go.id/eproc4/lelang/3251024/pengumumanlelang'),
(98, 'Pengawasan Teknis Peningkatan Struktur Jembatan Tatah Bangkal I (SMU 9) (DAK)', 'Peningkatan/Penggantian Jembatan (DAK)', 'Kegiatan Pengawasan untuk Pekerjaan Peningkatan Jembatan Tatah Bangkal (SMU 9) ', 3, 3, 5, '450000000.00', 3, 97, '19142499', '3009024', 'https://sirup.lkpp.go.id/sirup/ro/cari?tahunAnggaran=2019&keyword=19142499&jenisPengadaan=0&metodePengadaan=0', 'http://lpse.banjarmasinkota.go.id/eproc4/lelang/3009024/pengumumanlelang'),
(99, 'Peningkatan Struktur Jb.Kiwi I Pada Ruas Jl Kiwi, Jb Murai I Pada ruas jalan Komplek Murai, Jb Gelatik I Pada ruas jl Gelatik, Jb Sepakat I Pada ruas jl Sepakat, Jb Al Aman  I pada ruas jl Gg Al Aman,', 'Peningkatan/Penggantian Jembatan (DAK)', 'Jembatan yang akan dilakukan peningkatan sebanyak 6 buah. Jenis Konstruksi Jembatan adalah box culvert dengan dimensi rencana :\r\n- Jb. Kiwi, p = 7,12 m; l = 3,6 m; t = 2,56 m\r\n- Jb. Komp. Murai, p = 7,95 m; l = 4 m; t = 2,56 m\r\n- Jb. Sepakat, p = 8,62 m; l = 3,5 m; t = 2,56 m\r\n- Jb. Komp. Gelatik, p = 7,95 m; l = 4 m; t = 2,56 m\r\n- Jb. Gang 20 Ampera, p = 7,2 m; l = 4,4 m; t = 2,56 m\r\n- Jb. Gang Al Aman, p = 7, 95 m; l = 4 m; t = 2,56 m', 3, 2, 2, '1500000000.00', 4, 97, '19141502', '3114024', 'https://sirup.lkpp.go.id/sirup/ro/cari?tahunAnggaran=2019&keyword=19141502&jenisPengadaan=0&metodePengadaan=0', 'http://lpse.banjarmasinkota.go.id/eproc4/lelang/3114024/pengumumanlelang'),
(100, 'Peningkatan Struktur Jembatan Tatah Bangkal I pada Ruas Jalan Tatah Bangkal (SMU 9) (DAK)', 'Peningkatan/Penggantian Jembatan (DAK)', 'Jembatan Tatah Bangkal merupakan jembatan yang menghubungkan antara ruas jalan tatah bangkal menuju jalan gerilya, jembatan ini merupakan infrastruktur penting bagi masyarakat setempat untuk mendukung kegiatan sehari-hari. Dengan meningkatnya kegiatan yang dilakukan oleh masyarakat maka meningkat pula volume kendaraan/ lalu lintas sehingga diperlukan peningkatan daya layan jembatan. Jembatan yang ada merupakan jembatan kayu dan akan dilakukan peningkatan menjadi jembatan dengan girder beton presstress.', 3, 2, 2, '8500000000.00', 4, 97, '19142431', '3019024', 'https://sirup.lkpp.go.id/sirup/ro/cari?tahunAnggaran=2019&keyword=19142431&jenisPengadaan=0&metodePengadaan=0', 'http://lpse.banjarmasinkota.go.id/eproc4/lelang/3019024/pengumumanlelang'),
(101, 'Pengadaan dan Pemasangan Air Limbah Jl. A.Yani', 'Penyediaan Prasarana dan Sarana Air Limbah', 'Tersedianya prasarana dan sarana jaringan air limbah di Jl. A. Yani', 3, 2, 2, '6000000000.00', 8, 95, '19141671', '', 'https://sirup.lkpp.go.id/sirup/ro/cari?tahunAnggaran=2019&keyword=19141671&jenisPengadaan=0&metodePengadaan=0', 'http://lpse.banjarmasinkota.go.id/eproc4/lelang//pengumumanlelang'),
(102, 'Pengembangan Jaringan Perpipaan SPAM Pramuka untuk Kelurahan Pemurus Dalam Kecamatan Banjarmasin Selatan Kota Banjarmasin (DAK)', 'Penyediaan Prasarana dan Sarana Air Minum (DAK)', 'Pekerjaan persiapan, pekerjaan pengadaan pipa & aksesoris HDPE, pekerjaan pemasangan pipa HDPE, pekerjaan jembatan pipa, pekerjaan box gate valve, pekerjaan sambungan rumah, pekerjaan lain-lain', 3, 2, 2, '799468000.00', 4, 89, '21503058', '3328026', 'https://sirup.lkpp.go.id/sirup/ro/cari?tahunAnggaran=2019&keyword=21503058&jenisPengadaan=0&metodePengadaan=0', 'http://lpse.banjarmasinkota.go.id/eproc4/lelang/3328026/pengumumanlelang'),
(103, 'Penyusunan Leger Jalan', 'Penyusunan Dokumen Inspeksi Kondisi Jalan', 'Penyusunan Leger jalan berguna untuk mengetahui perkembangan suatu ruas jalan yang mencakup aspek hukum, teknis, pembiayaan, bangunan pelengkap, perlengkapan jalan, bangunan utilitas, dan pemanfaatannya, melaksanakan tertib penyelenggaraan jalan dengan mewujudkan dokumen yang lengkap, akurat, mutakhir, dan mudah diperoleh, mengetahui kekayaan negara, orang atau instansi atas jalan yang meliputi kuantitas, kondisi dan nilai yang diperoleh dari biaya desain, pembangunan, dan pemeliharaan. Penyusunan Leger Jalan Kota Banjarmasin ini mencakup 240 ruas jalan di Kota Banjarmasin dengan panjang sekitar  72.434 m.', 3, 3, 5, '507622000.00', 2, 98, '19055587', '3343024', 'https://sirup.lkpp.go.id/sirup/ro/cari?tahunAnggaran=2019&keyword=19055587&jenisPengadaan=0&metodePengadaan=0', 'http://lpse.banjarmasinkota.go.id/eproc4/lelang/3343024/pengumumanlelang'),
(104, 'Penyusunan Dokumen Studi LARAP Trase BORR Segmen 1A', 'Penyusunan Dokumen Perencanaan Jalan dan Jembatan', 'Kegiatan Studi LARAP Trase BORR Segmen 1A, yaitu LARAP (Land Acquisition and Resettlement Action Plan) Suatu kegiatan pencarian pola aksi dalam pembebasan lahan, bangunan dan tanaman serta pemindahan penduduk dengan mengunakan pendekatan partisipasi, sehingga mendapatkan suatu kerangka kerja dalam pelaksanaan kegiatan pembebasan lahan yang dibutuhkan dalam pembangunan.', 3, 3, 5, '263700000.00', 8, 105, '19053577', '0', 'https://sirup.lkpp.go.id/sirup/ro/cari?tahunAnggaran=2019&keyword=19053577&jenisPengadaan=0&metodePengadaan=0', 'http://lpse.banjarmasinkota.go.id/eproc4/lelang/0/pengumumanlelang'),
(105, 'Penyusunan RTBL Koridor RK Ilir', 'Penyusunan Rencana Tata Bangunan & Lingkungan', 'Menyusun Rencana Tata Bangunan Dan Lingkungan Koridor RK Ilir yang  meliputi kegiatan: Pengumpulan data,  Perumusan Potensi dan Masalah, Penyusunan materi pokok Rencana Tata Bangunan dan Lingkungan (RTBL), Melaksanakan rapat pembahasan produk RTBL dan Membuat hasil produk pelaporan RTBL yang terdiri dari Laporan Pendahuluan, Laporan Antara, Laporan Draft Akhir,  Laporan Akhir dan draft perwali.', 3, 3, 5, '313400000.00', 4, 100, '19127794', '3216024', 'https://sirup.lkpp.go.id/sirup/ro/cari?tahunAnggaran=2019&keyword=19127794&jenisPengadaan=0&metodePengadaan=0', 'http://lpse.banjarmasinkota.go.id/eproc4/lelang/3216024/pengumumanlelang'),
(106, 'Perencanaan Bangungan Gedung Kantor Pemerintah Kota Banjarmasin', 'Perencanaan Bangunan Gedung', 'Kegiatan perencanaan gedung kantor di lingkungan Balai Kota Banjarmasin', 3, 3, 5, '1479200000.00', 8, 88, '21235541', '', 'https://sirup.lkpp.go.id/sirup/ro/cari?tahunAnggaran=2019&keyword=21235541&jenisPengadaan=0&metodePengadaan=0', 'http://lpse.banjarmasinkota.go.id/eproc4/lelang//pengumumanlelang'),
(107, 'Perencanaan Konstruksi Perkuatan Tebing Siring Sungai Awang', 'Perencanaan Penataan Sungai-Sungai Besar', 'Tersedianya data dokumen perencanaan sungai besar yang akuntabel sebagai dasar untuk merevitalisasi dan melakukan penataan tepian sungai Awang sebagai kawasan ruang terbuka hijau yang aman, stabil di kawasan pusat perkotaan terhadap gerusan aliran air dan banjir guna mewujudkan sungai-sungai di perkotaan yang berbudaya BERIMAN (Bersih-Indah-Nyaman) dalam rangka membentuk water front city.', 3, 3, 5, '247000000.00', 2, 93, '19172084', '3322024', 'https://sirup.lkpp.go.id/sirup/ro/cari?tahunAnggaran=2019&keyword=19172084&jenisPengadaan=0&metodePengadaan=0', 'http://lpse.banjarmasinkota.go.id/eproc4/lelang/3322024/pengumumanlelang');
INSERT INTO `pekerjaan` (`id`, `nama`, `kegiatan`, `deskripsi`, `skpd`, `jenis`, `metode`, `pagu`, `progress_now`, `user`, `id_rup`, `id_lpse`, `link_rup`, `link_lpse`) VALUES
(108, 'Pembangunan IPAL komunal + perpipaan', 'Proyek Sanitasi Masyarakat (SANIMAS)', 'Pekerjaan pembangunan MCK atau IPAL Komunal untuk masyarakat sebanyak 4 unit (lokasi tersebar)', 3, 2, 2, '2000000000.00', 8, 89, '19135383', '0', 'https://sirup.lkpp.go.id/sirup/ro/cari?tahunAnggaran=2019&keyword=19135383&jenisPengadaan=0&metodePengadaan=0', 'http://lpse.banjarmasinkota.go.id/eproc4/lelang/0/pengumumanlelang'),
(109, 'Pemeliharaan Berkala Jalan (Jl Adhiyaksa 3; Gg Tangga; Jl Ambon; Jl Marothai;  Jl Andai Raya Permai; Jl Perdagangan;  Jl Perdagangan 1;  Jl Perdagangan 2; Jl Sungai Andai)  (DAK)', 'Rehabilitasi/Pemeliharaan Jalan Dana Alokasi Khusus', 'Pemeliharaan Berkala Jalan (Jl. Adhiyaksa 3; Gg. Tangga; Jl. Ambon; Jl. Marothai; Jl. Andai Raya Permai; Jl. Perdagangan; Jl. Perdagangan 1; Jl. Perdagangan 2; Jl.  Sungai Andai (DAK)', 3, 2, 2, '3800670000.00', 4, 102, '19123524', '3190024', 'https://sirup.lkpp.go.id/sirup/ro/cari?tahunAnggaran=2019&keyword=19123524&jenisPengadaan=0&metodePengadaan=0', 'http://lpse.banjarmasinkota.go.id/eproc4/lelang/3190024/pengumumanlelang'),
(110, 'Pemeliharaan Berkala Jalan (Jl Dharma Praja II; Jl Dharma Praja III; Jl Dharma Praja V; Jl Dharma Praja VII; Jl Dharma Praja VIII; Jl Dharma Bakti VA)(DAK)', 'Rehabilitasi/Pemeliharaan Jalan Dana Alokasi Khusus', 'Pemeliharaan Berkala Jalan (Jl. Dharma Praja II; Jl. Dharma Praja III; Jl. Dharma Praja V; Jl. Dharma Praja VII; Jl. Dharma Praja VIII;  Jl. Dharma Bakti VA) (DAK)', 3, 2, 2, '845330000.00', 4, 102, '19123574', '3192024', 'https://sirup.lkpp.go.id/sirup/ro/cari?tahunAnggaran=2019&keyword=19123574&jenisPengadaan=0&metodePengadaan=0', 'http://lpse.banjarmasinkota.go.id/eproc4/lelang/3192024/pengumumanlelang'),
(111, 'Pemeliharaan Jembatan di Kota Banjarmasin Paket 1 (Rehabilitasi Jb Jl Gerilya dll)', 'Rehabilitasi/Pemeliharaan Jembatan', 'Pemeliharaan Jembatan Ulin yang rusak untuk meningkatkan daya layan jembatan. Terletak pada jalan Gerilya RT.21, Panjang rencana  Jembatan 1 = 46,4 m, lebar = 2 m, Jembatan 2 ; p = 22,8 m, l = 2 m, Jembatan 3; p = 34,5 m, l = 2 m', 3, 2, 2, '800000000.00', 4, 107, '19144537', '3045024', 'https://sirup.lkpp.go.id/sirup/ro/cari?tahunAnggaran=2019&keyword=19144537&jenisPengadaan=0&metodePengadaan=0', 'http://lpse.banjarmasinkota.go.id/eproc4/lelang/3045024/pengumumanlelang'),
(112, 'Pemeliharaan Jembatan di Kota Banjarmasin Paket 2 (Rehabilitasi Jembatan Simpang Sei. Jelai RT. 27)', 'Rehabilitasi/Pemeliharaan Jembatan', 'Pemeliharaan Jembatan Ulin Jembatan Simpang Sei Jelai RT. 27 berlokasi di Komplek Wengga ', 3, 2, 2, '407150000.00', 3, 107, '19144577', '3111024', 'https://sirup.lkpp.go.id/sirup/ro/cari?tahunAnggaran=2019&keyword=19144577&jenisPengadaan=0&metodePengadaan=0', 'http://lpse.banjarmasinkota.go.id/eproc4/lelang/3111024/pengumumanlelang'),
(113, 'Belanja Pemeliharaan/ Pembersihan Sungai Martapura', 'Rehabilitasi/Pemeliharaan Sungai Besar', 'Pemeliharaan dan pembersihan sungai martapura dari sampah/enceng gondok', 3, 2, 2, '515000000.00', 8, 90, '19175481', '', 'https://sirup.lkpp.go.id/sirup/ro/cari?tahunAnggaran=2019&keyword=19175481&jenisPengadaan=0&metodePengadaan=0', 'http://lpse.banjarmasinkota.go.id/eproc4/lelang//pengumumanlelang'),
(114, 'Pendampingan Persetujuan Substansi Raperda Revisi RTRW Kota Banjarmasin', 'Revisi Rencana Tata Ruang Wilayah (RTRW) Kota Banjarmasin', 'Pekerjaan Pendampingan Persetujuan Substansi Raperda Revisi RTRW Kota Banjarmasin dari Kegiatan Revisi RTRW Kota Banjarmasin tahun 2019 sebagai lanjutan dari Kegiatan Peninjauan Kembali RTRW Kota Banjarmasin Tahun 2018', 3, 3, 5, '404000000.00', 3, 91, '21211625', '3088024', 'https://sirup.lkpp.go.id/sirup/ro/cari?tahunAnggaran=2019&keyword=21211625&jenisPengadaan=0&metodePengadaan=0', 'http://lpse.banjarmasinkota.go.id/eproc4/lelang/3088024/pengumumanlelang'),
(115, 'Pengawasan Konstruksi Perkuatan Tebing Sungai dan Penataan Bantaran Sungai', 'Revitalisasi dan Penataan Bantaran Sungai', '', 3, 3, 5, '235000000.00', 9, 113, '-', '-', '#', '#'),
(116, 'Belanja Modal Pengadaan Konstruksi Perkuatan Tebing Sungai dan Penataan Bantaran Sungai', 'Revitalisasi dan Penataan Bantaran Sungai', 'Revitalisasi dan Penataan Bantaran Sungai Martapura di Muara Kelayan Kelurahan Kelayan Barat adalah bagian dari program jangka panjang Pemerintah Kota Banjarmasin dalam melakukan penataan dan pembenahan di Bantaran Sungai Martapura khususnya di dalam kawasan pusat kota Banjarmasin untuk mewujudkan Kota Banjarmasin sebagai Kota Sungai.', 3, 2, 2, '13238365000.00', 9, 113, '19195777', '3270024', 'https://sirup.lkpp.go.id/sirup/ro/cari?tahunAnggaran=2019&keyword=19195777&jenisPengadaan=0&metodePengadaan=0', 'http://lpse.banjarmasinkota.go.id/eproc4/lelang/3270024/pengumumanlelang'),
(117, 'Rehabilitasi Bangunan Gedung Rusunawa Ganda Maghfirah', 'Rehabilitasi Rusunawa', 'Pekerjaan berlokasi di Rusunawa Ganda Maghfirah (3 Blok, A, B, dan C), Kelurahan Kelayan Selatan, Kec. Banjarmasin Selatan.\r\nPekerjaan perbaikan meliputi:\r\nPerbaikan kamar mandi/WC seluruh unit hunian (Blok A, B dan C); \r\nPerbaikan atap dan plafond Blok A dan B; Perbaikan dak atap Blok A, B dan C; \r\nPerbaikan selasar keliling bangunan Blok A dan B; \r\nPengecatan bagian dalam dan unit hunian Blok A dan B; \r\nPengecatan seluruh bangunan Blok C\r\n', 4, 2, 2, '2862600000.00', 4, 69, '19078972', '3118024', 'https://sirup.lkpp.go.id/sirup/ro/cari?tahunAnggaran=2019&keyword=19078972&jenisPengadaan=0&metodePengadaan=0', 'http://lpse.banjarmasinkota.go.id/eproc4/lelang/3118024/pengumumanlelang'),
(118, 'Pembuatan Halaman dan Pagar Rusunawa Teluk Kelayan', 'Penunjang Pembangunan Rumah Susun', 'Pekerjaan berlokasi di Rusunawa Teluk Kelayan, Kelurahan Kelayan Barat, Kec. Banjarmasin Selatan\r\nPekerjaan pembuatan halaman dengan luasan 767.69 m\r\nPekerjaan pembuatan pagar dengan panjang 281,75 m\r\n', 4, 2, 2, '1418600000.00', 4, 69, '21425180', '3153024', 'https://sirup.lkpp.go.id/sirup/ro/cari?tahunAnggaran=2019&keyword=21425180&jenisPengadaan=0&metodePengadaan=0', 'http://lpse.banjarmasinkota.go.id/eproc4/lelang/3153024/pengumumanlelang'),
(119, 'Perbaikan Lingkungan Permukiman Kawasan Kumuh Paket 4', 'Perbaikan Lingkungan Permukiman Kawasan Kumuh', 'Tertatanya lingkungan pemukiman kawasan kumuh kota Banjarmasin', 4, 2, 2, '1500000000.00', 4, 68, '19138348', '3135024', 'https://sirup.lkpp.go.id/sirup/ro/cari?tahunAnggaran=2019&keyword=19138348&jenisPengadaan=0&metodePengadaan=0', 'http://lpse.banjarmasinkota.go.id/eproc4/lelang/3135024/pengumumanlelang'),
(120, 'BM Pengadaan Jalan di Komp. Perumahan Kec. Banjarmasin Selatan', 'Pembangunan Sarana Jalan Lingkungan di Perumahan', 'Pekerjaan berlokasi di Komplek Suaka Permata Indah dan Komplek Warga Indah I Blok A, Kec. Banjarmasin Selatan.\r\nKomplek Suaka Permata Indah: Pekerjaan beton bertulang. Panjang ruas jalan 333 m dengan lebar 6m dan panjang ruas jalan 448 m dengan lebar 4 m. Panjang ruas jalan total 781 m.\r\nKomplek Warga Indah I: Pekerjaan beton bertulang. Panjang ruas jalan 278 m dengan lebar 4 m\r\n', 4, 2, 2, '1523000000.00', 4, 67, '19072939', '3129024', 'https://sirup.lkpp.go.id/sirup/ro/cari?tahunAnggaran=2019&keyword=19072939&jenisPengadaan=0&metodePengadaan=0', 'http://lpse.banjarmasinkota.go.id/eproc4/lelang/3129024/pengumumanlelang'),
(121, 'Pengadaan Taman di Komplek Perumahan Kec. Banjarmasin Utara', 'Pengadaan Taman di Komplek perumahan', 'Pekerjaan berlokasi di Komplek Surya Gemilang Blok P Jl. HKSN Kelurahan Kuin Utara dan Komplek Perdana Mandiri Blok H Jl. Padat Karya Kelurahan Sungai Andai Kec. Banjarmasin Utara. \r\nKomplek Surya Gemilang : Luas taman 244 m\r\nKomplek Perdana Mandiri : Luas taman 309 m\r\n', 4, 2, 2, '770000000.00', 2, 67, '21550658', '3277024', 'https://sirup.lkpp.go.id/sirup/ro/cari?tahunAnggaran=2019&keyword=21550658&jenisPengadaan=0&metodePengadaan=0', 'http://lpse.banjarmasinkota.go.id/eproc4/lelang/3277024/pengumumanlelang'),
(122, 'Belanja Pakai Habis Pakaian dan Atribut Upacara/ Acara Nasional dan /Atau Daerah', 'Dukungan Pengamanan dalam Rangka Pemilihan Umum Tahun 2019', 'Fasilitasi Petugas Ketertiban TPS, Satlinmas Kecamatan dan Kelurahan', 5, 1, 2, '401200000.00', 6, 46, '19245093', '2996024', 'https://sirup.lkpp.go.id/sirup/ro/cari?tahunAnggaran=2019&keyword=19245093&jenisPengadaan=0&metodePengadaan=0', 'http://lpse.banjarmasinkota.go.id/eproc4/lelang/2996024/pengumumanlelang'),
(123, 'Pengadaan Bangunan Asrama Rumah Singgah', 'Operasional dan Pengadaan Perlengkapan Rumah Singgah bagi Tuna Sosial', 'Belanja Modal Pengadaan Bangunan Asrama Rumah Singgah berhadapan dengan asrama lama di rumah singgah', 7, 2, 2, '426310000.00', 4, 70, '21659831', '3267024', 'https://sirup.lkpp.go.id/sirup/ro/cari?tahunAnggaran=2019&keyword=21659831&jenisPengadaan=0&metodePengadaan=0', 'http://lpse.banjarmasinkota.go.id/eproc4/lelang/3267024/pengumumanlelang'),
(124, 'Belanja Persediaan Makanan Pokok', 'Operasional dan Pengadaan Perlengkapan Rumah Singgah bagi Tuna Sosial', 'Belanja Persediaan Makanan Pokok untuk rumah singah', 7, 1, 2, '388800000.00', 3, 70, '18732827', '3004024', 'https://sirup.lkpp.go.id/sirup/ro/cari?tahunAnggaran=2019&keyword=18732827&jenisPengadaan=0&metodePengadaan=0', 'http://lpse.banjarmasinkota.go.id/eproc4/lelang/3004024/pengumumanlelang'),
(125, 'Pembangunan Asrama Rumah Singgah', 'Rehabilitasi Sedang/Berat Gedung/Bangunan', 'meningkatkan kualitas layanan penanganan kepada Tuna Sosial di Banjarmasin', 7, 2, 2, '800000000.00', 2, 71, '19894227', '3354024', 'https://sirup.lkpp.go.id/sirup/ro/cari?tahunAnggaran=2019&keyword=19894227&jenisPengadaan=0&metodePengadaan=0', 'http://lpse.banjarmasinkota.go.id/eproc4/lelang/3354024/pengumumanlelang'),
(126, 'Belanja Modal Pengadaan Alat Laboratorium Kualitas Air dan Tanah', 'Operasional Laboratorium', 'Tersedianya alat alat Laboratorium penujang kegiatan Laboratorium Lingkungan Dinas Lingkungan Hidup Kota Banjarmasin', 10, 1, 2, '297950000.00', 5, 81, '20454801', '3104024', 'https://sirup.lkpp.go.id/sirup/ro/cari?tahunAnggaran=2019&keyword=20454801&jenisPengadaan=0&metodePengadaan=0', 'http://lpse.banjarmasinkota.go.id/eproc4/lelang/3104024/pengumumanlelang'),
(127, 'Pembangunan Taman di Wilayah Kecamatan Banjarmasin Barat', 'Pembangunan Taman Kota', 'Terlaksananya pembangunan taman di wilayah Kecamatan Banjarmasin Barat yang berlokasi di Jl. Banjar Raya yang bermanfaat untuk masyarakat Kota Banjarmasin, dimana taman tersebut nantinya akan dimanfaatkan sebagai pembelajaran taman lalu lintas.', 10, 2, 2, '376300000.00', 9, 84, '20461413', '3361024', 'https://sirup.lkpp.go.id/sirup/ro/cari?tahunAnggaran=2019&keyword=20461413&jenisPengadaan=0&metodePengadaan=0', 'http://lpse.banjarmasinkota.go.id/eproc4/lelang/3361024/pengumumanlelang'),
(128, 'DED (Detail Engineering Design) Pembangunan dan Operasional Insenarator', 'Pembangunan tempat pembuangan benda padat/cair yang menimbulkan polusi', 'Untuk menghadapi persoalan Sampah Medis, Sampah Rumah Sakit dan Puskesmas, maka dilakukan teknik pembakaran sampah terkontrol dengan sebuah alat insenarator dengan tujuan menurunkan volume sampah yang cukup besar. Kajian Master Plan/Rencana Induk yang menggambarkan rencana Pembangunan dan Pengembangannya serta penatahapannya dilihat dari semua aspek secara komperehensif dan berkesinambungan terhadap kondisi potensi yang ada dan melaksanakan fungsi sepenuhnya sebagai Pembangunan dan Operasional Insenarator dengan tersusunya tahapan-tahapan pengadaan baik sumber daya manusia, pembiayaan dan fisik bangunan yang diharapkan menjadi suatu perencanaan yang berkesinambungan berupa Master Plan/Rencana Induk Pembangunan dan Operasional Insenerator.', 10, 3, 5, '300000000.00', 4, 83, '19447953', '3059024', 'https://sirup.lkpp.go.id/sirup/ro/cari?tahunAnggaran=2019&keyword=19447953&jenisPengadaan=0&metodePengadaan=0', 'http://lpse.banjarmasinkota.go.id/eproc4/lelang/3059024/pengumumanlelang'),
(129, 'Belanja Modal Pengadaan Excavator', 'Pengadaan Alat-Alat Berat', 'pengadaan sarana dan prasarana pengelolaan sampah di TPA Basirih berupa ALat Berat Excavator', 10, 1, 4, '3587200000.00', 4, 85, '20573342', '1583220', 'https://sirup.lkpp.go.id/sirup/ro/cari?tahunAnggaran=2019&keyword=20573342&jenisPengadaan=0&metodePengadaan=0', 'http://lpse.banjarmasinkota.go.id/eproc4/lelang/1583220/pengumumanlelang'),
(130, 'Master Plan Pembangunan dan Operasional Insenarator', 'Pembangunan tempat pembuangan benda padat/cair yang menimbulkan polusi', 'Untuk menghadapi persoalan Sampah Medis, Sampah Rumah Sakit dan Puskesmas, maka dilakukan teknik pembakaran sampah terkontrol dengan sebuah alat insenarator dengan tujuan menurunkan volume sampah yang cukup besar. Kajian Master Plan/Rencana Induk yang menggambarkan rencana Pembangunan dan Pengembangannya serta penatahapannya dilihat dari semua aspek secara komperehensif dan berkesinambungan terhadap kondisi potensi yang ada dan melaksanakan fungsi sepenuhnya sebagai Pembangunan dan Operasional Insenarator dengan tersusunya tahapan-tahapan pengadaan baik sumber daya manusia, pembiayaan dan fisik bangunan yang diharapkan menjadi suatu perencanaan yang berkesinambungan berupa Master Plan/Rencana Induk Pembangunan dan Operasional Insenerator.', 10, 3, 5, '275000000.00', 4, 83, '19447884', '3057024', 'https://sirup.lkpp.go.id/sirup/ro/cari?tahunAnggaran=2019&keyword=19447884&jenisPengadaan=0&metodePengadaan=0', 'http://lpse.banjarmasinkota.go.id/eproc4/lelang/3057024/pengumumanlelang'),
(131, 'Pengadaan Personal Komputer', 'Pengadaan Sarana dan Prasarana Kantor', 'Pengadaan Komputer Kantor Bakeuda', 31, 1, 4, '332445000.00', 1, 61, '19214509', '', 'https://sirup.lkpp.go.id/sirup/ro/cari?tahunAnggaran=2019&keyword=19214509&jenisPengadaan=0&metodePengadaan=0', 'http://lpse.banjarmasinkota.go.id/eproc4/lelang//pengumumanlelang'),
(132, 'Belanja Modal Pengadaan Road Sweeper / Mobil Penyapu Jalan (DID)', 'Pengadaan Alat-Alat Berat', 'pengadaan mobil penyapu jalan/road sweefer untuk jalan kota Banjarmasin', 10, 1, 3, '6606285000.00', 4, 85, '21684922', '3350024', 'https://sirup.lkpp.go.id/sirup/ro/cari?tahunAnggaran=2019&keyword=21684922&jenisPengadaan=0&metodePengadaan=0', 'http://lpse.banjarmasinkota.go.id/eproc4/lelang/3350024/pengumumanlelang'),
(133, 'Belanja Modal Pengadaan Truck Pemadat Sampah (DID)', 'Pengadaan Alat-Alat Berat', 'pengadaan truck pemadat sampah untuk penunjang operasional pengelolaan sampah kota Banjarmasin dari dan insentif daerah (DID)', 10, 1, 3, '1630000000.00', 1, 85, '21684931', '3365024', 'https://sirup.lkpp.go.id/sirup/ro/cari?tahunAnggaran=2019&keyword=21684931&jenisPengadaan=0&metodePengadaan=0', 'http://lpse.banjarmasinkota.go.id/eproc4/lelang/3365024/pengumumanlelang'),
(134, 'Belanja Modal Pengadaan Truck Pemadat Sampah (APBD)', 'Pengadaan Alat-Alat Berat', 'pengadaan truck pemadat sampah untuk penunjang operasional pengelolaan sampah kota Banjarmasin dari dan insentif daerah (APBD)', 10, 1, 3, '1630000000.00', 1, 85, '21684930', '3366024', 'https://sirup.lkpp.go.id/sirup/ro/cari?tahunAnggaran=2019&keyword=21684930&jenisPengadaan=0&metodePengadaan=0', 'http://lpse.banjarmasinkota.go.id/eproc4/lelang/3366024/pengumumanlelang'),
(135, 'Pengadaan Ribbon, Film Printer, Pembersih Printer (Cleaning Kit)', 'Pelayanan Administrasi Kependudukan', 'Pengadaan Tinta/Ribbon untuk Cetak E-KTP (90 buah), HDP Film untuk Cetak E-KTP (30 buah), cleaning Kit untuk printer e-ktp (4 buah), Tinta/Ribbon untuk cetak KIA (45 buah), Cleaning kit untuk printer KIA (5 buah)\r\nTujuan dari pengadaan ini adalah untuk penunjang jalanya pelayanan penerbitan E-KTP dan KIA pada Dinas Kependudukan dan Pencatatan Sipil Kota Banjarmasin', 11, 1, 4, '433850000.00', 5, 79, '21422020', '0', 'https://sirup.lkpp.go.id/sirup/ro/cari?tahunAnggaran=2019&keyword=21422020&jenisPengadaan=0&metodePengadaan=0', 'http://lpse.banjarmasinkota.go.id/eproc4/lelang/0/pengumumanlelang'),
(136, 'Belanja Modal Pengadaan Skid Steer Loader (DID)', 'Pengadaan Alat-Alat Berat', 'Pengadaan alat berat untuk pengelolaan sampah di TPA Basirih', 10, 1, 3, '1100000000.00', 2, 85, '21684933', '3402024', 'https://sirup.lkpp.go.id/sirup/ro/cari?tahunAnggaran=2019&keyword=21684933&jenisPengadaan=0&metodePengadaan=0', 'http://lpse.banjarmasinkota.go.id/eproc4/lelang/3402024/pengumumanlelang'),
(137, 'Belanja Modal Pengadaan Dump Truck (GSO)', 'Pengadaan Alat-Alat Berat', 'pengadaan alat operasional pengelolaan/angkutan sampah kota Banjarmasin', 10, 1, 3, '834500000.00', 2, 85, '21684927', '3380024', 'https://sirup.lkpp.go.id/sirup/ro/cari?tahunAnggaran=2019&keyword=21684927&jenisPengadaan=0&metodePengadaan=0', 'http://lpse.banjarmasinkota.go.id/eproc4/lelang/3380024/pengumumanlelang'),
(138, 'Belanja Modal Pengadaan Dump Truck (GSO) (DAK KLHK 2019)', 'Pengadaan Alat-Alat Berat', 'pengadaan alat operasional pengelolaan/angkutan sampah kota Banjarmasin', 10, 1, 3, '417250000.00', 4, 85, '21684928', '3351024', 'https://sirup.lkpp.go.id/sirup/ro/cari?tahunAnggaran=2019&keyword=21684928&jenisPengadaan=0&metodePengadaan=0', 'http://lpse.banjarmasinkota.go.id/eproc4/lelang/3351024/pengumumanlelang'),
(139, 'Belanja Jasa Pelayanan Kantor/Publik (pakaian kerja, keselamatan kerja, perlengkapan kerja dan topi)', 'Penyediaan Prasarana dan Sarana Pengelolaan Persampahan', 'Belanja jasa pelayanan kantor/publik pengadaan pakaian kerja, keselamatan kerja, perlengkapan kerja dan poti diperlukan untuk mengganti yang sudah tidak layak lagi', 10, 1, 2, '814555000.00', 4, 82, '20186861', '3317024', 'https://sirup.lkpp.go.id/sirup/ro/cari?tahunAnggaran=2019&keyword=20186861&jenisPengadaan=0&metodePengadaan=0', 'http://lpse.banjarmasinkota.go.id/eproc4/lelang/3317024/pengumumanlelang'),
(140, 'Pembangunan Jalan Akses Menuju Zona Pembuangan Sampah di TPA Basirih', 'Penyediaan prasarana dan sarana pengelolaan persampahan TPA', 'Pembangunan Jalan Akses Menuju Zona Pembuangan Sampah di TPA Basirih tahap 1', 10, 2, 2, '1100000000.00', 3, 80, '19167059', '3042024', 'https://sirup.lkpp.go.id/sirup/ro/cari?tahunAnggaran=2019&keyword=19167059&jenisPengadaan=0&metodePengadaan=0', 'http://lpse.banjarmasinkota.go.id/eproc4/lelang/3042024/pengumumanlelang'),
(141, 'Belanja Modal Pengadaan Tempat Parkir/Garasi', 'Penyediaan prasarana dan sarana pengelolaan persampahan TPA', 'Pembangunan garasi/parkir alat berat di lokasi TPA Basirih', 10, 2, 2, '810000000.00', 3, 80, '3151024', '21404282', 'https://sirup.lkpp.go.id/sirup/ro/cari?tahunAnggaran=2019&keyword=3151024&jenisPengadaan=0&metodePengadaan=0', 'http://lpse.banjarmasinkota.go.id/eproc4/lelang/21404282/pengumumanlelang'),
(142, 'Penyusunan Dokumen Lingkungan (AMDAL/UKL-UPL/SPPL) Pembangunan dan Operasional Insenarator', 'Pembangunan tempat pembuangan benda padat/cair yang menimbulkan polusi', 'Sebagian besar rumah sakit menghasilkan limbah medis antara lain darah, limbah otopsi dan limbah benda taja, limbah dari isolasi penyakit menular, limbah patologi, limbah bangkai hewan yang telah terkontaminasi yang penanganan limbahnya memerlukan perlakuan khusus dan tidak boleh ditangani secara sembarangan dan dibuang di tempat pembuangan sampah yang ada karena dapat mencemari lingkungan dan pengelolaan penyakit.\r\n\r\nUntuk menhadapi persoalan tersebut maka dilakukan teknik pembakaran sampah terkontrol dengan sebuah alat insenerator dengan tujuan menurunkan volume sampah medis yang cukup besar.\r\n\r\nSebelum pembangunan dan operasional insenerator dilaksanakan penting tersediannya dokumen AMDAL untuk mendukung rencana dimaksud. ', 10, 3, 5, '854950000.00', 8, 83, '19447884', '3057024', 'https://sirup.lkpp.go.id/sirup/ro/cari?tahunAnggaran=2019&keyword=19447884&jenisPengadaan=0&metodePengadaan=0', 'http://lpse.banjarmasinkota.go.id/eproc4/lelang/3057024/pengumumanlelang'),
(145, 'Pengadaan Dokumen Kependudukan dan Kartu Identitas Anak', 'Pelayanan Administrasi Kependudukan', 'Berupa Pengadaan Blangko Kartu Keluarga, Akta-Akta Pencatatan Sipil, Formulir-Formulir, dan Blangko Kartu Identitas Anak\r\nMaksud dari pekerjaan ini adalah untuk menunjang pelaksanaan pelayanan penerbitan Dokumen Kependudukan  dan Kartu Identitas Anak bagi masyarakat atau penduduk kota Banjarmasin.\r\nTujuan dari pekerjaan ini adalah agar dapat terlaksananya penerbitan Dokumen Kependudukan  dan Kartu Identitas Anak bagi masyarakat atau penduduk kota Banjarmasin.\r\n', 11, 4, 2, '572390000.00', 4, 79, '19485164', '3302024', 'https://sirup.lkpp.go.id/sirup/ro/cari?tahunAnggaran=2019&keyword=19485164&jenisPengadaan=0&metodePengadaan=0', 'http://lpse.banjarmasinkota.go.id/eproc4/lelang/3302024/pengumumanlelang'),
(146, 'Belanja Modal Pengadaan Bangunan Gedung Pertokoan/Koperasi/Pasar Pembangunan Gedung Kuliner Baiman', 'Kegiatan Pembangunan Gedung Bukan Kantor', 'Pembangunan Food Sasirangan, sarana UMKM untuk memasarkan produk makanan, baik produk kemasan ataupun makanan basah. Yang dilengkapi mushalla dan panggung portable, yang apabila ada event2 bisa memanfaatkan panggung tersebut', 15, 2, 2, '458850000.00', 9, 75, '21681858', '', 'https://sirup.lkpp.go.id/sirup/ro/cari?tahunAnggaran=2019&keyword=21681858&jenisPengadaan=0&metodePengadaan=0', 'http://lpse.banjarmasinkota.go.id/eproc4/lelang//pengumumanlelang'),
(147, 'Belanja Modal Pengadaan Bangunan Tempat Kerja Lainnya Pembangunan Balai Latihan Kerja (BLK)', 'Kegiatan Pembangunan Gedung Bukan Kantor', '', 15, 2, 2, '3255700000.00', 9, 75, '-', '-', '#', '#'),
(148, 'Rehab Kantor Kelurahan', 'Rehabilitasi Sedang/Berat Gedung/Bangunan', '=', 38, 2, 2, '670500000.00', 8, 56, '19262157', '0', 'https://sirup.lkpp.go.id/sirup/ro/cari?tahunAnggaran=2019&keyword=19262157&jenisPengadaan=0&metodePengadaan=0', 'http://lpse.banjarmasinkota.go.id/eproc4/lelang/0/pengumumanlelang'),
(149, 'Pembangunan Gedung Kantor Kelurahan Telawang', 'Pembangunan Gedung Kantor', 'Saat ini kondisi kantor Kelurahan Telawang telah mengalami kerusakan, lokasi yang kurang strategis, parkir yang sempit dan tidak memiliki halaman yang cukup sehingga keberadaannya kurang mendukung pelaksanaan pelayanan. Pemerintah Kota Banjarmasin melalui Kecamatan Banjarmasin Barat melaksanakan Pembangunan Kantor Kelurahan Telawang agar Kantor Kelurahan Telawang dapat difungsikan sebagaimana standar pelayanan kantor yang baik dan efisien. ', 38, 2, 2, '2900816000.00', 4, 56, '21691169', '3173024', 'https://sirup.lkpp.go.id/sirup/ro/cari?tahunAnggaran=2019&keyword=21691169&jenisPengadaan=0&metodePengadaan=0', 'http://lpse.banjarmasinkota.go.id/eproc4/lelang/3173024/pengumumanlelang'),
(150, 'Rehab Kantor Kelurahan Teluk Tiram, Rehab untuk Sarana Disabilitas Kelurahan Belitung Selatan, Belitung Utara dan Pelambuan', 'Rehabilitasi Sedang/Berat Gedung/Bangunan', 'Pekerjaan  Rehab Kantor Kelurahan Teluk Tiram, Rehab Untuk Sarana Disabilitas Kelurahaan Belitung Selatan, Belitung Utara, dan Pelambuan ini adalah agar  Tercipta Fisik Pembangunan Gedung Kantor yang memenuhi aspek kenyamanan, keindahan, serta keberpihakan pada lingkungan dan masyarakat.', 38, 2, 2, '224290000.00', 2, 56, '21691042', '3403024', 'https://sirup.lkpp.go.id/sirup/ro/cari?tahunAnggaran=2019&keyword=21691042&jenisPengadaan=0&metodePengadaan=0', 'http://lpse.banjarmasinkota.go.id/eproc4/lelang/3403024/pengumumanlelang'),
(151, 'Pembangunan Penambahan Fasilitas Penunjang untuk Penyandang Disabilitas di Kelurahan Kecamatan Banjarmasin Tengah', 'Rehabilitasi Sedang/Berat Gedung/Bangunan', 'Nama Pekerjaan Pembangunan Penambahan Fasilitas Penunjang untuk Penyandang Disabilitas di Kelurahan Kecamatan Banjarmasin Tengah', 37, 2, 2, '538605000.00', 2, 51, '21735075', '3352024', 'https://sirup.lkpp.go.id/sirup/ro/cari?tahunAnggaran=2019&keyword=21735075&jenisPengadaan=0&metodePengadaan=0', 'http://lpse.banjarmasinkota.go.id/eproc4/lelang/3352024/pengumumanlelang'),
(152, 'Peningkatan Kantor Kecamatan dan 9 Kantor Kelurahan', 'Rehabilitasi Sedang/Berat Gedung Kantor', 'Peningkatan kantor kecamatan dan 9 kantor kelurahan. Membuat interior ruang aula kecamatan (pekerjaan di kecamatan), dan membuat background front office dan sign board (pekerjaan di 9 kantor kelurahan, yaitu : Kel.Kuripan, Kel.Sungai BIlu, Kel.Pengambangan, Kel.Banua Anyar, Kel.Sungai Lulut, Kel.Pemurus Luar, Kel.Karang Mekar, Kel. Pekapuran Raya, Kel. Kebun Bunga).\r\nTujuannya : untuk meningkatkan kelancaran kegiatan pada saat pertemuan dengan warga di ruang aula, dan meningkatkan pelayanan kepada warga masyarakat di kelurahan se kecamatan Banjarmasin Timur', 35, 2, 2, '249000000.00', 3, 57, '21657776', '3401024', 'https://sirup.lkpp.go.id/sirup/ro/cari?tahunAnggaran=2019&keyword=21657776&jenisPengadaan=0&metodePengadaan=0', 'http://lpse.banjarmasinkota.go.id/eproc4/lelang/3401024/pengumumanlelang'),
(153, 'Belanja Sewa Perlengkapan dan Peralatan Kantor', 'Intensifikasi Penerimaan Pajak Daerah dan Penerimaan Sumber-Sumber Lain', 'Pengadaan sewa alat perekam data transaksi penerimaan pajak secara online pada objek pajak daerah ( pajak restoran, pajak hotel, dan pajak hiburan)\r\ndi wilayah pemerintah kota Banjarmasin sebanyak 60 unit selama 12 bulan.', 31, 4, 2, '385200000.00', 8, 58, '20342766', '', 'https://sirup.lkpp.go.id/sirup/ro/cari?tahunAnggaran=2019&keyword=20342766&jenisPengadaan=0&metodePengadaan=0', 'http://lpse.banjarmasinkota.go.id/eproc4/lelang//pengumumanlelang'),
(154, 'Belanja Jasa Penilaian Aset', 'Pengamanan dan Pemeliharaan Aset Milik Daerah', 'Penilaian  Aset Pasar se Kota Banjarmasin yang berada di bawah Pengawasan Disperindagin Kota Banjarmasin guna mengungkapkan dan menyatakan pendapat atau rekomendasi atas Nilai Pasar dari objek penilaian tersebut, dimana hasil penilaian ini akan digunakan untuk keperluan penilaian aset sektor publik untuk pelaporan keuangan atau standar akuntansi pemerintah (SAP) dalam rangka penyertaan modal.', 31, 4, 2, '1000000000.00', 1, 59, '0', '', 'https://sirup.lkpp.go.id/sirup/ro/cari?tahunAnggaran=2019&keyword=0&jenisPengadaan=0&metodePengadaan=0', 'http://lpse.banjarmasinkota.go.id/eproc4/lelang//pengumumanlelang'),
(155, 'Belanja Modal Pengadaan Bangunan Gedung Kantor / Rehab Gudang Arsip Bakeuda', 'Rehabilitasi Sedang/Berat Gedung Kantor', 'Badan Keuangan Daerah berencana melkukan pekerjaan rehab Gudang Arsip, sehingga dapat difungsikan kembali. Pekerjaan ini diharapkan agar Gudang Arsip dapat dipergunakan kembali secara maksimal baik untuk penyimpanan arsip dan fasilitas fisik untuk arsip', 31, 2, 2, '950000000.00', 1, 60, '21653797', '3275024', 'https://sirup.lkpp.go.id/sirup/ro/cari?tahunAnggaran=2019&keyword=21653797&jenisPengadaan=0&metodePengadaan=0', 'http://lpse.banjarmasinkota.go.id/eproc4/lelang/3275024/pengumumanlelang'),
(156, 'Belanja Modal Pengadaan Peralatan Studi Visual / Videotron', 'Pengadaan Sarana dan Prasarana Kantor', 'Pekerjaan pengadaan videotron ini sebagai upaya pemenuhan kebutuhan visual media luar ruang dilingkungan Badan Keuangan Daerah Kota Banjarmasin., guna menampilkan informasi baik dalam bentuk gambar atau tulisan kepada masyarakat agar cepat mudah dipahami dan dapat tersampaikan informasi tersebut ke masyarakat umum.', 31, 1, 2, '726545000.00', 1, 61, '21758944', '3344024', 'https://sirup.lkpp.go.id/sirup/ro/cari?tahunAnggaran=2019&keyword=21758944&jenisPengadaan=0&metodePengadaan=0', 'http://lpse.banjarmasinkota.go.id/eproc4/lelang/3344024/pengumumanlelang'),
(157, 'Belanja Modal Pengadaan Electrik Generating Set', 'Pengadaan Sarana dan Prasarana Kantor', 'Pengadaan Electric Generating Set (genset) sebanyak 1 unit. Diperlukan adanya generator set (genset) di kantor Sekretariat DPRD akan berguna untuk meningkatkan kinerja dan mengurangi kerugian yang terjadi ketika kondisi aliran listrik dari PLN yang tidak stabil ataupun mati. Dimana hal ini menyebabkan terganggu hingga terhentinya aktifitas.', 30, 1, 2, '800000000.00', 2, 50, '19894227', '3386024', 'https://sirup.lkpp.go.id/sirup/ro/cari?tahunAnggaran=2019&keyword=19894227&jenisPengadaan=0&metodePengadaan=0', 'http://lpse.banjarmasinkota.go.id/eproc4/lelang/3386024/pengumumanlelang'),
(158, 'Belanja Penyediaan Makanan Pokok', 'Pembinaan Panti Asuhan di Kota Banjarmasin', 'Penyediaan bahan Makanan Pokok Tambahan pada 27 Panti Asuhan (562 anak) yang masuk dalam Forum Lembaga Kesejahteraan Sosial Anak (LKSA) se Kota Banjarmasin. Tujuannya untuk meningkatkan kesehatan, kesejahteraan dan daya tahan tubuh anak panti asuhan.', 25, 1, 2, '1132614000.00', 4, 48, '19869927', '3021024', 'https://sirup.lkpp.go.id/sirup/ro/cari?tahunAnggaran=2019&keyword=19869927&jenisPengadaan=0&metodePengadaan=0', 'http://lpse.banjarmasinkota.go.id/eproc4/lelang/3021024/pengumumanlelang'),
(159, 'Belanja Pematangan Lahan dan Pembangunan Gedung Parkir dan Penataan Drainase', 'Pemeliharaan Rutin/Berkala Sarana dan Prasarana Kantor', 'Pemanfaatan area belakang perkantoran Pemko Banjarmasin, sebagai langkah awal penataan kawasan dan meningkatkan penanganan infrastruktur, prasarana dan sarana di area belang perkantoran Pemko. Sebagai solusi dalam pengaturan parkir dan akses jalan keluar masuk area perkantoran Pemko Banjarmasin', 27, 2, 2, '1600000000.00', 3, 55, '20038717', '3362024', 'https://sirup.lkpp.go.id/sirup/ro/cari?tahunAnggaran=2019&keyword=20038717&jenisPengadaan=0&metodePengadaan=0', 'http://lpse.banjarmasinkota.go.id/eproc4/lelang/3362024/pengumumanlelang'),
(162, 'Revitalisasi pasar tungging', 'Revitalisasi Pasar Tradisional Kota Banjarmasin', 'Revitalisasi pasar tungging lanjutan.\r\n Tinggi 6m, P 42 x L 32, menggunakan kontruksi baja wf, kolom struktur baja wf (ukuran 300x140x6,5x9) Ring balak menggunakan baja wf 200x100x5,5x8, kuda-kuda raftar menggunakan baja wf 250x125x6x9, gording menggunakan baja cnp 125x50x20x3,2, penutup atap menggunakan seng galvalum 0,9x7 dengan ketebalan 0,35', 20, 2, 2, '2048626000.00', 3, 86, '21711894', '3321024', 'https://sirup.lkpp.go.id/sirup/ro/cari?tahunAnggaran=2019&keyword=21711894&jenisPengadaan=0&metodePengadaan=0', 'http://lpse.banjarmasinkota.go.id/eproc4/lelang/3321024/pengumumanlelang'),
(163, 'Rehab/Pemeliharaan Pasar Rawasari', 'Pemeliharaan Berkala / Berkala Bangun Pasar', '1) Rehab rehab atap 19x5 tinggi 3,5m\r\n2) Penutup atap menggunakan seng soka\r\n3) Tiang menggunakan besi galvanis\r\n4) pekerjaan perbaikan kios yang miring 10 buah\r\n5) cor lantai 24,6x8,05 ketebalan 10cm\r\n6) Talang kiri kanan menggunakan seng galvalum\r\n', 20, 2, 2, '312500000.00', 9, 86, '21712089', '3325024', 'https://sirup.lkpp.go.id/sirup/ro/cari?tahunAnggaran=2019&keyword=21712089&jenisPengadaan=0&metodePengadaan=0', 'http://lpse.banjarmasinkota.go.id/eproc4/lelang/3325024/pengumumanlelang'),
(168, 'Peningkatan Jalan Lingkungan Kecamatan Banjarmasin Timur Paket 1', 'Peningkatan Jalan Lingkungan Kecamatan Banjarmasin Timur', 'Peningkatan Jalan Lingkungan Kecamatan Banjarmasin Timur Paket 1', 3, 2, 2, '4250000000.00', 4, 94, '3310024', '21635331', 'https://sirup.lkpp.go.id/sirup/ro/cari?tahunAnggaran=2019&keyword=3310024&jenisPengadaan=0&metodePengadaan=0', 'http://lpse.banjarmasinkota.go.id/eproc4/lelang/21635331/pengumumanlelang'),
(167, 'Pengadaan Kendaraan Bermotor Penumpang', 'Peningkatan Pembangunan Sarana dan Prasarana Pariwisata', '', 18, 1, 2, '1000000000.00', 9, 47, '-', '-', '#', '#'),
(169, 'Perbaikan Lingkungan Permukiman Kawasan Kumuh Paket 7 (Pengambangan)', 'Perbaikan Lingkungan Permukiman Kawasan Kumuh', 'Anggaran digeser/dibatalkan pada APBD-P 2019 karena ada pendanaan kegiatan tersebut dengan APBN melalui satker PKP Balai Prasarana Permukiman Wilayah Kalimantan Selatan Kementerian Pekerjaan Umum dan Perumahan Rakyat', 4, 2, 2, '4843204000.00', 8, 68, '19140924', '', 'https://sirup.lkpp.go.id/sirup/ro/cari?tahunAnggaran=2019&keyword=19140924&jenisPengadaan=0&metodePengadaan=0', 'http://lpse.banjarmasinkota.go.id/eproc4/lelang//pengumumanlelang'),
(170, 'Belanja Alat-Alat Kesehatan', 'Pengendalian Penyakit (DAK)', 'Belanja Alat-Alat Kesehatan Untuk RSUD Sultan Suriansyah Kota Banjarmasin', 2, 1, 4, '2841863000.00', 9, 65, '21394387', '', 'https://sirup.lkpp.go.id/sirup/ro/cari?tahunAnggaran=2019&keyword=21394387&jenisPengadaan=0&metodePengadaan=0', 'http://lpse.banjarmasinkota.go.id/eproc4/lelang//pengumumanlelang'),
(171, 'Perbaikan Lingkungan Permukiman Kawasan Kumuh Paket 6', 'Perbaikan Lingkungan Permukiman Kawasan Kumuh', 'Tertatanya lingkungan pemukiman kawasan kumuh kota Banjarmasin', 4, 2, 2, '1500000000.00', 4, 68, '19140881', '3232024', 'https://sirup.lkpp.go.id/sirup/ro/cari?tahunAnggaran=2019&keyword=19140881&jenisPengadaan=0&metodePengadaan=0', 'http://lpse.banjarmasinkota.go.id/eproc4/lelang/3232024/pengumumanlelang'),
(172, 'Perbaikan Lingkungan Permukiman Kawasan Kumuh Paket 5', 'Perbaikan Lingkungan Permukiman Kawasan Kumuh', 'Tertatanya lingkungan pemukiman kawasan kumuh kota Banjarmasin', 4, 2, 2, '1500000000.00', 3, 68, '19138445', '3305024', 'https://sirup.lkpp.go.id/sirup/ro/cari?tahunAnggaran=2019&keyword=19138445&jenisPengadaan=0&metodePengadaan=0', 'http://lpse.banjarmasinkota.go.id/eproc4/lelang/3305024/pengumumanlelang'),
(173, 'Penataan Bangunan Lingkungan Perkotaan Kawasan Kampung Tradisional Tepian Air di Kota Banjarmasin Paket 2 (Kel. Pengambangan)', 'Penataan Bangunan Lingkungan Perkotaan', 'Tertatanya lingkungan perkotaan kawasan kampung tradisional tepian sungai di kota banjarmasin', 4, 2, 2, '1585000000.00', 4, 66, '19381294', '3112024', 'https://sirup.lkpp.go.id/sirup/ro/cari?tahunAnggaran=2019&keyword=19381294&jenisPengadaan=0&metodePengadaan=0', 'http://lpse.banjarmasinkota.go.id/eproc4/lelang/3112024/pengumumanlelang'),
(174, 'Belanja Modal Pengadaan Bangunan Gedung Kandang Hewan / Ternak (DAK) Rehab Atap kandang Penampungan RPH Lokasi Basirih Selatan', 'Rehabilitasi Sedang/Berat Gedung/Bangunan', 'Perbaikan Atap Kandang Penmpungan RPH sangat perlu segera dilakukan, mengingat kondisinya saat ini mengalami kerusakan yang cukup berat, karena  hampir 80% kondisi atap mengalami kebocoran pada saat hujan. Keadan ini sangant mengganggu terhadap ternak sapi yang ditampung pada kandang tersebut, seperti sapi mengalami stress, kelembaban tinggi dan terjadi peningkatan serangan hama pengganggu terutam lalat dan nyamuk. Adanya alokasi DAK Pertanian tahun 2019 sebagian dialokasi untuk melakukan rehap kandan tersebut dengan jumlah perkiraan sebesar Rp. 218.500.000 dan saat ini sudah dimulai tahap kegiatan fisik', 9, 2, 2, '218500000.00', 4, 72, '21238147', '3204024', 'https://sirup.lkpp.go.id/sirup/ro/cari?tahunAnggaran=2019&keyword=21238147&jenisPengadaan=0&metodePengadaan=0', 'http://lpse.banjarmasinkota.go.id/eproc4/lelang/3204024/pengumumanlelang'),
(175, 'Belanja Modal Pengadaan Bangunan Tempat Kerja Lainnya (Pembangunan Bangunan Arena Lomba Burung Berkicau)', 'Pembangunan Gedung Bukan Kantor', 'Untuk  mengembangkan usaha/kegiatan lomba burung berkicau dikota Banjarmasin perlu diperbaiki dan diatur ulang, mengingat kondisi tempat saat ini sudah tidak  layak lagi keberadaannya, sehingga perlu dibuatkan tempat baru yang lebih strategis dan  mempunyai daya tampung yang sesuai dengan perkembangan dan tuntutan masyarakat pecinta lumba burung , Kegiatan ini secara langsung dapat mempengaruhi sosial ekonomi masyarakat, terutama dalam hal penjualan peralatan dan bahan budidaya dan lomba disamping merupakan salah satu untuk meningkatkan pariwisata di Kota Banjarmasin.\r\n', 9, 2, 2, '300000000.00', 3, 73, '21230691', '3243024', 'https://sirup.lkpp.go.id/sirup/ro/cari?tahunAnggaran=2019&keyword=21230691&jenisPengadaan=0&metodePengadaan=0', 'http://lpse.banjarmasinkota.go.id/eproc4/lelang/3243024/pengumumanlelang'),
(176, 'Belanja bahan obat-obatan', 'Penurunan Stunting (DAK)', 'Pengadaan tablet tambah darah untuk remaja putri Untuk program penurunan stunting ( Dana DAK)', 2, 1, 4, '971348000.00', 9, 65, '21787683', '', 'https://sirup.lkpp.go.id/sirup/ro/cari?tahunAnggaran=2019&keyword=21787683&jenisPengadaan=0&metodePengadaan=0', 'http://lpse.banjarmasinkota.go.id/eproc4/lelang//pengumumanlelang'),
(177, 'Pengadaan Ban Luar, Ban Dalam dan Flant untuk Armada Operasional', 'Pemeliharaan Rutin/Berkala Kendaraan Dinas/Operasional', 'Belanja penggantian suku cadang atau pengadaan ban luar, ban dalam dam flap untuk armada operasional diperlukan guna kelancaran aktifitas operasional angkutan sampah rutin harian kota banjarmasin', 10, 1, 3, '532800000.00', 6, 82, '21039579', '3316024', 'https://sirup.lkpp.go.id/sirup/ro/cari?tahunAnggaran=2019&keyword=21039579&jenisPengadaan=0&metodePengadaan=0', 'http://lpse.banjarmasinkota.go.id/eproc4/lelang/3316024/pengumumanlelang'),
(178, 'Pengadaan Komputer Unit Jaringan Mini Komputer (Tapping Box Pajak Online)', 'Pengadaan Sarana dan Prasarana Kantor', 'Terpasangnya alat pencatat semua transaksi pembayaran parkir (tapping box) di lokasi parkir Duta Mall', 13, 1, 2, '397900000.00', 1, 77, '19558559', '', 'https://sirup.lkpp.go.id/sirup/ro/cari?tahunAnggaran=2019&keyword=19558559&jenisPengadaan=0&metodePengadaan=0', 'http://lpse.banjarmasinkota.go.id/eproc4/lelang//pengumumanlelang'),
(179, 'Pembuatan Gedung Parkir', 'Pembangunan Sarana dan Prasarana Parkir', 'Tersedianya tempat parkir di lingkungan Pasar Baru dan Pasar Lima guna mewujudkan penataan lingkungan dan kelancaran arus lalu lintas.', 13, 2, 2, '2771030000.00', 8, 77, '19630648', '', 'https://sirup.lkpp.go.id/sirup/ro/cari?tahunAnggaran=2019&keyword=19630648&jenisPengadaan=0&metodePengadaan=0', 'http://lpse.banjarmasinkota.go.id/eproc4/lelang//pengumumanlelang'),
(180, 'Belanja modal pengadaan bangunan gedung', 'Fasilitasi Pengembangan Usaha Kecil Menengah', 'Akses jalan menuju restoran terapung di lokasi jalan Sungai Baru. Karena tongkang tidak bisa masuk jika diletakkan pada lokasi tsb. Sehingga lokasi restoran terapung di pindah ke depan Pemko. ', 15, 2, 2, '400000000.00', 8, 75, '19972736', '', 'https://sirup.lkpp.go.id/sirup/ro/cari?tahunAnggaran=2019&keyword=19972736&jenisPengadaan=0&metodePengadaan=0', 'http://lpse.banjarmasinkota.go.id/eproc4/lelang//pengumumanlelang'),
(181, 'Peningkatan fasilitas sarana olahraga Kecamatan Banjarmasin Timur', 'Pembangunan dan Pemeliharaan Sarana Olahraga', 'Tersedianya/meningkatnya fasilitas sarana olahraga di kecamatan banjarmasin timur', 17, 2, 2, '2683112850.00', 4, 74, '21388918', '3332024', 'https://sirup.lkpp.go.id/sirup/ro/cari?tahunAnggaran=2019&keyword=21388918&jenisPengadaan=0&metodePengadaan=0', 'http://lpse.banjarmasinkota.go.id/eproc4/lelang/3332024/pengumumanlelang'),
(182, 'Belanja modal pengadaan peralatan personal komputer', 'Pengadaan Sarana dan Prasarana Kantor', '', 35, 1, 4, '403000000.00', 9, 112, '-', '-', '#', '#'),
(195, 'Belanja Sertifikat ISO', 'Standarisasi/Sertifikasi Pelayanan Publik', 'Dinas Kependudukan dan Pencatatan Sipil Kota Banjarmasin dituntut untuk memberikan pelayanan yang baik dan bermutu. Pelayanan yang diberikan Dinas Kependudukan dan Pencatatan Sipil Kota Banjarmasin hendaknya mampu memberikan kepuasan bagi seluruh masyarakat di wilayahnya. Terselanggaranya pelayanan bermutu hingga good governance merupakan prasyarat bagi setiap pemerintahan untuk mewujudkan aspirasi dan mencapai tujuan serta cita-cita bangsa bernegara. Untuk memastikan mutu pelayanan yang dihasilkan, digunakan standar Sistem Manajemen Mutu ISO 9001:2015 yang merupakan standar yang diakui secara internasional dan memiliki sertifikasi. \r\nWaktu penugasan pekerjaan Belanja Sertifikasi ISO selama 3,5 bulan (100 hari)', 11, 4, 2, '498500000.00', 2, 78, '19277981', '3389024', 'https://sirup.lkpp.go.id/sirup/ro/cari?tahunAnggaran=2019&keyword=19277981&jenisPengadaan=0&metodePengadaan=0', 'http://lpse.banjarmasinkota.go.id/eproc4/lelang/3389024/pengumumanlelang'),
(192, 'Pengadaan Kendaraan Dinas Bermotor Perorangan Roda 4', 'Pengadaan Sarana dan Prasarana Kantor', 'Pengadaan Kendaraan Dinas Bermotor Perorangan Roda 4\r\nSebanyak 1 Unit', 27, 1, 4, '525000000.00', 4, 55, '20651663', '0', 'https://sirup.lkpp.go.id/sirup/ro/cari?tahunAnggaran=2019&keyword=20651663&jenisPengadaan=0&metodePengadaan=0', 'http://lpse.banjarmasinkota.go.id/eproc4/lelang/0/pengumumanlelang'),
(194, 'Pengadaan Kendaraan Dinas Bermotor Penumpang Roda 4', 'Pengadaan Sarana dan Prasarana Kantor', 'Pengadaan Mobil Dinas Micro Bus sebanyak 5 unit', 27, 1, 4, '2875000000.00', 4, 55, '20651724', '0', 'https://sirup.lkpp.go.id/sirup/ro/cari?tahunAnggaran=2019&keyword=20651724&jenisPengadaan=0&metodePengadaan=0', 'http://lpse.banjarmasinkota.go.id/eproc4/lelang/0/pengumumanlelang'),
(196, 'Cetak Buku Rapot K13 SMP', 'Pengadaan Buku-buku dan Alat Tulis Siswa SMP', 'Pengadaan raport tingkat Sekolah Menengah Pertama (SMP) di Pemerintah Kota Banjarmasin untuk kurikulu K13 dengan menggunakan kertas security yang tidak bisa digandakan/ ditiru', 1, 1, 2, '561600000.00', 4, 53, '19284772', '3221024', 'https://sirup.lkpp.go.id/sirup/ro/cari?tahunAnggaran=2019&keyword=19284772&jenisPengadaan=0&metodePengadaan=0', 'http://lpse.banjarmasinkota.go.id/eproc4/lelang/3221024/pengumumanlelang'),
(198, 'Peningkatan Jalan Lingkungan Kecamatan Banjarmasin Tengah Paket 1', 'Peningkatan Jalan Lingkungan Kecamatan Banjarmasin Tengah', 'Peningkatan Jalan Lingkungan Kecamatan Banjarmasin Tengah Paket 1', 3, 2, 2, '2700000000.00', 4, 108, '19136847', '3266024', 'https://sirup.lkpp.go.id/sirup/ro/cari?tahunAnggaran=2019&keyword=19136847&jenisPengadaan=0&metodePengadaan=0', 'http://lpse.banjarmasinkota.go.id/eproc4/lelang/3266024/pengumumanlelang'),
(199, 'Belanja Modal Pengadaan Kursi Kerja Non Eselon', 'Pengadaan Alat-alat Non Medis Rumah Sakit', 'b.Gambaran Umum\r\n1. Pembangunan kesehatan selama ini dititik beratkan pada upaya peningkatan mutu, dan kesempatan untuk mendapatkan pelayanan kesehatan, dengan penanganan operasional melalui pelayanan kuratif dan rehabilitative di Rumah Sakit. Untuk mengupayakan hal tersebut secara berkelanjutan perlu adanya pengembangan/peningkatan maupun pemeliharaan sarana dan prasarana pelayanan di Rumah Sakit\r\n2. Di era globalisasi sekarang ini rumah sakit dituntut untuk lebih meningkatkan kinerja dan berdaya saing dengan baik serta harus mampu merumuskan kebijakan-kebijakan strategi antara lain efisiensi dari dalam (organisasi, manajemen dan SDM) serta harus mampu secara cepat dan tepat mengambil kebutusan untuk peningkatan pelayanan kepada masyarakat.\r\n3. Pemerintah Kota Banjarmasin yang memiliki semboyan  Banjarmasin Bisa, Banjarmasin Baiman Banjarmasin Barasih Wan Nyaman  dalam hal ini mengupayakan semaksimal mungkin agar masyarakat Kota Banjarmasin Nyaman berobat, untuk itu perlu adanya pengadaan berbagai macam alat-alat non medis antara lain Pengadaan Kursi Kerja  sebagai sarana untuk menunjang pelayanan di Rumah Sakit.\r\n', 2, 1, 4, '2257150000.00', 5, 62, '21762098', '0', 'https://sirup.lkpp.go.id/sirup/ro/cari?tahunAnggaran=2019&keyword=21762098&jenisPengadaan=0&metodePengadaan=0', 'http://lpse.banjarmasinkota.go.id/eproc4/lelang/0/pengumumanlelang'),
(200, 'Belanja Modal Pengadaan Kursi Hadap Depan Meja Kerja Pejabat', 'Pengadaan Alat-alat Non Medis Rumah Sakit', 'b.Gambaran Umum\r\n1. Pembangunan kesehatan selama ini dititik beratkan pada upaya peningkatan mutu, dan kesempatan untuk mendapatkan pelayanan kesehatan, dengan penanganan operasional melalui pelayanan kuratif dan rehabilitative di Rumah Sakit. Untuk mengupayakan hal tersebut secara berkelanjutan perlu adanya pengembangan/peningkatan maupun pemeliharaan sarana dan prasarana pelayanan di Rumah Sakit\r\n2. Di era globalisasi sekarang ini rumah sakit dituntut untuk lebih meningkatkan kinerja dan berdaya saing dengan baik serta harus mampu merumuskan kebijakan-kebijakan strategi antara lain efisiensi dari dalam (organisasi, manajemen dan SDM) serta harus mampu secara cepat dan tepat mengambil kebutusan untuk peningkatan pelayanan kepada masyarakat.\r\n3. Pemerintah Kota Banjarmasin yang memiliki semboyan  Banjarmasin Bisa, Banjarmasin Baiman Banjarmasin Barasih Wan Nyaman  dalam hal ini mengupayakan semaksimal mungkin agar masyarakat Kota Banjarmasin Nyaman berobat, untuk itu perlu adanya pengadaan berbagai macam alat-alat non medis antara lain Pengadaan Kursi Hadap Depan Meja Kerja Pejabat sebagai sarana untuk menunjang pelayanan di Rumah Sakit.\r\n', 2, 1, 4, '302200000.00', 4, 62, '21762089', '0', 'https://sirup.lkpp.go.id/sirup/ro/cari?tahunAnggaran=2019&keyword=21762089&jenisPengadaan=0&metodePengadaan=0', 'http://lpse.banjarmasinkota.go.id/eproc4/lelang/0/pengumumanlelang'),
(202, 'Belanja Pengadaan Poliklinik THT', 'Pengadaan Alat-alat Kesehatan Rumah Sakit', 'Belanja Pengadaan Poliklinik THT Untuk RSUD Sultan Suriansyah Kota Banjarmasin', 2, 1, 4, '897342511.00', 9, 65, '19829522', '', 'https://sirup.lkpp.go.id/sirup/ro/cari?tahunAnggaran=2019&keyword=19829522&jenisPengadaan=0&metodePengadaan=0', 'http://lpse.banjarmasinkota.go.id/eproc4/lelang//pengumumanlelang'),
(203, 'Belanja Modal Pengadaan Alat Pendingin', 'Pengendalian Penyakit (DAK)', 'Pengadaan cold chain 3 unit untuk puskesmas :\r\nPuskesmas S.Parman\r\nPuskesmas Gadang Hanyar\r\nPuskesmas Pemurus Dalam', 2, 1, 4, '270000000.00', 4, 120, '21394545', '0', 'https://sirup.lkpp.go.id/sirup/ro/cari?tahunAnggaran=2019&keyword=21394545&jenisPengadaan=0&metodePengadaan=0', 'http://lpse.banjarmasinkota.go.id/eproc4/lelang/0/pengumumanlelang'),
(204, 'Belanja Pengadaan Rawat Inap', 'Pengadaan Alat-alat Kesehatan Rumah Sakit', 'Belanja Pengadaan Rawat Inap Untuk RSUD Sultan Suriansyah Kota Banjarmasin', 2, 1, 4, '858470060.00', 9, 65, '19852057', '', 'https://sirup.lkpp.go.id/sirup/ro/cari?tahunAnggaran=2019&keyword=19852057&jenisPengadaan=0&metodePengadaan=0', 'http://lpse.banjarmasinkota.go.id/eproc4/lelang//pengumumanlelang'),
(205, 'Belanja BMHP dan Perbekalan Kesehatan e-katalog (Blood Lancet Gizi, P2P dll)', 'Peningkatan Ketersediaan Obat Publik dan Perbekalan Kesehatan', 'Belanja BMHP dan Perbekalan Kesehatan e-katalog Untuk Keperluan 26 Puskesmas se-kota Banjarmasin (Dana APBD)', 2, 1, 4, '302300000.00', 9, 65, '19908168', '', 'https://sirup.lkpp.go.id/sirup/ro/cari?tahunAnggaran=2019&keyword=19908168&jenisPengadaan=0&metodePengadaan=0', 'http://lpse.banjarmasinkota.go.id/eproc4/lelang//pengumumanlelang'),
(206, 'Belanja Bahan Obat Puskesmas', 'Peningkatan Ketersediaan Obat Publik dan Perbekalan Kesehatan (Dana DAK Kefarmasian)', 'Belanja Obat-Obatan Puskesmas untuk 26 puskesmas se-kota Banjarmasin (Dana DAK)', 2, 1, 4, '1716593199.00', 9, 65, '20661542', '', 'https://sirup.lkpp.go.id/sirup/ro/cari?tahunAnggaran=2019&keyword=20661542&jenisPengadaan=0&metodePengadaan=0', 'http://lpse.banjarmasinkota.go.id/eproc4/lelang//pengumumanlelang'),
(207, 'Pengadaan Armature', 'Pemasaangan dan Peningkatan Mutu Penerangan Jalan Umum (PJU)', '', 3, 1, 4, '686800000.00', 9, 101, '-', '-', '#', '#'),
(208, 'Belanja Modal Pengadaan Personal Komputer', 'Pengadaan Sarana dan Prasarana Kantor', 'Pengadaan Laptop sebanyak 23 unit untuk menunjang kegiatan peningkatan kinerja penyuluh pertanian dan penguasaan teknologi,', 9, 1, 4, '230000000.00', 6, 111, '21216529', '0', 'https://sirup.lkpp.go.id/sirup/ro/cari?tahunAnggaran=2019&keyword=21216529&jenisPengadaan=0&metodePengadaan=0', 'http://lpse.banjarmasinkota.go.id/eproc4/lelang/0/pengumumanlelang'),
(214, 'Pengadaan Armature Paket 4', 'Pemeliharaan Jaringan dan Peralatan Listrik Penerangan Jalan Umum', 'Pengadaan Armature Lampu Sorot', 3, 1, 4, '289000000.00', 4, 101, '19135122', '1679459', 'https://sirup.lkpp.go.id/sirup/ro/cari?tahunAnggaran=2019&keyword=19135122&jenisPengadaan=0&metodePengadaan=0', 'http://lpse.banjarmasinkota.go.id/eproc4/lelang/1679459/pengumumanlelang'),
(211, 'Pengadaan Peralatan Seni Budaya (DAK SD)', 'Pengadaan Peralatan Seni Budaya (DAK SD)', 'Pengadaan peralatan seni budaya (DAK SD)', 1, 1, 3, '216000000.00', 4, 54, '20190430', '0', 'https://sirup.lkpp.go.id/sirup/ro/cari?tahunAnggaran=2019&keyword=20190430&jenisPengadaan=0&metodePengadaan=0', 'http://lpse.banjarmasinkota.go.id/eproc4/lelang/0/pengumumanlelang'),
(212, 'Belanja Modal Pengadaan Alat Pengelolaan Air Kotor', 'Pengadaan Alat Medis dan Non Medis  Puskesmas (DAK)', 'Belanja Modal Pengadaan Alat Pengelolaan Air Kotor Untuk 26 puskesmas se-kota Banjarmasin (Dana APBD)', 2, 1, 6, '450000000.00', 9, 65, '21696957', '', 'https://sirup.lkpp.go.id/sirup/ro/cari?tahunAnggaran=2019&keyword=21696957&jenisPengadaan=0&metodePengadaan=0', 'http://lpse.banjarmasinkota.go.id/eproc4/lelang//pengumumanlelang'),
(213, 'Pembangunan Taman di RTH Kamboja', 'Pembangunan Taman dan Kolam Air Mancur Menari di RTH Kamboja', 'Dalam rangka peningkatkan kualitas hasil pembangunan serta upaya merevitalisasai taman RTH Kamboja Kota Banjarmasin maka di butuhkan adanya penambahan fasilitas publik yang mampu meningkatkan gairah dan animo masayarakat. Dengan penambahan fasilitas hiburan yang monumental dan spektakuler diharapkan mampu menyerap daya tarik pengunjung baik wisatawan lokal maupun dari luar daerah, yang secara tidak langsung diharapkan dapat berdampak pada peningkatan ekonomi masyarakat sekitar. Dengan adanya pembangunan taman di RTH Kamboja diharapkan akan berdampak positif bagi masyarakat, dimana akan berkumpul banyak orang dari berbagai daerah dan berbagai usia datang untuk menyaksikan fasilitas yang dimiliki Kota Banjarmasin khususnya di RTH Kamboja Kota Banjarmasin', 10, 2, 2, '6167140000.00', 4, 115, '20461413', '3361024', 'https://sirup.lkpp.go.id/sirup/ro/cari?tahunAnggaran=2019&keyword=20461413&jenisPengadaan=0&metodePengadaan=0', 'http://lpse.banjarmasinkota.go.id/eproc4/lelang/3361024/pengumumanlelang'),
(215, 'Pengadaan Armature Paket 1', 'Pemeliharaan Jaringan dan Peralatan Listrik Penerangan Jalan Umum', '', 3, 1, 4, '720000000.00', 9, 101, '-', '-', '#', '#');
INSERT INTO `pekerjaan` (`id`, `nama`, `kegiatan`, `deskripsi`, `skpd`, `jenis`, `metode`, `pagu`, `progress_now`, `user`, `id_rup`, `id_lpse`, `link_rup`, `link_lpse`) VALUES
(216, 'Pengadaan Armature Paket 2', 'Pemeliharaan Jaringan dan Peralatan Listrik Penerangan Jalan Umum', 'Pengadaan Armature LED 30-40 Watt, Pengadaan Armature LED 90-100 Watt, Pengadaan Armature LED 120 Watt', 3, 1, 4, '1292210000.00', 4, 101, '19135122', '1679665', 'https://sirup.lkpp.go.id/sirup/ro/cari?tahunAnggaran=2019&keyword=19135122&jenisPengadaan=0&metodePengadaan=0', 'http://lpse.banjarmasinkota.go.id/eproc4/lelang/1679665/pengumumanlelang'),
(217, 'Pengadaan Armature Paket 3', 'Pemeliharaan Jaringan dan Peralatan Listrik Penerangan Jalan Umum', 'Pengadaan Armature LED 60-70 Watt', 3, 1, 4, '348480000.00', 4, 101, '19135122', '1679459', 'https://sirup.lkpp.go.id/sirup/ro/cari?tahunAnggaran=2019&keyword=19135122&jenisPengadaan=0&metodePengadaan=0', 'http://lpse.banjarmasinkota.go.id/eproc4/lelang/1679459/pengumumanlelang'),
(219, 'Rehabilitas sedang/berat aula kelurahan mawar dan penambahan fasilitas penunjang untuk penyandang disabilitas', 'Rehabilitasi Sedang/Berat Gedung/Bangunan', 'Rehabilitas sedang/berat aula kelurahan mawar dan penambahan fasilitas penunjang untuk penyandang disabilitas', 37, 2, 2, '424400000.00', 2, 51, '21828458', '3398024', 'https://sirup.lkpp.go.id/sirup/ro/cari?tahunAnggaran=2019&keyword=21828458&jenisPengadaan=0&metodePengadaan=0', 'http://lpse.banjarmasinkota.go.id/eproc4/lelang/3398024/pengumumanlelang');

-- --------------------------------------------------------

--
-- Table structure for table `pic`
--

CREATE TABLE IF NOT EXISTS `pic` (
  `id` int(10) unsigned NOT NULL AUTO_INCREMENT,
  `nama` varchar(200) NOT NULL,
  `nip` varchar(19) NOT NULL,
  `status` varchar(50) NOT NULL,
  `tmt` date NOT NULL,
  `kontak` varchar(20) NOT NULL,
  `pekerjaan` int(10) unsigned NOT NULL,
  PRIMARY KEY (`id`)
) ENGINE=MyISAM  DEFAULT CHARSET=latin1 AUTO_INCREMENT=615 ;

--
-- Dumping data for table `pic`
--

INSERT INTO `pic` (`id`, `nama`, `nip`, `status`, `tmt`, `kontak`, `pekerjaan`) VALUES
(288, 'H. Chandra I. W, ST, MM', '197107262000031004', 'ppk', '2019-03-01', '0811510688', 97),
(6, 'Laila Wahidah, S.Sos', '196901211992032003', 'pptk', '2019-01-07', '081251006440', 160),
(7, 'Yusma Rifani, S.AB', '197008272005011008', 'ppk', '2019-01-07', '081348343506', 160),
(8, 'Drs. H. Achmad Noor Djaya, M., MM', '196102061987031009', 'pa', '2019-03-25', '085101256261', 160),
(137, 'Damayanti, ST, MT', '197509022006042010', 'pptk', '2019-03-01', '082158961997', 100),
(10, 'H. Muhammad Isa Ansari, SE. MAP.', '196801111993031006', 'ppk', '2019-01-01', '0811508362', 158),
(11, 'Rusmini, S.Sos', '197407061994032002', 'pptk', '2019-01-16', '081253347272', 14),
(287, 'Akhmad Adenani Khairiry, ST', '197009271997031008', 'pptk', '2019-03-01', '085389280921', 97),
(13, 'Ir. SUGITO, MT', '196111081990031002', 'ppk', '2019-01-16', '0811506013', 14),
(14, 'Ir. SUGITO, MT', '196111081990031002', 'pa', '2019-07-02', '0811506013', 14),
(15, 'khairina rahmi, st', '198011172006042011', 'pptk', '2019-02-27', '0811500677', 81),
(16, 'Hj. Ir. Rusyidah', '196111251993032001', 'ppk', '2018-12-30', '085100381792', 81),
(17, 'Ir. Ahmad Fanani Saifudin, SH', '196502071992031006', 'pa', '2019-01-02', '0811511391', 119),
(18, 'Rahmat Rizali, S.ST', '197912062005011011', 'pptk', '2019-01-14', '082153610006', 119),
(47, 'Drs. Mukhyar, M.AP', '196111171993101001', 'pa', '2019-01-02', '081349639999', 126),
(20, 'H. Chandra I. W,  ST, MM', '197107262000031004', 'ppk', '2019-03-01', '0811510688', 89),
(21, 'Suyatno,ST,MS', '196808032000031008', 'ppk', '2019-07-15', '081351266659', 82),
(22, 'SUYATNO, ST, MS.', '196808032000031008', 'kpa', '2019-03-08', '081351266659', 71),
(490, 'Drs. H. Mukhyar, M. AP', '196111171993101001', 'ppk', '2020-02-01', '081349639999', 142),
(24, 'Agus Herri Wijayadi', '197608142006041008', 'pptk', '2019-07-15', '087814403801', 82),
(237, 'Ir. H. Arifin Noor,MT', '196008221989031006', 'pa', '2019-03-08', '08115152344', 112),
(26, 'SUYATNO, ST, MS', '196808032000031008', 'kpa', '2019-03-08', '081351266659', 102),
(27, 'Ir. Ahmad Fanani Saifudin, SH', '196502071992031006', 'ppk', '2019-06-24', '0811511391', 119),
(28, 'Indiharto Kurniawan, S.Pi', '197006081997031009', 'pptk', '2019-01-02', '081351885255', 125),
(29, 'SUYATNO, ST, MS', '196808032000031008', 'ppk', '2019-03-08', '081351266659', 102),
(30, 'Ir. H. JUANDA, MS', '196612121996031004', 'pptk', '2019-01-02', '0811527524', 142),
(31, 'ANDINI AMALIA RIFKY, ST', '198712302011012005', 'pptk', '2019-01-02', '082157944197', 102),
(32, 'SUYATNO, ST, MS.', '196808032000031008', 'ppk', '2019-03-08', '081351266659', 71),
(33, 'Iwan Ristianto, AP, M.AP', '197609141994121002', 'pa', '2019-05-16', '081351106300', 125),
(34, 'Ir. Ahmad Fanani Saifudin, SH', '196502071992031006', 'pa', '2019-01-02', '0811511391', 173),
(35, 'AGUS HERRI WIJAYADI, ST', '197608142006041008', 'pptk', '2019-01-14', '087814403801', 71),
(36, 'Erpansyah, ST', '197401242007011018', 'pptk', '2019-01-14', '081351757089', 173),
(212, 'Ir. H. Arifin Noor, MT', '196008221989031006', 'ppk', '2019-01-28', '08115152344', 103),
(38, 'Iwan Ristianto, AP, M.AP', '197609141994121002', 'ppk', '2019-05-16', '081351106300', 125),
(211, 'Ir. H. Arifin Noor, MT', '196008221989031006', 'pa', '2019-01-28', '08115152344', 103),
(40, 'NURYADI, S.Pd. MA', '196704131988041004', 'ppk', '2019-01-02', '081349703378', 29),
(42, 'Ir. Ahmad Fanani Saifudin, SH', '196502071992031006', 'ppk', '2019-06-24', '0811511391', 173),
(126, 'Drs. H. Mukhyar, M. AP', '196111171993101001', 'pa', '2019-01-02', '081349639999', 128),
(127, 'Drs. H. Mukhyar, M. AP', '196111171993101001', 'ppk', '2019-01-02', '081349639999', 128),
(45, 'SAHNAN, S.Pd, M.Pd', '196703271988041001', 'kpa', '2019-01-02', '085246271755', 196),
(46, 'IWAN SUPRIADI', '197708162009011001', 'pptk', '2019-01-01', '083153333044', 175),
(49, 'Ir.H.Arifin Noor, MT', '196008221989031000', 'pa', '2019-03-08', '08115152344', 82),
(89, 'Kartika Estaurina, ST', '198208092006042013', 'pptk', '2019-01-02', '08115112200', 89),
(51, 'H. M. Sultani, SKM', '197105161991011001', 'pptk', '2019-05-01', '082154460444', 58),
(53, 'Ir. ARIFIN NOOR, ST, MT', '196008221989031006', 'pa', '2019-03-08', '08115152344', 102),
(54, 'SAHNAN, S.Pd, M.Pd', '196703271988041001', 'ppk', '2019-01-02', '085246271755', 196),
(55, 'Ir.H.Lauhem Mahfuzi,M.A.p', '196004251989031008', 'pa', '2019-01-02', '081349787245', 175),
(57, 'Gt. Muhammad effendi, ST', '198706052015021002', 'pptk', '2019-03-01', '082158229891', 94),
(58, 'H. Chandra I. W,  ST, MM', '197107262000031004', 'ppk', '2019-03-01', '0811510688', 94),
(59, 'Ir. Ahmad Fanani Saifudin, SH', '196502071992031006', 'pa', '2019-01-02', '0811511391', 171),
(60, 'Ir. Ahmad Fanani Saifudin, SH', '196502071992031006', 'ppk', '2019-06-24', '0811511391', 171),
(61, 'Rahmat Rizali, S.ST', '197912062005011011', 'pptk', '2019-01-14', '082153610006', 171),
(62, 'dr. Hj. Dellis JF', '196308161997032001', 'ppk', '2019-01-15', '08125199696', 58),
(63, 'Dr. Machli Riyadi, SH. MH', '197011241991011004', 'pa', '2019-05-13', '0811111111', 61),
(64, 'Dr. Machli Riyadi, SH. MH', '197011241991011004', 'ppk', '2019-05-13', '0811111', 61),
(65, 'Muhammad Risadi', '374832748932', 'pptk', '2019-07-24', '32432432', 61),
(94, 'Kartika Estaurina, ST', '198208092006042013', 'pptk', '2019-01-02', '08115112200', 109),
(67, 'Kartika Estaurina, ST', '198208092006042013', 'pptk', '2019-03-01', '08115112200', 79),
(68, 'H. Chandra I. W,  ST, MM', '197107262000031004', 'ppk', '2019-03-01', '0811510688', 79),
(69, 'Gt. Muhammad effendi, ST', '198706052015021002', 'pptk', '2019-03-01', '082158229891', 93),
(70, 'H. Chandra I. W,  ST, MM', '197107262000031004', 'ppk', '2019-03-01', '0811510688', 93),
(71, 'Ir.H.Arifin Noor, MT', '196008221989031006', 'pa', '2019-03-08', '08115152344', 83),
(72, 'Suyatno,ST,MS', '196808032000031008', 'ppk', '2019-07-15', '081351266659', 83),
(73, 'Agus Herri Wijayadi, ST', '197608142006041008', 'pptk', '2019-07-15', '087814403801', 83),
(74, 'Gt. Muhammad effendi, ST', '198706052015021002', 'pptk', '2019-03-01', '082158229891', 72),
(75, 'H. Chandra I. W,  ST, MM', '197107262000031004', 'ppk', '2019-03-01', '0811510688', 72),
(247, 'H. Chandra I.W, ST. MM', '197107262000031004', 'ppk', '2019-03-01', '0811510688', 168),
(77, 'SUYATNO, ST, MS.', '196808032000031008', 'kpa', '2019-03-08', '081351266659', 70),
(250, 'H. Chandra I.W, ST. MM', '197107262000031004', 'ppk', '2019-03-01', '0811510688', 95),
(79, 'SUYATNO, ST, MS.', '196808032000031008', 'ppk', '2019-03-08', '081351266659', 70),
(80, 'AGUS HERRI WIJAYADI, ST', '197608142006041008', 'pptk', '2019-01-14', '087814403801', 70),
(81, 'Ir. ARIFIN NOOR, ST, MT', '196008221989031006', 'pa', '2019-03-08', '08115152344', 108),
(82, 'SUYATNO, ST, MS', '196808032000031008', 'ppk', '2019-03-08', '081351266659', 108),
(83, 'SUYATNO, ST, MS', '196808032000031008', 'kpa', '2019-03-08', '081351266659', 108),
(84, 'ANDINI AMALIA RIFKY, ST', '198712302011012005', 'pptk', '2019-01-02', '082157944197', 108),
(85, 'Ir. Ahmad Fanani Saifudin, SH', '196502071992031006', 'pa', '2019-01-02', '0811511391', 172),
(86, 'Ir. Ahmad Fanani Saifudin, SH', '196502071992031006', 'ppk', '2019-06-24', '0811511391', 172),
(87, 'Rahmat Rizali, S.ST', '197912062005011011', 'pptk', '2019-01-14', '082153610006', 172),
(90, 'H. Chandra I. W, ST, MM', '197107262000031004', 'kpa', '2019-03-01', '0811510688', 89),
(91, 'Kartika Estaurina, ST', '198208092006042013', 'pptk', '2019-01-02', '08115112200', 90),
(92, 'H. Chandra I. W, ST, MM', '197107262000031004', 'ppk', '2019-03-01', '0811510688', 90),
(93, 'H. Chandra I. W, ST, MM', '197107262000031004', 'kpa', '2019-03-01', '0811510688', 90),
(95, 'H. Chandra I. W, ST, MM', '197107262000031004', 'ppk', '2019-03-01', '0811510688', 109),
(96, 'H. Chandra I. W, ST, MM', '197107262000031004', 'kpa', '2019-03-01', '0811510688', 109),
(97, 'Kartika Estaurina, ST', '198208092006042013', 'pptk', '2019-01-02', '08115112200', 110),
(98, 'H. Chandra I. W, ST, MM', '197107262000031004', 'ppk', '2019-03-01', '0811510688', 110),
(99, 'H. Chandra I. W, ST, MM', '197107262000031004', 'kpa', '2019-03-01', '0811510688', 110),
(100, 'Kartika Estaurina, ST', '198208092006042013', 'pptk', '2019-01-02', '08115112200', 78),
(101, 'H. Chandra I. W, ST, MM', '197107262000031004', 'ppk', '2019-03-01', '0811510688', 78),
(102, 'H. Chandra I. W, ST, MM', '197107262000031004', 'kpa', '2019-03-01', '0811510688', 78),
(103, 'SUYATNO, ST, MS.', '196808032000031008', 'kpa', '2019-03-08', '081351266659', 106),
(104, 'Kartika Estaurina, ST', '198208092006042013', 'pptk', '2019-01-02', '08115112200', 80),
(105, 'H. Chandra I. W, ST, MM', '197107262000031004', 'ppk', '2019-03-01', '0811510688', 80),
(106, 'H. Chandra I. W, ST, MM', '197107262000031004', 'kpa', '2019-03-01', '0811510688', 80),
(108, 'SUYATNO, ST, MS.', '196808032000031008', 'ppk', '2019-03-08', '081351266659', 106),
(109, 'AGUS HERRI WIJAYADI, ST', '197608142006041008', 'pptk', '2019-01-14', '087814403801', 106),
(122, 'SURIANATA', '196710081988031011', 'pptk', '2019-01-02', '0811519769', 174),
(119, 'Ir.H. Lauhem Mahfuzi,M.AP.', '196004251989031008', 'ppk', '2019-01-02', '081349787245', 174),
(117, 'Ir.H. Lauhem Mahfuzi,M.AP.', '196004251989031008', 'pa', '2019-01-02', '081349787245', 174),
(118, 'Ir.H. Lauhem Mahfuzi,M.AP.', '196004251989031008', 'kpa', '2019-01-02', '081349787245', 174),
(114, 'Kartika Estaurina, ST', '198208092006042013', 'pptk', '2019-01-02', '08115112200', 88),
(115, 'H. Chandra I. W, ST, MM', '197107262000031004', 'ppk', '2019-03-01', '0811510688', 88),
(116, 'H. Chandra I. W, ST, MM', '197107262000031004', 'kpa', '2019-03-01', '0811510688', 88),
(123, 'Drs. H. Mukhyar, M. AP', '196111171993101001', 'pa', '2019-01-02', '081349639999', 130),
(124, 'Drs. H. Mukhyar, M. AP', '196111171993101001', 'ppk', '2019-01-02', '081349639999', 130),
(125, 'Ir. H. Juanda, MS', '196612121996031004', 'pptk', '2019-01-02', '0811527524', 130),
(128, 'Ir. H. Juanda, MS', '196612121996031004', 'pptk', '2019-01-02', '0811527524', 128),
(129, 'Drs. H. Mukhyar, M.AP', '196111171993101001', 'pa', '2019-01-02', '081349639999', 127),
(130, 'H. Muhammad Isa Ansari, SE. MAP.', '196801111993031006', 'kpa', '2019-01-02', '0811508362', 158),
(132, 'Zuraida Ulfah, ST, MT', '197207121995032002', 'pptk', '2019-01-02', '082250322432', 66),
(189, 'Ir. Hj. Lily Dwiyanti, MS', '196203041989032003', 'pa', '2019-04-01', '08152113212', 163),
(134, 'Ir. H. Arifin Noor,MT', '196008221989031006', 'pa', '2019-03-08', '08115152344', 100),
(135, 'Juli Khair, S.Sos.I', '198207312006041012', 'pptk', '2019-01-07', '081348874335', 158),
(136, 'H. Rustam, ST', '196203171983031016', 'ppk', '2019-03-08', '082353107762', 100),
(138, 'Drs. ESYA ZAIN HAFIZIE, M. AP', '196008051985091002', 'pa', '2019-02-07', '087814814270', 157),
(151, 'Drs. H. Ichwan Noor Chalik,M.Si', '196011131990031006', 'pa', '2019-01-02', '085249844844', 178),
(140, 'Muhammad Lufi Fadhillah, ST', '198704192011011002', 'pptk', '2019-03-01', '081349702895', 181),
(152, 'Ilham, S. Pd', '196303041986021006', 'pptk', '2019-02-27', '081254656770', 162),
(143, 'Drs. ESYA ZAIN HAFIZIE, M. AP', '196008051985091002', 'ppk', '2019-02-07', '087814814270', 157),
(144, 'Ahmad muzaiyin, S.Sos.', '197403281993111001', 'pa', '2019-01-02', '081349790397', 152),
(145, 'HARYO RADITYA RAHMAN, SE', '198308012009041001', 'pptk', '2019-03-01', '081210121068', 157),
(146, 'HARYANTA,SE', '197103111992031006', 'pptk', '2019-01-17', '083159164662', 149),
(147, 'M. Taufik Rivani, SH, M.Si', '196810261994031007', 'pa', '2019-05-16', '6281349465444', 181),
(148, 'H. Subhan Nor Yaumil, SE, M.Si', '197104211998031009', 'ppk', '2019-01-02', '08115021011', 153),
(176, 'Asna Thohiroh,S.Kom', '198209212006042012', 'pptk', '2019-01-02', '081255550707', 195),
(205, 'Ir. H. Arifin Noor,MT', '196008221989031006', 'pa', '2019-03-08', '08115152344', 98),
(169, 'Abimanyu', '197405151996031003', 'pptk', '2019-01-11', '081266266678', 178),
(154, 'Hj. KARLINA, S.Sos', '196308221983032007', 'pa', '2019-01-02', '081347272723', 149),
(155, 'ARIF BUDIMAN, ST', '198212272015021001', 'pptk', '2019-01-14', '085332515888', 101),
(156, 'Hj. KARLINA, S.Sos', '196308221983032007', 'ppk', '2019-01-07', '081347272723', 149),
(170, 'Ir. Hj. Lily Dwiyanti, MS', '196203041989032003', 'ppk', '2019-04-01', '08152113212', 162),
(158, 'Ir. Hj. Lily Dwiyanti, MS', '196203041989032003', 'pa', '2019-04-01', '08152113212', 162),
(159, 'M. Taufik Rivani, SH, M.Si', '196810261994031007', 'ppk', '2019-05-14', '6281349465444', 181),
(161, 'Diah Kumalasari, S.Si', '197909292010012010', 'pptk', '2019-01-02', '08121536456', 135),
(162, 'Hj. Aida Rahmah, SE', '197012051990022002', 'pptk', '2019-01-07', '0895700453170', 152),
(163, 'Drs. H. Ichwan Noor Chalik,M.Si', '196011131990031006', 'ppk', '2019-01-02', '085249844844', 178),
(164, 'Zuraida Ulfah, ST, MT', '197207121995032002', 'pptk', '2019-01-02', '082250322432', 67),
(165, 'SUYATNO, ST, MS', '19680803200031008', 'ppk', '2019-03-04', '081351266659', 101),
(166, 'Ahmad muzaiyin, S.Sos.', '197403281993111001', 'ppk', '2019-01-07', '081349790397', 152),
(168, 'Andi Irawan, S.Kom', '198302282008031005', 'pptk', '2019-01-02', '081256184251', 153),
(171, 'H. Subhan Nor Yaumil, SE, M.Si', '197104211998031009', 'pa', '2019-01-02', '08115021011', 153),
(172, 'Ir. ARIFIN NOOR, ST, MT', '196008221989031006', 'pa', '2019-03-04', '123456789', 101),
(173, 'HARWITA OKTANIA, ST. MT', '197910072008012018', 'pptk', '2019-01-02', '081351658882', 105),
(174, 'M. Haris Arsyad', '198207082010011017', 'pptk', '2019-01-02', '081250525154', 154),
(175, 'Drs. H. Khairul Saleh, M.Si', '196011011982021004', 'pa', '2019-01-02', '08115111960', 135),
(177, 'Dra. Hj. NANI ERNALINA', '196403241987032008', 'ppk', '2019-01-02', '081348165052', 105),
(178, 'H. Subhan Nor Yaumil', '197104211998031009', 'ppk', '2019-01-02', '08115021011', 154),
(179, 'Drs. H. Khairul Saleh, M.Si', '196011011982021004', 'ppk', '2019-01-02', '08115111960', 135),
(180, 'H. Subhan Nor Yaumil', '197104211998031009', 'pa', '2019-01-02', '08115021011', 154),
(181, 'Astri Kusmiatin, SE', '197711062005012010', 'pptk', '2019-01-02', '081351087560', 156),
(182, 'Drs. Hermansyah', '196001151984031010', 'pa', '2019-01-02', '08164562369', 122),
(183, 'H. Subhan Nor Yaumil, SE, M.Si', '197104211998031009', 'ppk', '2019-01-02', '08115021011', 156),
(184, 'H. Subhan Nor Yaumil, SE, M.Si', '197104211998031009', 'pa', '2019-01-02', '08115021011', 156),
(185, 'H. Rustam, ST', '196203171983031016', 'ppk', '2019-03-08', '082353107762', 67),
(186, 'Ir. H. Arifin Noor,MT', '196008221989031005', 'pa', '2019-03-08', '08115152344', 67),
(187, 'H. Rustam, ST', '196203171983031016', 'ppk', '2019-03-08', '082353107762', 66),
(188, 'Ir. H. Arifin Noor,MT', '196008221989031006', 'pa', '2019-03-08', '08115152344', 66),
(190, 'Ir. Hj. Lily Dwiyanti, MS', '196203041989032003', 'ppk', '2019-04-01', '08152113212', 163),
(191, 'Ilham, S. Pd', '196303041986021006', 'pptk', '2019-02-27', '081254656770', 163),
(192, 'Abdurrahim', '198305302005011004', 'pptk', '2019-01-02', '081348320402', 155),
(193, 'H. Subhan Nor Yaumil', '197104211998031009', 'ppk', '2019-01-02', '08115021011', 155),
(194, 'Drs. H. Khairul Saleh, M.Si', '196011011982021005', 'pa', '2019-01-02', '08115111960', 195),
(195, 'H. Subhan Nor Yaumil', '197104211998031009', 'pa', '2019-01-02', '08115021011', 155),
(196, 'Hj. KARLINA, S.Sos', '196308221983032007', 'pa', '2019-01-02', '081347272723', 150),
(197, 'Hj. KARLINA, S.Sos', '196308221983032007', 'ppk', '2019-01-07', '081347272723', 150),
(198, 'HARYANTA,SE', '197103111992031006', 'pptk', '2019-01-17', '083159164662', 150),
(199, 'Drs. H. Khairul Saleh, M.Si', '196011011982021005', 'ppk', '2019-01-02', '08115111960', 195),
(216, 'H. Rustam, ST', '196203171983031016', 'ppk', '2019-03-08', '082353107762', 73),
(201, 'Herry Akhmadi, S.Sos', '197908222009031003', 'pptk', '2019-01-02', '081255747466', 122),
(202, 'Ir. H. Arifin Noor,MT', '196008221989031006', 'pa', '2019-03-08', '08115152344', 99),
(203, 'H. Rustam, ST', '196203171983031016', 'ppk', '2019-03-08', '082353107762', 99),
(204, 'Damayanti, ST, MT', '197509022006042010', 'pptk', '2019-03-01', '082158961997', 99),
(206, 'H. Rustam, ST', '196203171983031016', 'ppk', '2019-03-08', '082353107762', 98),
(207, 'Damayanti, ST, MT', '197509022006042010', 'pptk', '2019-03-01', '082158961997', 98),
(208, 'M. LUTFI ANNIZAR, A.Md', '198010222011011002', 'pptk', '2019-01-14', '082255558307', 73),
(209, 'M. LUTFI ANNIZAR, A.Md', '198010222011011002', 'pptk', '2019-01-14', '082255558307', 75),
(213, 'Dame Elisabeth Sibarani', '198910112015022002', 'pptk', '2019-01-02', '081250134949', 103),
(253, 'Dr. Machli Riyadi, S.H., M.H.', '197011241991011004', 'pa', '2019-05-16', '08125002233', 58),
(215, 'H. Chandra I.W, ST. MM', '197107262000031004', 'kpa', '2019-03-01', '0811510688', 94),
(217, 'H. Chandra I.W, ST. MM', '197107262000031004', 'kpa', '2019-03-01', '0811510688', 93),
(218, 'Ir. H. Arifin Noor,MT', '196008221989031006', 'pa', '2019-03-08', '08115152344', 73),
(219, 'H. Chandra I.W, ST. MM', '197107262000031004', 'kpa', '2019-03-01', '0811510688', 72),
(220, 'Lariza Hybreda', '197901162006042022', 'pptk', '2019-01-02', '08125055772', 104),
(221, 'Ir. H. ARIFIN NOOR, MT', '196008221989031006', 'ppk', '2019-01-02', '08115152344', 104),
(222, 'Ir. H. ARIFIN NOOR, MT', '196008221989031006', 'pa', '2019-01-02', '08115152344', 104),
(223, 'M. LUTFI ANNIZAR, A.Md', '198010222011011002', 'pptk', '2019-01-14', '082255558307', 74),
(224, 'H. Rustam, ST', '196203171983031016', 'ppk', '2019-03-08', '082353107762', 74),
(225, 'Ir. H. Arifin Noor,MT', '196008221989031006', 'pa', '2019-03-08', '08115152344', 74),
(226, 'H. Rustam, ST', '196203171983031016', 'ppk', '2019-03-08', '082353107762', 75),
(227, 'Ir. H. Arifin Noor,MT', '196008221989031006', 'pa', '2019-03-08', '08115152344', 75),
(228, 'M. LUTFI ANNIZAR, A.Md', '198010222011011002', 'pptk', '2019-01-14', '082255558307', 76),
(229, 'H. Rustam, ST', '196203171983031016', 'ppk', '2019-03-08', '082353107762', 76),
(230, 'Ir. H. Arifin Noor,MT', '196008221989031006', 'pa', '2019-03-08', '08115152344', 76),
(231, 'Ir. H. Arifin Noor,MT', '196008221989031006', 'pa', '2019-03-08', '08115152344', 111),
(232, 'H. Rustam, ST', '196203171983031016', 'ppk', '2019-03-08', '082353107762', 111),
(233, 'M. LUTFI ANNIZAR, A.Md', '198010222011011002', 'pptk', '2019-01-14', '082255558307', 77),
(234, 'Muhammad, SST', '196301131985031000', 'pptk', '2019-01-14', '085390453937', 111),
(235, 'H. Rustam, ST', '196203171983031016', 'ppk', '2019-03-08', '082353107762', 77),
(236, 'Ir. H. Arifin Noor,MT', '196008221989031006', 'pa', '2019-03-08', '08115152344', 77),
(238, 'H. Rustam, ST', '196203171983031016', 'ppk', '2019-03-08', '082353107762', 112),
(239, 'Muhammad, SST', '196301131985031000', 'pptk', '2019-01-14', '085390453937', 112),
(240, 'Drs. H. Ichwan Noor Chalik, M.Si', '196011131990031006', 'pa', '2019-01-02', '085249844844', 179),
(241, 'Drs. H. Ichwan Noor Chalik, M.Si', '196011131990031006', 'ppk', '2019-01-02', '085249844844', 179),
(242, 'Hendra, S.STP, MA', '198208042000121001', 'pptk', '2019-01-02', '081256034366', 179),
(243, 'Dr. Machli Riyadi, S.H., M.H.', '197011241991011004', 'pa', '2019-05-16', '08125002233', 56),
(244, 'dr. Hj. Dellis JF', '196308161997032001', 'ppk', '2019-01-15', '08125199696', 56),
(245, 'H. M. Sultani, SKM', '197105161991011001', 'pptk', '2019-05-01', '082154460444', 56),
(246, 'Anna Firmauli Hutapea, ST', '198601062015022001', 'pptk', '2019-03-08', '081253197134', 168),
(248, 'H. Chandra I.W, ST. MM', '197107262000031004', 'kpa', '2019-03-01', '0811510688', 168),
(249, 'Anna Firmauli Hutapea, ST', '198601062015022001', 'pptk', '2019-03-08', '081253197134', 95),
(251, 'H. Chandra I.W, ST. MM', '197107262000031004', 'kpa', '2019-03-01', '0811510688', 95),
(254, 'M. LUFI FADHILLAH, ST', '198704192011011002', 'pptk', '2019-03-01', '081349702895', 161),
(255, 'M. TAUFIK RIVANI, SH, M.Si', '196810261994031007', 'ppk', '2019-05-14', '081349465444', 161),
(256, 'M. TAUFIK RIVANI, SH, M.Si', '196810261994031007', 'pa', '2019-05-16', '081349465444', 161),
(257, 'H. M. Sultani, SKM', '197105161991011001', 'pptk', '2019-05-01', '082154460444', 57),
(258, 'dr. Hj. Dellis JF', '196308161997032001', 'ppk', '2019-01-15', '08125199696', 57),
(259, 'Dr. Machli Riyadi, S.H., M.H.', '197011241991011004', 'pa', '2019-05-16', '08125002233', 57),
(497, 'Totok Agus Daryanto, M.Pd', '196708141990011001', 'pa', '2019-01-02', '082153822224', 20),
(262, 'Akhmad Adenani Khairiry, ST', '197009271997031008', 'pptk', '2019-03-01', '085389280921', 96),
(263, 'H. Chandra I. W, ST, MM', '197107262000031004', 'ppk', '2019-03-01', '0811510688', 96),
(264, 'H. Chandra I. W, ST, MM', '197107262000031004', 'kpa', '2019-03-01', '0811510688', 96),
(265, 'Achmad Ridhoni, ST', '198308172009031005', 'pptk', '2019-01-01', '081250403819', 113),
(293, 'Hizbulwathoni, ST', '197505132006041013', 'ppk', '2019-01-02', '08125044442', 107),
(267, 'Hizbulwathoni,ST', '197505132006041013', 'ppk', '2019-01-01', '08125044442', 113),
(268, 'Ir. Fanani Saifudin, SH', '196502071992031006', 'pa', '2019-01-02', '05113363690', 120),
(269, 'Ir. H. ARIFIN NOOR, MT', '196008221989031006', 'pa', '2019-01-01', '08115152344', 113),
(270, 'Freddy, ST, MT', '197204181999031008', 'ppk', '2019-01-02', '05113363690', 120),
(279, 'Ir. Fanani Saifudin, SH', '196502071992031006', 'pa', '2019-01-02', '05113363690', 118),
(272, 'Nurul Hidayah, ST', '197810202005012012', 'pptk', '2019-01-02', '05113363690', 120),
(273, 'Ir. Fanani Saifudin, SH', '196502071992031006', 'pa', '2019-01-02', '05113363690', 121),
(274, 'Freddy, ST, MT', '197204181999031008', 'ppk', '2019-01-02', '05113363690', 121),
(275, 'Nurul Hidayah, ST', '197810202005012012', 'pptk', '2019-01-02', '05113363690', 121),
(276, 'Ir. Fanani Saifudin, SH', '196502071992031006', 'pa', '2019-01-02', '05113363690', 117),
(277, 'Freddy, ST, MT', '197204181999031008', 'ppk', '2019-01-02', '05113363690', 117),
(278, 'Siska Isyana, ST', '198302282009032012', 'pptk', '2019-01-02', '05113363690', 117),
(280, 'Freddy, ST, MT', '197204181999031008', 'ppk', '2019-01-02', '05113363690', 118),
(281, 'Siska Isyana, ST', '198302282009032012', 'pptk', '2019-01-02', '05113363690', 118),
(283, 'HENDRA MAULANA, ST', '198501122010011007', 'pptk', '2019-03-01', '081251036615', 64),
(284, 'H.CHANDRA I. W, ST, MM', '197107262000031004', 'ppk', '2019-03-01', '0811510688', 64),
(285, 'Dra. Hj. NANI ERNALINA', '196403241987032008', 'kpa', '2019-03-08', '081348165052', 105),
(286, 'H.CHANDRA I. W, ST, MM', '197107262000031004', 'kpa', '2019-03-08', '0811510688', 64),
(289, 'H. Chandra I. W, ST, MM', '197107262000031004', 'kpa', '2019-03-01', '0811510688', 97),
(291, 'Ani Fuji Astuti, ST', '197602282006042014', 'pptk', '2019-01-02', '085248899414', 107),
(292, 'Hizbulwathoni, ST', '197505132006041013', 'kpa', '2019-01-02', '08125044442', 107),
(294, 'Dr.Machli Riyadi, SH., MH', '197011241991011004', 'pa', '2019-05-16', '08125002232', 199),
(295, 'SOLIKIN, ST. MT.', '198101152008031001', 'pptk', '2019-03-01', '085100563359', 116),
(296, 'HIZBULWATHONI, ST.', '197505132006041013', 'ppk', '2019-07-02', '08125044442', 116),
(298, 'Muhammad Risadi, S.Kep', '198011292009031004', 'pptk', '2019-06-01', '081349326920', 199),
(299, 'Dr.Machli Riyadi, SH., MH', '197011241991011004', 'ppk', '2019-05-16', '08125002233', 199),
(300, 'HIZBULWATHONI, ST.', '197505132006041013', 'kpa', '2019-01-02', '08125044442', 116),
(301, 'Diah Kumalasari, S.Si', '197909292010012010', 'pptk', '2019-01-02', '08121536456', 145),
(302, 'Drs. H. Khairul Saleh, M.Si', '196011011982021004', 'pa', '2019-01-02', '08115111960', 145),
(303, 'Drs. H. Khairul Saleh, M.Si', '196011011982021004', 'ppk', '2019-01-02', '08115111960', 145),
(304, 'NURYADI, S.Pd. MA', '196704131988041004', 'ppk', '2019-01-02', '081349703378', 24),
(389, 'Totok Agus Daryanto, M.Pd', '196708141990011001', 'pa', '2019-01-02', '1', 20),
(311, 'Ir.H. Lauhem Mahfuzi,M.AP.', '196004251988031008', 'kpa', '2019-01-01', '081349787245', 175),
(309, 'ISNOOREDY, SE', '197312262005011004', 'pptk', '2019-01-21', '081242662870', 196),
(312, 'Ir.H. Lauhem Mahfuzi,M.AP.', '196004251988031008', 'ppk', '2019-01-02', '081349787245', 175),
(495, 'Ibnul Qayyim Islamy, ST', '197508092006041020', 'pptk', '2019-01-02', '082148704488', 20),
(316, 'Dra. Hj. NANI ERNALINA', '196403241987032008', 'kpa', '2019-01-02', '081348165052', 114),
(315, 'H. CHANDRA I. W, ST, MM', '197107262000031004', 'ppk', '2019-03-01', '0811510688', 86),
(317, 'KHAIRUL SALEH, ST', '196404201992031009', 'pptk', '2019-03-01', '081250650650', 86),
(318, 'Ir. H. Arifin Noor, MT', '1960082219890031006', 'pa', '2019-01-28', '08115152344', 114),
(319, 'Aisyah Fatmawati, ST.', '198605062009032008', 'pptk', '2019-07-02', '085332957030', 114),
(320, 'Dra. Hj. NANI ERNALINA', '196403241987032008', 'ppk', '2019-01-02', '081348165052', 114),
(321, 'H. CHANDRA I. W, ST, MM', '197107262000031004', 'kpa', '2019-03-01', '0811510688', 86),
(322, 'SITI ARY SILVIA RADIANY, ST', '197803252007012010', 'pptk', '2019-03-01', '081349503435', 91),
(323, 'H. Chandra I.W, ST. MM', '197107262000031004', 'ppk', '2019-03-01', '0811510688', 91),
(324, 'H. Chandra I.W, ST. MM', '197107262000031004', 'kpa', '2019-03-01', '0811510688', 91),
(325, 'SITI ARY SILVIA RADIANY, ST', '197803252007012010', 'pptk', '2019-03-01', '081349503435', 198),
(326, 'KHAIRUL SALEH, ST', '196404201992031009', 'pptk', '2019-03-01', '081250650650', 87),
(327, 'H. Chandra I.W, ST. MM', '197107262000031004', 'ppk', '2019-03-01', '0811510688', 198),
(328, 'H. CHANDRA I. W, ST, MM', '197107262000031004', 'ppk', '2019-03-01', '0811510688', 87),
(329, 'H. Chandra I.W, ST. MM', '197107262000031004', 'kpa', '2019-03-01', '0811510688', 198),
(330, 'H. CHANDRA I. W, ST, MM', '197107262000031004', 'kpa', '2019-03-01', '0811510688', 87),
(331, 'SITI ARY SILVIA RADIANY, ST', '197803252007012010', 'pptk', '2019-03-01', '081349503435', 92),
(332, 'H. Chandra I.W, ST. MM', '197107262000031004', 'ppk', '2019-03-01', '0811510688', 92),
(333, 'H. Chandra I.W, ST. MM', '197107262000031004', 'kpa', '2019-03-01', '0811510688', 92),
(336, 'NURYADI, S.Pd. MA', '196704131988041004', 'ppk', '2019-01-02', '1', 23),
(337, 'NURYADI, S.Pd. MA', '196704131988041004', 'ppk', '2019-01-02', '1', 21),
(338, 'NURYADI, S.Pd. MA', '196704131988041004', 'ppk', '2019-01-02', '1', 22),
(483, 'Arief Rakhman Hakim,ST', '196902071993031008', 'pptk', '2019-03-08', '081250126000', 85),
(496, 'Nuryadi, S.Pd. MA', '196704131988041004', 'ppk', '2019-01-02', '081349703378', 20),
(342, 'Drs.H.Mukhyar, M.AP', '196111171993101001', 'pa', '2019-01-02', '081349639999', 138),
(343, 'Drs.H.Mukhyar, M.AP', '196111171993101001', 'ppk', '2019-01-02', '081349639999', 138),
(344, 'Danang Nur Hidayanto, SP', '196504301998031005', 'pptk', '2019-01-02', '082251302922', 138),
(365, 'SAHNAN, S.Pd, M.Pd', '196703271988041001', 'ppk', '2019-01-02', '085246271755', 26),
(346, 'Drs. H. HAMLI KURSANI, M.Si', '196012171985031007', 'pa', '2019-01-02', '082153602417', 194),
(347, 'Drs. GUSTI IRWAN MIRZA', '196304291993031005', 'kpa', '2019-01-02', '08125028170', 194),
(348, 'Drs. GUSTI IRWAN MIRZA', '196304291993031005', 'ppk', '2019-01-02', '08125028170', 194),
(349, 'M. LUKMANNOL HAKIM, S.AP', '197508231995031001', 'pptk', '2019-01-11', '081250079454', 194),
(350, 'Drs. H. HAMLI KURSANI, M.Si', '196012171985031007', 'pa', '2019-01-02', '082153602417', 159),
(351, 'Drs. GUSTI IRWAN MIRZA', '196304291993031005', 'kpa', '2019-01-02', '08125028170', 159),
(352, 'Drs. GUSTI IRWAN MIRZA', '196304291993031005', 'ppk', '2019-01-02', '08125028170', 159),
(353, 'M. LUKMANNOL HAKIM, S.AP', '197508231995031001', 'pptk', '2019-01-11', '081250079454', 159),
(354, 'Drs. H. HAMLI KURSANI, M.Si', '196012171985031007', 'pa', '2019-01-02', '082153602417', 192),
(355, 'Drs. GUSTI IRWAN MIRZA', '196304291993031005', 'kpa', '2019-01-02', '08125028170', 192),
(356, 'Drs. GUSTI IRWAN MIRZA', '196304291993031005', 'ppk', '2019-01-02', '08125028170', 192),
(357, 'M. LUKMANNOL HAKIM, S.AP', '197508231995031001', 'pptk', '2019-01-11', '081250079454', 192),
(358, 'Drs. H. Mukhyar, M.AP', '196111171993101001', 'ppk', '2019-01-02', '081349639999', 127),
(359, 'Rani Wulandari, ST', '198412252009032011', 'pptk', '2019-01-02', '085754073646', 127),
(360, 'IBNUL QAYYIM ISLAMY ST', '197508092006041020', 'pptk', '2019-01-02', '082148704488', 24),
(375, 'Drs.H.Mukhyar, M.AP', '196111171993101001', 'pa', '2019-01-02', '081349639999', 132),
(362, 'Totok Agus Daryanto, M.Pd', '196708141990011001', 'pa', '2019-01-02', '1', 24),
(364, 'ISNOOREDY, SE', '197312262005011004', 'pptk', '2019-01-21', '081242662870', 26),
(367, 'SAHNAN, S.Pd, M.Pd', '196703271988041001', 'kpa', '2019-01-02', '085246271755', 26),
(368, 'Drs. Hermansyah', '196001151984031010', 'ppk', '2019-01-02', '08164562369', 122),
(369, 'Drs. H. Mukhyar, M.AP', '196111171993101001', 'pa', '2019-01-02', '081349639999', 213),
(370, 'Drs. H. Mukhyar, M.AP', '196111171993101001', 'ppk', '2019-01-02', '081349639999', 213),
(371, 'Drs.H.Mukhyar, M.AP', '196111171993101001', 'pa', '2019-01-02', '081349639999', 137),
(372, 'Tarianto, SPKP', '196209031986031021', 'pptk', '2019-01-02', '08125052955', 213),
(373, 'Drs.H.Mukhyar, M.AP', '196111171993101001', 'ppk', '2019-01-02', '081349639999', 137),
(374, 'Danang Nur Hidayanto, SP', '196504301998031005', 'pptk', '2019-01-02', '082251302922', 137),
(378, 'Drs.H.Mukhyar, M.AP', '196111171993101001', 'ppk', '2019-01-02', '081349639999', 132),
(377, 'Danang Nur Hidayanto, SP', '196504301998031005', 'pptk', '2019-01-02', '082251302922', 132),
(379, 'Drs.H.Mukhyar, M.AP', '196111171993101001', 'pa', '2019-01-02', '081349639999', 133),
(380, 'Drs.H.Mukhyar, M.AP', '196111171993101001', 'pa', '2019-01-02', '081349639999', 129),
(381, 'Drs.H.Mukhyar, M.AP', '196111171993101001', 'ppk', '2019-01-02', '081349639999', 129),
(382, 'Danang Nur Hidayanto, SP', '196504301998031005', 'pptk', '2019-01-02', '082251302922', 129),
(383, 'Drs.H.Mukhyar, M.AP', '196111171993101001', 'ppk', '2019-01-02', '081349639999', 133),
(384, 'Danang Nur Hidayanto, SP', '196504301998031005', 'pptk', '2019-01-02', '082251302922', 133),
(385, 'H.CHANDRA I. W, ST, MM', '197107262000031004', 'kpa', '2019-03-08', '0811510688', 216),
(386, 'H.CHANDRA I. W, ST, MM', '197107262000031004', 'ppk', '2019-03-08', '0811510688', 216),
(387, 'HENDRA MAULANA, ST', '198501122010011007', 'pptk', '2019-03-01', '081251036615', 216),
(446, 'IBNUL QAYYIM ISLAMY ST', '197508092006041020', 'pptk', '2019-01-02', '082148704488', 21),
(494, 'Nuryadi, S.Pd. MA', '196704131988041004', 'ppk', '2019-01-02', '081349703378', 19),
(392, 'Totok Agus Daryanto, M.Pd', '196708141990011001', 'pa', '2019-01-02', '082153822224', 17),
(393, 'H. Sakerani, S.Pd, M.Pd', '196401061983051001', 'ppk', '2019-01-02', '08125061748', 17),
(394, 'Ir. Welly Retnawati Hanida', '196507191993032008', 'pptk', '2019-01-02', '087816085437', 17),
(467, 'Ir. H. Lauhem Mahfuzi, M.AP', '196004251989031008', 'pa', '2019-07-10', '085386607400', 208),
(396, 'H. Sakerani, S.Pd, M.Pd', '00000000000000', 'ppk', '2019-01-02', '0000000', 15),
(468, 'Ir. H. Lauhem Mahfuzi, M.AP', '196004251989031008', 'ppk', '2019-07-10', '085386607400', 208),
(398, 'H. Subhan Nor Yaumil, SE, M.Si', '197104211998031009', 'pa', '2019-01-02', '08115021011', 131),
(399, 'H. Subhan Nor Yaumil, SE, M.Si', '197104211998031009', 'ppk', '2019-01-02', '08115021011', 131),
(400, 'Astri Kusmiatin, SE', '197711062005012010', 'pptk', '2019-01-02', '081351087560', 131),
(401, 'TOTOK AGUS DARYANTO, M.Pd', '1', 'pa', '2019-01-02', '082153822224', 17),
(402, 'H. SAKERANI, M.Pd', '2', 'kpa', '2019-01-02', '08125061748', 17),
(403, 'Ir. WELLY RETNAWATI HANIDA, MM', '3', 'pptk', '2019-01-21', '087816085437', 17),
(404, 'TOTOK AGUS DARYANTO, M.Pd', '196708141990011001', 'pa', '2019-01-02', '082153822224', 15),
(405, 'H. SAKERANI, M.Pd', '196401061983051001', 'kpa', '2019-01-02', '08125061748', 15),
(406, 'Ir. WELLY RETNAWATI HANIDA, MM', '196507191993082001', 'pptk', '2019-01-21', '087816085437', 15),
(407, 'TOTOK AGUS DARYANTO, M.Pd', '196708141990011001', 'pa', '2019-01-02', '082153822224', 16),
(408, 'H. SAKERANI, M.Pd', '196401061983051001', 'kpa', '2019-01-02', '08125061748', 16),
(409, 'Ir. WELLY RETNAWATI HANIDA, MM', '196507191993082001', 'pptk', '2019-01-21', '087816085437', 16),
(410, 'TOTOK AGUS DARYANTO, M.Pd', '196708141990011001', 'pa', '2019-01-02', '082153822224', 18),
(411, 'H. SAKERANI, M.Pd', '196401061983051001', 'kpa', '2019-01-02', '08125061748', 18),
(412, 'Ir. WELLY RETNAWATI HANIDA, MM', '196507191993082001', 'pptk', '2019-01-21', '087816085437', 18),
(413, 'TOTOK AGUS DARYANTO, M.Pd', '196708141990011001', 'pa', '2019-01-02', '082153822224', 17),
(414, 'H. SAKERANI, M.Pd', '196401061983051001', 'kpa', '2019-01-02', '08125061748', 17),
(415, 'Ir. WELLY RETNAWATI HANIDA, MM', '196507191993082001', 'pptk', '2019-01-21', '087816085437', 17),
(416, 'Drs.H.Mukhyar, M.AP', '196111171993101001', 'pa', '2019-01-02', '081349639999', 134),
(417, 'Drs.H.Mukhyar, M.AP', '196111171993101001', 'ppk', '2019-01-02', '081349639999', 134),
(418, 'Danang Nur Hidayanto, SP', '196504301998031005', 'pptk', '2019-01-02', '082251302922', 134),
(419, 'Drs.H.Mukhyar, M.AP', '196111171993101001', 'pa', '2019-01-02', '081349639999', 140),
(421, 'Drs.H.Mukhyar, M.AP', '196111171993101001', 'ppk', '2019-01-02', '081349639999', 140),
(422, 'Gusti noor maidah, SP', '197701102007012018', 'pptk', '2019-01-02', '081349750630', 177),
(423, 'Ari Hartadi', '198112252005011011', 'pptk', '2019-01-02', '085103305046', 140),
(424, 'Drs.H.Mukhyar, M.AP', '1961111719931001', 'pa', '2019-01-02', '081349639999', 139),
(425, 'Gusti noor maidah, SP', '197701102007012018', 'pptk', '2019-01-02', '081349750630', 139),
(426, 'Drs.H.Mukhyar, M.AP', '196111171993031001', 'ppk', '2019-01-02', '081349750630', 139),
(427, 'Drs.H.Mukhyar, M.AP', '196111171993101001', 'pa', '2019-01-02', '081349639999', 136),
(428, 'Drs.H.Mukhyar, M.AP', '196111171993101001', 'ppk', '2019-01-02', '081349639999', 136),
(429, 'Danang Nur Hidayanto, SP', '196504301998031005', 'pptk', '2019-01-02', '082251302922', 136),
(430, 'Drs.H.Mukhyar, M.AP', '196111171993101001', 'pa', '2019-01-02', '081349639999', 141),
(431, 'Drs.H.Mukhyar, M.AP', '196111171993101001', 'ppk', '2019-01-02', '081349639999', 141),
(432, 'Ari Hartadi', '198112252005011011', 'pptk', '2019-01-02', '085103305046', 141),
(433, 'H.CHANDRA I. W, ST, MM', '197107262000031004', 'kpa', '2019-03-08', '0811510688', 217),
(434, 'H.CHANDRA I. W, ST, MM', '197107262000031004', 'ppk', '2019-03-08', '0811510688', 217),
(435, 'HENDRA MAULANA, ST', '198501122010011007', 'pptk', '2019-03-01', '081251036615', 217),
(436, 'Hj. KARLINA, S.Sos', '196308221983032007', 'pa', '2019-01-02', '081347272723', 148),
(437, 'Hj. KARLINA, S.Sos', '196308221983032007', 'ppk', '2019-01-07', '081347272723', 148),
(438, 'HARYANTA,SE', '197103111992031006', 'pptk', '2019-01-17', '083159164662', 148),
(440, 'Rahmat Rizali, S.ST', '197912062005011011', 'pptk', '2019-01-14', '082153610006', 169),
(441, 'Ir. Ahmad Fanani Saifudin, SH', '196502071992031006', 'ppk', '2019-06-24', '0811511391', 169),
(442, 'Ir. Ahmad Fanani Saifudin, SH', '196502071992031006', 'pa', '2019-01-02', '0811511391', 169),
(443, 'Drs. H. Mukhyar, M.AP', '196111171993101001', 'ppk', '2019-01-02', '081349639999', 126),
(444, 'DADANG ARI DULIAWAN, SP', '197504202007011010', 'pptk', '2019-01-02', '081348350769', 126),
(493, 'Totok Agus Daryanto, M.Pd', '196708141990011001', 'pa', '2019-01-02', '082153822224', 19),
(530, 'Dr. Machli Riyadi, S.H., M.H.', '197011241991011004', 'pa', '2019-05-16', '08125002233', 206),
(448, 'Totok Agus Daryanto, M.Pd', '196708141990011001', 'pa', '2019-01-02', '1', 21),
(531, 'dr. Hj. Dellis JF', '196308161997032001', 'ppk', '2019-05-16', '08125199696', 206),
(457, 'HENDRA MAULANA, ST', '198501122010011007', 'pptk', '2019-03-01', '081251036615', 214),
(451, 'H.CHANDRA I. W, ST, MM', '197107262000031004', 'kpa', '2019-03-08', '0811510688', 214),
(452, 'IBNUL QAYYIM ISLAMY ST', '197508092006041020', 'pptk', '2019-01-02', '1', 29),
(453, 'Totok Agus Daryanto, M.Pd', '196708141990011001', 'pa', '2019-01-02', '1', 29),
(454, 'H.CHANDRA I. W, ST, MM', '197107262000031004', 'ppk', '2019-03-08', '0811510688', 214),
(455, 'H. SAKERANI, M.Pd', '196401061983051001', 'ppk', '2019-08-13', '08125061748', 18),
(456, 'H. SAKERANI, M.Pd', '196401061983051001', 'ppk', '2019-08-13', '08125061748', 16),
(458, 'IBNUL QAYYIM ISLAMY ST', '197508092006041020', 'pptk', '2019-01-02', '1', 23),
(459, 'Totok Agus Daryanto, M.Pd', '196708141990011001', 'pa', '2019-01-02', '1', 23),
(498, 'Muhammad Risadi', '198011292009031004', 'pptk', '2019-06-01', '081349326920', 44),
(461, 'IBNUL QAYYIM ISLAMY ST', '197508092006041020', 'pptk', '2019-01-02', '1', 22),
(462, 'Totok Agus Daryanto, M.Pd', '196708141990011001', 'pa', '2019-01-02', '1', 22),
(463, 'Rahman Anshari', '197106221991011001', 'pptk', '2019-04-01', '082358583937', 33),
(464, 'kdsfajkds', '9849', 'pa', '2019-08-20', '49389', 33),
(466, 'kjafkdsl', '83479', 'ppk', '2019-08-13', '34893', 33),
(469, 'Ir. H. Lauhem Mahfuzi, M.AP', '196004251989031008', 'kpa', '2019-07-10', '085386607400', 208),
(470, 'Abdul  Hadi, S.Pi', '197003062007011023', 'pptk', '2019-07-10', '08125062021', 208),
(474, 'Drs. H. DIYANOOR, MA', '196901191990101001', 'ppk', '2019-01-02', '081349603609', 151),
(472, 'MUKHLIS ADHA RAHMARULLAH, S.Sos', '196903131990031014', 'pptk', '2019-01-02', '081348714517', 151),
(473, 'Drs. H. DIYANOOR, MA', '196901191990101001', 'pa', '2019-01-02', '081349603609', 151),
(475, 'Drs. H. DIYANOOR, MA', '196901191990101001', 'pa', '2019-01-02', '081349603609', 219),
(476, 'MUKHLIS ADHA RAHMARULLAH, S.Sos', '196903131990031014', 'pptk', '2019-01-03', '081348714517', 219),
(477, 'Drs. H. DIYANOOR, MA', '196901191990101001', 'ppk', '2019-01-02', '081349603609', 219),
(478, 'Drs. H. Mukhyar, M. AP', '196111171993101001', 'ppk', '2019-07-18', '081349639999', 177),
(479, 'Drs. H. Mukhyar, M. AP', '196111171993101001', 'pa', '2019-07-18', '081349639999', 177),
(480, 'IBNUL QAYYIM ISLAMY ST', '197508092006041020', 'pptk', '2019-01-02', '082148704488', 211),
(481, 'Totok Agus Daryanto, M.Pd', '196708141990011001', 'pa', '2019-01-02', '1', 211),
(482, 'NURYADI, S.Pd. MA', '196704131988041004', 'ppk', '2019-01-02', '1', 211),
(484, 'SAHNAN, S.Pd, M.Pd', '196703271988041001', 'kpa', '2019-01-02', '085246271755', 27),
(485, 'SAHNAN, S.Pd, M.Pd', '196703271988041001', 'ppk', '2019-01-02', '085246271755', 27),
(486, 'ISNOOREDY, SE', '197312262005011004', 'pptk', '2019-01-21', '081242662870', 27),
(487, 'SAHNAN, S.Pd, M.Pd', '196703271988041001', 'kpa', '2019-01-02', '085246271755', 28),
(488, 'SAHNAN, S.Pd, M.Pd', '196703271988041001', 'ppk', '2019-01-02', '085246271755', 28),
(489, 'ISNOOREDY, SE', '197312262005011004', 'pptk', '2019-01-21', '081242662870', 28),
(491, 'Drs. H. Mukhyar, M. AP', '196111171993101001', 'pa', '2020-02-01', '081349639999', 142),
(492, 'Ibnul Qayyim Islamy, ST', '197508092006041020', 'pptk', '2019-01-02', '082148704488', 19),
(499, 'Dr. Machli Riyadi, SH, MH', '197011241991011004', 'pa', '2019-05-13', '08125002233', 44),
(500, 'Dr. Machli Riyadi, SH, MH', '197011241991011004', 'kpa', '2019-05-13', '08125002233', 44),
(501, 'Dr. Machli Riyadi, SH, MH', '197011241991011004', 'ppk', '2019-05-13', '08125002233', 44),
(502, 'Rosehan Fahlifi, SKM', '197210081997', 'pptk', '2019-01-02', '08152133133', 180),
(503, 'Aaaa', '11111', 'ppk', '2019-01-02', '082351745511', 180),
(504, 'Dr. Machli Riyadi, S.H., M.H.', '197011241991011004', 'pa', '2019-05-16', '08125002233', 33),
(505, 'Sssss', '111111', 'pa', '2019-01-02', '082351745511', 180),
(506, 'Ahmad Alfian', '196510101987121005', 'pptk', '2019-01-02', '081349464634', 203),
(507, 'Muhammad Risadi', '198011292009031004', 'pptk', '2019-06-01', '081349326920', 43),
(508, 'Dr. Machli Riyadi, SH, MH', '197011241991011004', 'pa', '2019-05-13', '08125002233', 43),
(509, 'dr. Dwi Atmi Susilastuti', '197106032005012001', 'ppk', '2019-01-02', '082148849394', 203),
(510, 'Dr. Machli Riyadi, S.H., M.H.', '197011241991011004', 'pa', '2019-05-16', '08125002233', 36),
(511, 'Dr. Machli Riyadi, SH, MH', '197011241991011004', 'ppk', '2019-05-13', '08125002233', 43),
(512, 'dr. Hj. Dellis JF', '196308161997032001', 'ppk', '2019-05-16', '08125199696', 36),
(513, 'dr. Hj. Dellis JF', '196308161997032001', 'ppk', '2019-05-16', '08125199696', 33),
(514, 'Dr. Machli Riyadi, SH. MH', '19701124199101004', 'pa', '2019-05-13', '08125002233', 203),
(515, 'Muhammad Risadi', '198011292009031004', 'pptk', '2019-06-01', '081349326920', 200),
(516, 'aaaaaa', '1111111', 'pptk', '2019-01-02', '08000000000', 146),
(517, 'Dr. Machli Riyadi, SH, MH', '197011241991011004', 'pa', '2019-05-13', '08125002233', 200),
(518, 'Dr. Machli Riyadi, S.H., M.H.', '197011241991011004', 'pa', '2019-05-16', '08125002233', 42),
(519, 'Dr. Machli Riyadi, SH, MH', '197011241991011004', 'ppk', '2019-05-13', '08125002233', 200),
(520, 'dr. Hj. Dellis JF', '196308161997032001', 'ppk', '2019-05-16', '08125199696', 42),
(521, 'Rahman Anshari, S.Kep., M.A.', '197106221991011001', 'pptk', '2019-06-01', '082358583937', 42),
(522, 'Rahman Anshari, S.Kep., M.A.', '197106221991011001', 'pptk', '2019-06-01', '082358583937', 33),
(523, 'Rahman Anshari, S.Kep., M.A.', '197106221991011001', 'pptk', '2019-06-01', '082358583937', 36),
(524, 'Dr. Machli Riyadi, S.H., M.H.', '197011241991011004', 'pa', '2019-05-16', '08125002233', 37),
(525, 'dr. Hj. Dellis JF', '196308161997032001', 'ppk', '2019-05-16', '08125199696', 37),
(526, 'Rahman Anshari, S.Kep., M.A.', '197106221991011001', 'pptk', '2019-06-01', '082358583937', 37),
(527, 'Rahman Anshari, S.Kep., M.A.', '197106221991011001', 'pptk', '2019-06-01', '082358583937', 47),
(528, 'Dr. Machli Riyadi, S.H., M.H.', '197011241991011004', 'pa', '2019-05-16', '08125002233', 47),
(529, 'dr. Hj. Dellis JF', '196308161997032001', 'ppk', '2019-05-16', '08125199696', 47),
(532, 'Rahman Anshari, S.Kep., M.A.', '197106221991011001', 'pptk', '2019-06-01', '082358583937', 206),
(533, 'Dr. Machli Riyadi, S.H., M.H.', '197011241991011004', 'pa', '2019-05-16', '08125002233', 59),
(534, 'dr. Hj. Dellis JF', '196308161997032001', 'ppk', '2019-05-16', '08125199696', 59),
(535, 'Rahman Anshari, S.Kep., M.A.', '197106221991011001', 'pptk', '2019-06-01', '082358583937', 59),
(536, 'Dr. Machli Riyadi, S.H., M.H.', '197011241991011004', 'pa', '2019-05-16', '08125002233', 34),
(537, 'dr. Hj. Dellis JF', '196308161997032001', 'ppk', '2019-05-16', '08125199696', 34),
(538, 'Rahman Anshari, S.Kep., M.A.', '197106221991011001', 'pptk', '2019-06-01', '082358583937', 34),
(539, 'Dr. Machli Riyadi, S.H., M.H.', '197011241991011004', 'pa', '2019-05-16', '08125002233', 35),
(540, 'dr. Hj. Dellis JF', '196308161997032001', 'ppk', '2019-05-16', '08125199696', 35),
(541, 'Rahman Anshari, S.Kep., M.A.', '197106221991011001', 'pptk', '2019-06-01', '082358583937', 35),
(542, 'Dr. Machli Riyadi, S.H., M.H.', '197011241991011004', 'pa', '2019-05-16', '08125002233', 40),
(543, 'dr. Hj. Dellis JF', '196308161997032001', 'ppk', '2019-05-16', '08125199696', 40),
(544, 'Rahman Anshari, S.Kep., M.A.', '197106221991011001', 'pptk', '2019-05-16', '082358583937', 40),
(545, 'Dr. Machli Riyadi, S.H., M.H.', '197011241991011004', 'pa', '2019-05-16', '08125002233', 202),
(546, 'dr. Hj. Dellis JF', '196308161997032001', 'ppk', '2019-05-16', '08125199696', 202),
(547, 'Rahman Anshari, S.Kep., M.A.', '197106221991011001', 'pptk', '2019-06-01', '082358583937', 202),
(548, 'Dr. Machli Riyadi, S.H., M.H.', '197011241991011004', 'pa', '2019-05-16', '08125002233', 38),
(549, 'dr. Hj. Dellis JF', '196308161997032001', 'ppk', '2019-05-16', '08125199696', 38),
(550, 'Rahman Anshari, S.Kep., M.A.', '197106221991011001', 'pptk', '2019-06-01', '082358583937', 38),
(551, 'Dr. Machli Riyadi, S.H., M.H.', '197011241991011004', 'pa', '2019-05-16', '08125002233', 39),
(552, 'dr. Hj. Dellis JF', '196308161997032001', 'ppk', '2019-05-16', '08125199696', 39),
(553, 'Rahman Anshari, S.Kep., M.A.', '197106221991011001', 'pptk', '2019-06-01', '082358583937', 39),
(554, 'Dr. Machli Riyadi, S.H., M.H.', '197011241991011004', 'pa', '2019-05-16', '08125002233', 46),
(555, 'dr. Hj. Dellis JF', '197011241991011004', 'ppk', '2019-05-16', '08125002233', 46),
(556, 'Rahman Anshari, S.Kep., M.A.', '197106221991011001', 'pptk', '2019-06-01', '082358583937', 46),
(557, 'Dr. Machli Riyadi, S.H., M.H.', '197011241991011004', 'pa', '2019-05-16', '08125002233', 212),
(558, 'dr. Hj. Dellis JF', '196308161997032001', 'ppk', '2019-05-16', '08125199696', 212),
(559, 'Rahman Anshari, S.Kep., M.A.', '197106221991011001', 'pptk', '2019-06-01', '082358583937', 212),
(560, 'Dr. Machli Riyadi, S.H., M.H.', '197011241991011004', 'pa', '2019-05-16', '08125002233', 31),
(561, 'dr. Hj. Dellis JF', '196308161997032001', 'ppk', '2019-05-16', '08125199696', 31),
(562, 'Rahman Anshari, S.Kep., M.A.', '197106221991011001', 'pptk', '2019-06-01', '082358583937', 31),
(563, 'Dr. Machli Riyadi, S.H., M.H.', '197011241991011004', 'pa', '2019-05-16', '08125002233', 41),
(564, 'dr. Hj. Dellis JF', '196308161997032001', 'ppk', '2019-05-16', '08125199696', 41),
(565, 'Rahman Anshari, S.Kep., M.A.', '197106221991011001', 'pptk', '2019-06-01', '082358583937', 41),
(566, 'Dr. Machli Riyadi, S.H., M.H.', '197011241991011004', 'pa', '2019-05-16', '08125002233', 205),
(567, 'dr. Hj. Dellis JF', '196308161997032001', 'ppk', '2019-05-16', '08125199696', 205),
(568, 'Rahman Anshari, S.Kep., M.A.', '197106221991011001', 'pptk', '2019-06-01', '082358583937', 205),
(569, 'Dr. Machli Riyadi, S.H., M.H.', '197011241991011004', 'pa', '2019-05-16', '08125002233', 32),
(570, 'dr. Hj. Dellis JF', '196308161997032001', 'ppk', '2019-05-16', '08125199696', 32),
(571, 'Rahman Anshari, S.Kep., M.A.', '197106221991011001', 'pptk', '2019-06-01', '082358583937', 32),
(572, 'Dr. Machli Riyadi, S.H., M.H.', '197011241991011004', 'pa', '2019-05-16', '08125002233', 48),
(573, 'dr. Hj. Dellis JF', '196308161997032001', 'ppk', '2019-05-16', '08125199696', 48),
(574, 'Rahman Anshari, S.Kep., M.A.', '197106221991011001', 'pptk', '2019-06-01', '082358583937', 48),
(575, 'Dr. Machli Riyadi, S.H., M.H.', '197011241991011004', 'pa', '2019-05-16', '08125002233', 49),
(576, 'dr. Hj. Dellis JF', '196308161997032001', 'ppk', '2019-05-16', '08125199696', 49),
(577, 'Rahman Anshari, S.Kep., M.A.', '197106221991011001', 'pptk', '2019-06-01', '082358583937', 49),
(578, 'Dr. Machli Riyadi, S.H., M.H.', '197011241991011004', 'pa', '2019-05-16', '08125002233', 51),
(579, 'dr. Hj. Dellis JF', '196308161997032001', 'ppk', '2019-05-16', '08125199696', 51),
(580, 'Rahman Anshari, S.Kep., M.A.', '197106221991011001', 'pptk', '2019-06-01', '082358583937', 51),
(581, 'Dr. Machli Riyadi, S.H., M.H.', '197011241991011004', 'pa', '2019-05-16', '08125002233', 53),
(582, 'dr. Hj. Dellis JF', '196308161997032001', 'ppk', '2019-05-16', '08125199696', 53),
(583, 'Rahman Anshari, S.Kep., M.A.', '197106221991011001', 'pptk', '2019-06-01', '082358583937', 53),
(584, 'Dr. Machli Riyadi, S.H., M.H.', '197011241991011004', 'pa', '2019-05-16', '08125002233', 55),
(585, 'dr. Hj. Dellis JF', '196308161997032001', 'ppk', '2019-05-16', '08125199696', 55),
(586, 'Rahman Anshari, S.Kep., M.A.', '197106221991011001', 'pptk', '2019-06-01', '082358583937', 55),
(587, 'Dr. Machli Riyadi, S.H., M.H.', '197011241991011004', 'pa', '2019-05-16', '08125002233', 50),
(588, 'dr. Hj. Dellis JF', '196308161997032001', 'ppk', '2019-05-16', '08125199696', 50),
(589, 'Rahman Anshari, S.Kep., M.A.', '197106221991011001', 'pptk', '2019-06-01', '082358583937', 50),
(590, 'Dr. Machli Riyadi, S.H., M.H.', '197011241991011004', 'pa', '2019-05-16', '08125002233', 52),
(591, 'dr. Hj. Dellis JF', '196308161997032001', 'ppk', '2019-05-16', '08125199696', 52),
(592, 'Rahman Anshari, S.Kep., M.A.', '197106221991011001', 'pptk', '2019-06-01', '082358583937', 52),
(593, 'Dr. Machli Riyadi, S.H., M.H.', '197011241991011004', 'pa', '2019-05-16', '08125002233', 54),
(594, 'dr. Hj. Dellis JF', '196308161997032001', 'ppk', '2019-05-16', '08125199696', 54),
(595, 'Rahman Anshari, S.Kep., M.A.', '197106221991011001', 'pptk', '2019-06-01', '082358583937', 54),
(596, 'Dr. Machli Riyadi, S.H., M.H.', '197011241991011004', 'pa', '2019-05-16', '08125002233', 45),
(597, 'dr. Hj. Dellis JF', '196308161997032001', 'ppk', '2019-05-16', '08125199696', 45),
(598, 'Rahman Anshari, S.Kep., M.A.', '197106221991011001', 'pptk', '2019-06-01', '082358583937', 45),
(599, 'Dr. Machli Riyadi, S.H., M.H.', '197011241991011004', 'pa', '2019-05-16', '08125002233', 170),
(600, 'dr. Hj. Dellis JF', '196308161997032001', 'ppk', '2019-05-16', '08125199696', 170),
(601, 'Rahman Anshari, S.Kep., M.A.', '197106221991011001', 'pptk', '2019-06-01', '082358583937', 170),
(602, 'Dr. Machli Riyadi, S.H., M.H.', '197011241991011004', 'pa', '2019-05-16', '08125002233', 176),
(603, 'dr. Hj. Dellis JF', '196308161997032001', 'ppk', '2019-05-16', '08125199696', 176),
(604, 'Rahman Anshari, S.Kep., M.A.', '197106221991011001', 'pptk', '2019-06-01', '082358583937', 176),
(605, 'Dr. Machli Riyadi, S.H., M.H.', '197011241991011004', 'pa', '2019-05-16', '08125002233', 204),
(606, 'dr. Hj. Dellis JF', '196308161997032001', 'ppk', '2019-05-16', '08125199696', 204),
(607, 'Rahman Anshari, S.Kep., M.A.', '197106221991011001', 'pptk', '2019-06-01', '082358583937', 204),
(608, 'Iwan Ristianto, AP.MAP', '197609141994121002', 'pa', '2019-05-16', '081351106300', 123),
(609, 'Iwan Ristianto, AP.MAP', '197609141194121002', 'pa', '2019-05-16', '081351106300', 123),
(610, 'Hasan Basri, S.Sos', '196406171987031013', 'pptk', '2019-01-04', '085390577437', 123),
(611, 'Iwan Ristianto, AP.MAP', '197609141994121002', 'ppk', '2019-05-14', '081351106300', 123),
(612, 'Drs. Esya Zain Hafizie, MAP', '196008051985091002', 'pa', '2019-01-02', '087814814270', 124),
(613, 'Drs. Esya Zain Hafizie, MAP', '196008051985091002', 'ppk', '2019-01-02', '087814814270', 124),
(614, 'Hasan Basri, S.Sos', '196406171987031013', 'pptk', '2019-01-02', '085390577437', 124);

-- --------------------------------------------------------

--
-- Table structure for table `progress`
--

CREATE TABLE IF NOT EXISTS `progress` (
  `id` tinyint(3) unsigned NOT NULL AUTO_INCREMENT,
  `nama` varchar(200) NOT NULL,
  PRIMARY KEY (`id`)
) ENGINE=MyISAM  DEFAULT CHARSET=latin1 AUTO_INCREMENT=10 ;

--
-- Dumping data for table `progress`
--

INSERT INTO `progress` (`id`, `nama`) VALUES
(1, 'Persiapan'),
(2, 'Pemilihan Penyedia'),
(3, 'Hasil Pemilihan'),
(4, 'Kontrak'),
(5, 'Serah Terima (PHO)'),
(6, 'Serah Terima Akhir (FHO)'),
(8, 'Dibatalkan'),
(9, 'Belum Ada Progress');

-- --------------------------------------------------------

--
-- Table structure for table `progress_pekerjaan`
--

CREATE TABLE IF NOT EXISTS `progress_pekerjaan` (
  `id` bigint(20) unsigned NOT NULL AUTO_INCREMENT,
  `pekerjaan` int(10) unsigned NOT NULL,
  `progress` tinyint(3) unsigned NOT NULL,
  `tgl_progress` date NOT NULL,
  `next_progress` tinyint(3) unsigned NOT NULL,
  `tgl_n_progress` date NOT NULL,
  `ket` varchar(500) NOT NULL,
  `real_keu` decimal(15,2) unsigned NOT NULL,
  `real_fisik` decimal(15,2) unsigned NOT NULL,
  `create_date` datetime NOT NULL,
  PRIMARY KEY (`id`),
  KEY `pekerjaan` (`pekerjaan`),
  KEY `progress` (`progress`),
  KEY `next_progress` (`next_progress`)
) ENGINE=MyISAM  DEFAULT CHARSET=latin1 AUTO_INCREMENT=911 ;

--
-- Dumping data for table `progress_pekerjaan`
--

INSERT INTO `progress_pekerjaan` (`id`, `pekerjaan`, `progress`, `tgl_progress`, `next_progress`, `tgl_n_progress`, `ket`, `real_keu`, `real_fisik`, `create_date`) VALUES
(63, 160, 3, '2019-03-08', 4, '2019-03-14', 'Surat Penunjukan Penyedia Barang/Jasa ditetapkan', '0.00', '0.00', '2019-07-22 15:19:50'),
(70, 158, 1, '2019-02-27', 2, '2019-03-13', 'Penetapan KAK, Penetapan HPS', '0.00', '0.00', '2019-07-22 16:34:15'),
(62, 160, 2, '2019-01-28', 3, '2019-02-22', 'Pengumuman Pascakualifikasi', '0.00', '0.00', '2019-07-22 15:13:55'),
(72, 160, 4, '2019-03-31', 5, '2019-04-26', 'Pekerjaan Konstruksi (Besi Rangka), Perakitan dan Pemasangan Layar Videotron dan Penyambungan Listrik', '0.00', '40.00', '2019-07-23 13:09:37'),
(243, 158, 4, '2019-06-21', 5, '2019-12-31', 'Pembayaran tahap pertama', '112430450.00', '14.81', '2019-07-29 13:52:00'),
(57, 160, 1, '2019-01-02', 2, '2019-01-22', 'Penetapan HPS (Januari 2019), Penetapan KAK (Januari 2019), Surat Permohonan Penunjukan Pokja (08-01-2019)', '0.00', '0.00', '2019-07-22 14:46:24'),
(65, 160, 4, '2019-03-14', 5, '2019-04-26', 'Kontrak ditandatangani, pekerjaan pengadaan videotron dimulai', '0.00', '0.00', '2019-07-22 15:26:11'),
(68, 160, 5, '2019-04-26', 6, '2021-04-26', 'Pekerjaan sudah selesai, masuk tahapan penanggungan dan resiko', '906947250.00', '100.00', '2019-07-22 15:33:20'),
(137, 83, 4, '2019-07-12', 5, '2019-12-31', 'Pencairan Uang Muka', '13299878454.00', '1.24', '2019-07-24 13:53:50'),
(74, 125, 2, '2019-07-24', 3, '2019-07-30', 'Dalam Tahap Masa Sanggah Pemenang', '0.00', '0.00', '2019-07-24 11:23:30'),
(101, 71, 1, '2019-05-03', 2, '2019-05-16', 'Pengajuan ke Sistem LPSE', '0.00', '0.00', '2019-07-24 11:56:47'),
(76, 173, 1, '2019-04-04', 2, '2019-06-19', 'penetapan HPS', '0.00', '0.00', '2019-07-24 11:38:52'),
(77, 130, 1, '2019-03-01', 2, '2019-03-15', 'Penetapan HPS (Maret 2019),  Penetapan KAK (maret 2019)', '0.00', '0.00', '2019-07-24 11:38:54'),
(79, 173, 1, '2019-04-26', 2, '2019-06-19', 'penetapan KAK', '0.00', '0.00', '2019-07-24 11:41:25'),
(80, 130, 1, '2019-03-20', 2, '2019-04-03', 'Pengajuan ke LPSE', '0.00', '0.00', '2019-07-24 11:41:53'),
(81, 173, 1, '2019-05-22', 2, '2019-06-19', 'Pengajuan ke LPSE', '0.00', '0.00', '2019-07-24 11:43:07'),
(86, 81, 1, '2019-05-06', 2, '2019-05-09', 'Tanggal Penetapan HPS dan KAK', '0.00', '0.00', '2019-07-24 11:47:54'),
(84, 102, 1, '2019-05-01', 2, '2019-05-03', 'Penyiapan HPS dan KAK', '0.00', '0.00', '2019-07-24 11:45:56'),
(85, 130, 2, '2019-04-18', 3, '2019-06-18', 'Pengumuman Prakualifikasi', '0.00', '0.00', '2019-07-24 11:47:00'),
(87, 173, 2, '2019-06-19', 3, '2019-07-10', 'Tanggal Tayang tender di LPSE', '0.00', '0.00', '2019-07-24 11:48:01'),
(88, 102, 1, '2019-05-06', 2, '2019-05-17', 'Pengajuan ke Sistem LPSE', '0.00', '0.00', '2019-07-24 11:48:03'),
(89, 119, 2, '2019-05-21', 3, '2019-07-15', 'pengumuman tender mulai tayang 21 Mei 2019', '0.00', '0.00', '2019-07-24 11:48:45'),
(90, 81, 2, '2019-05-13', 3, '2019-06-19', 'Tanggal Tayang  Tender/Seleksi  di LPSE', '0.00', '0.00', '2019-07-24 11:50:08'),
(91, 173, 3, '2019-07-10', 4, '2019-07-15', 'Tanggal SPPBJ', '0.00', '0.00', '2019-07-24 11:50:50'),
(92, 119, 3, '2019-07-15', 4, '2019-07-17', 'penetapan SPPBJ', '0.00', '0.00', '2019-07-24 11:52:03'),
(797, 159, 3, '2019-08-26', 4, '2019-08-27', 'Surat Penunjukan Penyedia Barang/Jasa', '0.00', '0.00', '2019-08-27 07:31:49'),
(738, 130, 3, '2019-06-25', 4, '2019-07-02', 'Penetapan SPPBJ', '0.00', '0.00', '2019-08-22 14:10:33'),
(112, 102, 2, '2019-06-21', 2, '2019-07-12', 'Pengumuman Pascakualifikasi (Tayang Tender Ulang)', '0.00', '0.00', '2019-07-24 12:02:27'),
(104, 81, 3, '2019-06-19', 4, '2019-06-20', 'Tanggal Penetapan SPPBJ', '0.00', '0.00', '2019-07-24 11:58:11'),
(98, 71, 1, '2019-04-30', 2, '2019-05-16', 'Penetapan KAK', '0.00', '0.00', '2019-07-24 11:55:34'),
(117, 102, 3, '2019-07-18', 4, '2019-07-19', 'Surat Penunjukan Penyedia Barang/Jasa', '0.00', '0.00', '2019-07-24 12:07:07'),
(100, 71, 1, '2019-05-02', 2, '2019-05-16', 'Penetapan HPS', '0.00', '0.00', '2019-07-24 11:56:09'),
(158, 109, 3, '2019-07-16', 4, '2019-07-18', 'Tanggal Surat Penunjukkan Penyedia Barang/Jasa (SPPBJ)', '0.00', '0.00', '2019-07-24 15:51:20'),
(737, 27, 2, '2019-08-15', 3, '2019-08-22', 'Negosiasi harga dan ongkos kirim', '0.00', '0.00', '2019-08-22 14:07:53'),
(108, 173, 4, '2019-07-15', 5, '2019-11-11', 'Tanggal Kontrak', '0.00', '0.00', '2019-07-24 11:59:49'),
(109, 71, 2, '2019-05-17', 3, '2019-06-24', 'Pengumuman Pascakualifikasi', '0.00', '0.00', '2019-07-24 11:59:54'),
(110, 119, 4, '2019-07-17', 5, '2019-11-13', 'penandatanganan kontrak', '0.00', '0.00', '2019-07-24 12:00:34'),
(115, 71, 3, '2019-06-24', 4, '2019-06-24', 'Surat Penunjukan Penyedia Barang Jasa', '0.00', '0.00', '2019-07-24 12:03:56'),
(116, 102, 3, '2019-07-12', 4, '2019-07-19', 'Pengumuman Pemenang', '0.00', '0.00', '2019-07-24 12:04:04'),
(121, 82, 1, '2019-03-15', 2, '2019-03-19', 'Penetapan HPS dan KAK', '0.00', '0.00', '2019-07-24 12:21:37'),
(120, 102, 4, '2019-07-19', 5, '2019-11-15', 'Penandatanganan Kontrak', '0.00', '0.00', '2019-07-24 12:09:12'),
(122, 171, 2, '2019-06-19', 3, '2019-07-24', 'pengumuman tender', '0.00', '0.00', '2019-07-24 12:23:48'),
(123, 82, 1, '2019-04-12', 2, '2019-04-22', 'Penetapan HPS dan KAK (lelang Ulang)', '0.00', '0.00', '2019-07-24 12:26:55'),
(124, 82, 2, '2019-04-16', 3, '2019-06-18', 'Pengumuman Prakualifikasi (lelang Ulang)', '0.00', '0.00', '2019-07-24 12:29:26'),
(125, 82, 3, '2019-06-25', 4, '2019-06-25', 'Penetapan SPPBJ', '0.00', '0.00', '2019-07-24 12:30:46'),
(126, 82, 4, '2019-06-25', 5, '2019-12-31', 'Penandatanganan Kontrak', '0.00', '0.00', '2019-07-24 12:58:45'),
(127, 71, 4, '2019-06-26', 5, '2019-12-07', 'Penandatanganan Kontrak', '0.00', '0.00', '2019-07-24 13:13:45'),
(128, 61, 1, '2019-07-15', 2, '2019-07-29', 'penetapan HPS, Penetapan KAK, Pengajuan ke LPSE (16 Juli 2019)', '0.00', '0.00', '2019-07-24 13:23:29'),
(129, 83, 1, '2019-04-01', 2, '2019-07-11', 'Penetapan HPS dan KAK', '0.00', '0.00', '2019-07-24 13:41:22'),
(130, 83, 1, '2019-04-01', 2, '2019-07-11', 'Pengajuan ke Sistem LPSE', '0.00', '0.00', '2019-07-24 13:43:21'),
(131, 83, 2, '2019-04-11', 3, '2019-05-27', 'Pengumuman Prakualifikasi', '0.00', '0.00', '2019-07-24 13:44:46'),
(316, 58, 1, '2019-06-10', 2, '2019-07-19', 'Penetapan HPS, Penetapan KAK, Pengajuan ke LPSE (02 Juli 2019)', '0.00', '0.00', '2019-07-30 17:03:19'),
(133, 58, 2, '2019-07-19', 3, '2019-08-15', 'Pengumuman Pascakualifikasi', '0.00', '0.00', '2019-07-24 13:47:33'),
(134, 83, 3, '2019-05-29', 4, '2019-06-10', 'Penetapan SPPBJ', '0.00', '0.00', '2019-07-24 13:47:36'),
(135, 83, 4, '2019-06-10', 5, '2019-12-31', 'Penandatanganan Kontrak', '0.00', '0.00', '2019-07-24 13:48:50'),
(139, 119, 1, '2019-04-16', 2, '2019-05-21', 'penetapan HPS, penetapan KAK, pengajuan sistem ke LPSE (9 Mei 2019)', '0.00', '0.00', '2019-07-24 14:26:39'),
(138, 81, 4, '2019-06-20', 5, '2019-11-20', 'tanggal penandatanganan kontrak', '124780500.00', '11.00', '2019-07-24 13:54:32'),
(140, 171, 1, '2019-05-16', 2, '2019-06-19', 'penetapan HPS, penetapan KAK, pengajuan sistem ke LPSE (23 Mei 2019)', '0.00', '0.00', '2019-07-24 14:30:48'),
(141, 171, 3, '2019-07-24', 4, '2019-07-30', 'penetapan pemenang', '0.00', '0.00', '2019-07-24 14:33:18'),
(142, 172, 1, '2019-05-27', 2, '2019-07-02', 'penetapan HPS, penetapan KAK, pengajuan sistem ke LPSE (21 Juni 2019)', '0.00', '0.00', '2019-07-24 14:57:22'),
(144, 172, 2, '2019-07-02', 3, '2019-08-01', 'pengumuman tender mulai tayang', '0.00', '0.00', '2019-07-24 15:00:24'),
(147, 89, 2, '2019-05-17', 3, '2019-06-25', 'Tanggal tayang tender di LPSE', '0.00', '0.00', '2019-07-24 15:04:11'),
(148, 89, 1, '2019-03-27', 2, '2019-05-17', 'Tanggal Penetapan HPS dan KAK dan Tanggal pengajuan ke sistem LPSE', '0.00', '0.00', '2019-07-24 15:05:17'),
(149, 89, 3, '2019-06-25', 4, '2019-06-28', 'Tanggal Surat Penunjukkan Penyedia Barang/Jasa (SPPBJ)', '0.00', '0.00', '2019-07-24 15:07:47'),
(150, 89, 4, '2019-06-28', 5, '2019-12-24', 'Tanggal Kontrak', '1060588500.00', '5.00', '2019-07-24 15:11:08'),
(151, 90, 1, '2019-04-23', 2, '2019-05-17', 'Tanggal Penetapan HPS dan KAK dan Tanggal pengajuan ke sistem LPSE', '0.00', '0.00', '2019-07-24 15:37:58'),
(152, 90, 2, '2019-04-23', 3, '2019-06-25', 'Tanggal tayang tender di LPSE', '0.00', '0.00', '2019-07-24 15:38:46'),
(153, 90, 3, '2019-06-25', 4, '2019-06-28', 'Tanggal Surat Penunjukkan Penyedia Barang/Jasa (SPPBJ)', '0.00', '0.00', '2019-07-24 15:39:40'),
(155, 90, 4, '2019-06-28', 5, '2019-11-24', 'Tanggal Kontrak', '811671600.00', '5.00', '2019-07-24 15:44:12'),
(156, 109, 1, '2019-05-10', 2, '2019-05-31', 'Tanggal Penetapan HPS dan KAK dan Tanggal pengajuan ke sistem LPSE', '0.00', '0.00', '2019-07-24 15:48:41'),
(157, 109, 2, '2019-05-31', 3, '2019-07-16', 'Tanggal tayang tender di LPSE', '0.00', '0.00', '2019-07-24 15:49:36'),
(166, 70, 1, '2019-04-26', 2, '2019-05-15', 'Penetapan HPS dan KAK', '0.00', '0.00', '2019-07-24 16:22:37'),
(161, 109, 4, '2019-07-18', 5, '2019-11-14', 'Tanggal Kontrak', '0.00', '0.00', '2019-07-24 15:52:43'),
(162, 110, 1, '2019-05-10', 2, '2019-06-10', 'Tanggal Penetapan HPS dan KAK dan Tanggal pengajuan ke sistem LPSE', '0.00', '0.00', '2019-07-24 16:17:23'),
(163, 110, 2, '2019-06-10', 3, '2019-07-11', 'Tanggal tayang tender di LPSE', '0.00', '0.00', '2019-07-24 16:18:29'),
(164, 110, 3, '2019-07-11', 4, '2019-07-17', 'Tanggal Surat Penunjukkan Penyedia Barang/Jasa (SPPBJ)', '0.00', '0.00', '2019-07-24 16:19:14'),
(165, 110, 4, '2019-07-17', 5, '2019-10-14', 'Tanggal Kontrak', '0.00', '0.00', '2019-07-24 16:19:48'),
(167, 70, 1, '2019-04-30', 2, '2019-05-15', 'Pengajuan ke Sistem LPSE', '0.00', '0.00', '2019-07-24 16:22:53'),
(168, 70, 2, '2019-05-14', 3, '2019-07-17', 'Pengumuman Prakualifikasi', '0.00', '0.00', '2019-07-24 16:24:43'),
(169, 70, 3, '2019-07-19', 4, '2019-07-19', 'Surat Penunjukan Penyedia Barang Jasa', '0.00', '0.00', '2019-07-24 16:25:40'),
(170, 70, 4, '2019-07-19', 5, '2019-12-15', 'Penandatanganan Kontrak', '0.00', '0.00', '2019-07-24 16:26:11'),
(171, 78, 1, '2019-05-22', 2, '2019-07-12', 'Tanggal Penetapan HPS dan KAK dan Tanggal pengajuan ke sistem LPSE', '0.00', '0.00', '2019-07-24 16:31:53'),
(172, 78, 2, '2019-07-12', 3, '2019-09-02', 'Tanggal tayang tender di LPSE', '0.00', '0.00', '2019-07-24 16:32:26'),
(189, 71, 4, '2019-07-15', 5, '2019-12-07', 'Pencairan Uang Muka sebanyak 30 %', '2666666666.00', '13.89', '2019-07-25 09:19:27'),
(174, 80, 1, '2019-02-18', 1, '2019-02-27', 'Tanggal Penetapan HPS dan KAK', '0.00', '0.00', '2019-07-24 17:10:19'),
(175, 80, 1, '2019-02-27', 2, '2019-03-12', 'Tanggal pengajuan ke sistem LPSE', '0.00', '0.00', '2019-07-24 17:11:02'),
(176, 80, 2, '2019-03-12', 3, '2019-05-21', 'Tanggal tayang tender di LPSE', '0.00', '0.00', '2019-07-24 17:12:17'),
(178, 174, 1, '2019-05-22', 2, '2019-06-03', 'Penyiapan dukomen tender', '0.00', '100.00', '2019-07-24 21:47:40'),
(179, 174, 2, '2019-07-02', 3, '2019-06-03', 'Penyiapan dukomen tender', '0.00', '100.00', '2019-07-24 21:48:28'),
(180, 174, 4, '2019-07-08', 5, '2019-09-05', 'Kontrak Kegiatan Fisik dan Pengawasan', '0.00', '50.00', '2019-07-24 21:50:09'),
(181, 80, 3, '2019-05-21', 4, '2019-06-10', 'Tanggal Surat Penunjukkan Penyedia Barang/Jasa (SPPBJ)', '0.00', '0.00', '2019-07-25 08:38:34'),
(182, 80, 4, '2019-06-10', 5, '2019-12-24', 'Tanggal Kontrak', '0.00', '0.00', '2019-07-25 08:39:41'),
(183, 88, 1, '2019-03-08', 2, '2019-03-21', 'Tanggal Penetapan HPS dan KAK dan Tanggal pengajuan ke sistem LPSE', '0.00', '0.00', '2019-07-25 08:48:27'),
(184, 88, 2, '2019-03-21', 3, '2019-06-25', 'Tanggal tayang seleksi di LPSE', '0.00', '0.00', '2019-07-25 08:50:08'),
(185, 88, 3, '2019-06-25', 4, '2019-06-28', 'Tanggal Surat Penunjukkan Penyedia Barang/Jasa (SPPBJ)', '0.00', '0.00', '2019-07-25 08:51:11'),
(186, 88, 4, '2019-06-28', 5, '2019-12-24', 'Tanggal Kontrak', '0.00', '0.00', '2019-07-25 08:51:54'),
(188, 106, 8, '2019-06-19', 8, '2019-06-19', 'Kegiatan tidak direalisasikan sebagai tindak lanjut dari Laporan Hasil Pemeriksaan Inspektorat Provinsi Kalimantan Selatan TA. 2019 pada Barenlitbangda Kota Banjarmasin berdasarkan surat Plh. Kepala D', '0.00', '0.00', '2019-07-25 09:15:41'),
(190, 79, 8, '2019-07-15', 8, '2019-07-15', 'Dibatalkan', '0.00', '0.00', '2019-07-25 14:38:19'),
(796, 211, 4, '2019-07-08', 5, '2019-09-20', 'Penandatanganan Kontrak', '0.00', '0.00', '2019-08-27 06:17:05'),
(239, 158, 3, '2019-04-15', 4, '2019-04-18', 'Penetapan Surat Penunjukan Penyedia Barang/Jasa', '0.00', '0.00', '2019-07-29 13:45:50'),
(240, 158, 4, '2019-04-15', 5, '2019-12-31', 'Penandatanganan Kontrak', '0.00', '0.00', '2019-07-29 13:46:46'),
(241, 158, 4, '2019-04-30', 5, '2019-12-31', 'masa pelaksanaan kontrak', '0.00', '0.00', '2019-07-29 13:49:59'),
(196, 153, 1, '2019-01-02', 2, '2019-01-31', 'Penyusunan HPS, Penyusunan KAK, Persiapan pembuatan Dokumen Pengadaan', '0.00', '0.00', '2019-07-29 11:43:20'),
(751, 149, 3, '2019-07-12', 4, '2019-07-22', 'Surat Penunjukan Penyedia Barang/Jasa', '0.00', '0.00', '2019-08-23 17:11:53'),
(529, 92, 3, '2019-07-16', 4, '2019-07-25', 'Tanggal SPPBJ', '0.00', '0.00', '2019-08-01 17:35:43'),
(201, 153, 8, '2019-03-01', 8, '2019-03-01', 'Dibatalkan karena pelaksanakan akan dilakukan oleh Bank Kalsel', '0.00', '0.00', '2019-07-29 11:48:19'),
(207, 152, 1, '2019-05-10', 2, '2019-06-24', 'Penetapan HPS (10 Mei 2019), Penetapan KAK (10 Mei 2019), Pengajuan ke LPSE (10 Juni 2019)', '0.00', '0.00', '2019-07-29 11:58:30'),
(747, 149, 1, '2019-05-02', 2, '2019-06-14', 'Penyusunan KAK, Penyusunan HPS, Pembuatan Rancangan Kontrak, Persiapan Gambar Pekerjaan, Kelengkapan Upload Si Balapan dan  LPSE', '0.00', '0.00', '2019-08-23 17:02:29'),
(548, 138, 4, '2019-07-16', 5, '2019-10-13', 'surat perjanjian', '0.00', '0.00', '2019-08-02 21:26:55'),
(550, 129, 2, '2019-05-13', 3, '2019-05-20', 'pemilihan penyedia melalui e katalog', '0.00', '0.00', '2019-08-02 21:38:07'),
(551, 129, 3, '2019-05-20', 4, '2019-05-20', 'surat pesanan excavator', '0.00', '0.00', '2019-08-02 21:39:06'),
(552, 129, 4, '2019-05-20', 5, '2019-05-20', 'surat pesanan excavator', '0.00', '0.00', '2019-08-02 21:39:35'),
(208, 152, 2, '2019-07-24', 3, '2019-08-19', 'Pengumuman Pascakualifikasi', '0.00', '0.00', '2019-07-29 12:01:37'),
(547, 150, 2, '2019-07-25', 3, '2019-08-23', 'Pengumuman Pascakualifikasi', '0.00', '0.00', '2019-08-02 17:59:36'),
(215, 135, 1, '2019-04-02', 2, '2019-04-18', 'Penyusunan KAK', '0.00', '0.00', '2019-07-29 12:33:41'),
(211, 155, 1, '2019-05-15', 2, '2019-07-29', 'Penetapan HPS dan KAK', '0.00', '0.00', '2019-07-29 12:28:53'),
(212, 162, 1, '2019-06-13', 2, '2019-07-03', 'Penetapan HPS (13 Juni 2019), Penetapan KAK (13 Juni 2019), Pengajuan ke LPSE (18 Juni 2019)', '0.00', '0.00', '2019-07-29 12:29:50'),
(217, 135, 2, '2019-04-18', 3, '2019-04-18', 'Pembuatan Paket di E-Purchasing', '0.00', '0.00', '2019-07-29 12:34:51'),
(221, 162, 3, '2019-07-30', 4, '2019-07-31', 'Tahap Hasil Pemelihan', '0.00', '0.00', '2019-07-29 12:40:43'),
(231, 100, 3, '2019-05-02', 4, '2019-05-20', 'Penetapan Surat Penunjukan Penyedia Barang/Jasa', '0.00', '0.00', '2019-07-29 13:07:57'),
(232, 100, 4, '2019-05-03', 5, '2019-12-28', 'Penandatanganan Kontrak', '0.00', '0.00', '2019-07-29 13:08:59'),
(220, 162, 2, '2019-07-03', 3, '2019-07-30', 'Tahap Pemelihan/Pelaksanaan', '0.00', '0.00', '2019-07-29 12:38:39'),
(222, 135, 3, '2019-04-22', 4, '2019-04-22', 'Kesepakatan Dengan Penyedia Barang', '0.00', '0.00', '2019-07-29 12:41:13'),
(223, 135, 4, '2019-04-18', 5, '2019-05-17', 'Surat Pesanan', '0.00', '0.00', '2019-07-29 12:45:25'),
(228, 135, 5, '2019-05-03', 6, '2019-08-03', 'Barang sudah diterima, dalam masa garansi 3 Bulan', '0.00', '100.00', '2019-07-29 12:55:09'),
(226, 135, 4, '2019-04-30', 5, '2019-05-17', 'Barang masih indent 14 hari kalender dari surat pesanan', '0.00', '0.00', '2019-07-29 12:49:53'),
(227, 150, 1, '2019-05-01', 2, '2019-06-23', 'Penyusunan HPS, Penyusunan KAK, Persiapan Pembuatan Dokumen Pengadaan', '0.00', '0.00', '2019-07-29 12:49:53'),
(229, 135, 5, '2019-05-15', 6, '2019-08-03', 'Berita Acara Pembayaran kepada Penyedia Barang', '422375000.00', '100.00', '2019-07-29 12:57:35'),
(230, 100, 2, '2019-03-13', 3, '2019-04-30', 'Pengumuman Pascakualifikasi', '0.00', '0.00', '2019-07-29 13:05:11'),
(236, 178, 1, '2019-01-12', 2, '2019-04-01', 'Penyusunan HPS dan Penyusunan KAK', '0.00', '0.00', '2019-07-29 13:21:20'),
(237, 178, 1, '2019-03-01', 2, '2019-08-15', 'Perubahan metode pengadaan dari tender menjadi pengadaan langsung', '0.00', '0.00', '2019-07-29 13:28:36'),
(235, 100, 4, '2019-05-25', 5, '2019-12-28', 'Pembayaran uang muka', '1521503400.00', '0.00', '2019-07-29 13:13:51'),
(238, 158, 2, '2019-03-11', 3, '2019-04-09', 'Pengumuman Pascakualifikasi', '0.00', '0.00', '2019-07-29 13:44:28'),
(242, 158, 4, '2019-05-31', 5, '2019-12-31', 'Penyerahan barang tahap pertama (untuk bulan April dan Mei) ke Panti Asuhan', '0.00', '14.81', '2019-07-29 13:50:59'),
(244, 171, 4, '2019-07-29', 5, '2019-11-25', 'Penandatanganan kontrak oleh Penyedia serta Surat Perintah Mulai Kerja', '0.00', '0.00', '2019-07-29 15:29:41'),
(247, 67, 1, '2019-02-06', 2, '2019-03-27', 'menyiapkan HPS dad KAK', '0.00', '0.00', '2019-07-29 17:00:15'),
(248, 67, 2, '2019-03-27', 3, '2019-06-25', '-', '0.00', '0.00', '2019-07-29 17:02:34'),
(249, 67, 3, '2019-06-25', 4, '2019-06-26', '-', '0.00', '0.00', '2019-07-29 17:04:20'),
(271, 112, 1, '2019-04-09', 2, '2019-05-07', 'penetapan HPS, penyusunan rancangan kontrak', '0.00', '0.00', '2019-07-30 11:26:12'),
(251, 66, 1, '2019-02-06', 2, '2019-03-27', 'menyiapkan HPS dad KAK', '0.00', '0.00', '2019-07-29 17:06:21'),
(252, 66, 2, '2019-03-27', 3, '2019-06-13', '-', '0.00', '0.00', '2019-07-29 17:10:35'),
(253, 66, 3, '2019-06-13', 4, '2019-06-14', '-', '0.00', '0.00', '2019-07-29 17:12:05'),
(401, 120, 1, '2019-04-01', 2, '2019-05-16', 'Persiapan', '0.00', '0.00', '2019-07-31 16:06:45'),
(255, 100, 1, '2019-02-13', 2, '2019-03-13', 'penetapan HPS, penyusunan rancangan kontrak', '0.00', '0.00', '2019-07-30 07:56:32'),
(258, 103, 1, '2019-05-01', 2, '2019-07-21', 'Penetapan HPS, Penetapan KAK', '0.00', '0.00', '2019-07-30 09:48:46'),
(259, 103, 2, '2019-05-21', 3, '2019-07-02', 'Pengajuan Lelang', '0.00', '0.00', '2019-07-30 09:50:15'),
(262, 103, 2, '2019-07-02', 3, '2019-08-23', 'Lelang Ulang', '0.00', '0.00', '2019-07-30 09:53:18'),
(263, 111, 1, '2019-03-13', 2, '2019-04-17', 'penetapan HPS, penyusunan rancangan kontrak', '0.00', '0.00', '2019-07-30 10:51:40'),
(267, 111, 3, '2019-05-28', 4, '2019-05-29', 'Penunjukan Penyedia Barang dan Jasa', '0.00', '0.00', '2019-07-30 10:56:04'),
(266, 111, 2, '2019-04-16', 3, '2019-05-28', 'pengumuman pascakualifikasi', '0.00', '0.00', '2019-07-30 10:55:21'),
(402, 120, 2, '2019-05-16', 3, '2019-06-13', 'Pemilihan Penyedia', '0.00', '0.00', '2019-07-31 16:07:57'),
(272, 112, 2, '2019-04-09', 3, '2019-06-17', 'pengumuman pascakualifikasi', '0.00', '0.00', '2019-07-30 11:26:59'),
(273, 112, 3, '2019-06-17', 4, '2019-06-21', 'pengumuman pascakualifikasi', '0.00', '0.00', '2019-07-30 11:27:27'),
(274, 104, 8, '2019-06-16', 8, '2019-06-16', 'belum bisa menetapkan lebar jalan untuk trase borr segmen 1a. menunggu kepastian ukuran lebar jalan antara 30m atau  60m, Bisa dikerjakan apabila revisi RTRW sudah ditetapkan', '0.00', '0.00', '2019-07-30 11:29:18'),
(467, 111, 4, '2019-06-25', 5, '2019-08-27', 'Pembayaran Uang Muka', '227387820.00', '100.00', '2019-08-01 08:56:47'),
(403, 120, 3, '2019-06-24', 4, '2019-07-09', 'Hasil Pemilihan', '0.00', '0.00', '2019-07-31 16:08:48'),
(353, 145, 1, '2019-05-28', 2, '2019-07-02', 'Penetapan HPS', '0.00', '0.00', '2019-07-31 15:02:14'),
(391, 117, 1, '2019-04-01', 2, '2019-05-06', 'Persiapan', '0.00', '0.00', '2019-07-31 15:52:31'),
(282, 73, 1, '2019-02-06', 2, '2019-05-15', '-', '0.00', '0.00', '2019-07-30 11:37:21'),
(280, 98, 1, '2019-02-01', 2, '2019-02-26', 'penetapan HPS, penyusunan rancangan kontrak', '0.00', '0.00', '2019-07-30 11:36:38'),
(300, 73, 2, '2019-05-15', 3, '2019-06-25', '-', '0.00', '0.00', '2019-07-30 15:46:20'),
(283, 98, 2, '2019-02-26', 3, '2019-04-30', 'pengumuman pascakualifikasi', '0.00', '0.00', '2019-07-30 11:39:02'),
(284, 98, 3, '2019-02-26', 4, '2019-05-03', 'Penunjukan Penyedia Barang dan Jasa', '0.00', '0.00', '2019-07-30 11:39:35'),
(778, 181, 1, '2019-06-06', 2, '2019-07-08', 'Penetapan KAK', '0.00', '0.00', '2019-08-26 19:21:23'),
(286, 108, 8, '2019-07-30', 9, '2019-07-30', 'Dikarenakan didalam DPA tidak ada TFL sebagai fasilitator lapangan', '0.00', '0.00', '2019-07-30 12:47:48'),
(287, 108, 8, '2019-07-30', 8, '2019-07-30', 'Dikarenakan didalam DPA tidak ada TFL sebagai fasilitator lapangan', '0.00', '0.00', '2019-07-30 12:48:04'),
(288, 76, 1, '2019-02-06', 2, '2019-05-16', 'menyiapkan HPS dad KAK', '0.00', '0.00', '2019-07-30 14:56:49'),
(289, 76, 2, '2019-05-16', 3, '2019-07-02', '-', '0.00', '0.00', '2019-07-30 14:57:50'),
(290, 76, 3, '2019-07-02', 4, '2019-07-08', '-', '0.00', '0.00', '2019-07-30 14:58:42'),
(291, 76, 4, '2019-07-08', 5, '2019-12-26', '-', '0.00', '0.00', '2019-07-30 15:05:59'),
(292, 77, 1, '2019-02-06', 2, '2019-05-15', 'menyiapkan HPS dad KAK', '0.00', '0.00', '2019-07-30 15:15:56'),
(293, 77, 2, '2019-05-15', 3, '2019-06-25', '-', '0.00', '0.00', '2019-07-30 15:17:02'),
(294, 77, 3, '2019-06-25', 4, '2019-07-01', '-', '0.00', '0.00', '2019-07-30 15:17:53'),
(295, 77, 4, '2019-07-01', 5, '2019-12-26', '-', '0.00', '0.00', '2019-07-30 15:18:42'),
(296, 75, 1, '2019-02-06', 2, '2019-04-22', 'penetapan HPS, penyusunan rancangan kontrak', '0.00', '0.00', '2019-07-30 15:34:02'),
(297, 75, 2, '2019-04-22', 3, '2019-05-29', 'pengumuman pascakualifikasi', '0.00', '0.00', '2019-07-30 15:35:06'),
(298, 161, 8, '2019-05-20', 9, '2019-05-21', 'Batal Karena DED tidak ada', '0.00', '0.00', '2019-07-30 15:41:22'),
(299, 73, 3, '2019-06-25', 4, '2019-07-01', '-', '0.00', '0.00', '2019-07-30 15:44:23'),
(301, 75, 3, '2019-04-22', 4, '2019-06-13', 'Penunjukan Penyedia Barang dan Jasa', '0.00', '0.00', '2019-07-30 15:46:51'),
(302, 73, 4, '2019-07-01', 5, '2019-12-26', '-', '0.00', '0.00', '2019-07-30 15:47:10'),
(303, 14, 1, '2019-03-11', 2, '2019-05-07', 'Penetapan HPS, KAK dan Pengajuan ke ULP', '0.00', '0.00', '2019-07-30 15:47:54'),
(312, 56, 1, '2019-06-28', 2, '2019-07-25', 'Penetapan HPS, Penetapan KAK, Pengajuan ke LPSE (02 Juli 2019)', '0.00', '0.00', '2019-07-30 16:23:10'),
(553, 71, 4, '2019-07-30', 5, '2019-12-07', 'Pekerjaan telah memasuki minggu ke 5 dan waktu pelaksanaan selama 35 hari', '2666666666.00', '23.46', '2019-08-03 08:39:43'),
(311, 14, 4, '2019-07-29', 5, '2019-11-25', 'Penandatanganan Kontrak (29 Juli 2019)', '0.00', '0.00', '2019-07-30 16:09:24'),
(307, 74, 1, '2019-02-06', 2, '2019-04-22', 'menyiapkan HPS dad KAK', '0.00', '0.00', '2019-07-30 15:57:43'),
(308, 74, 2, '2019-04-22', 3, '2019-06-11', '-', '0.00', '0.00', '2019-07-30 15:58:42'),
(309, 74, 3, '2019-06-11', 4, '2019-06-12', '-', '0.00', '0.00', '2019-07-30 15:59:19'),
(750, 149, 2, '2019-06-14', 3, '2019-07-12', 'Pengumuman Pascakualifikasi', '0.00', '0.00', '2019-08-23 17:10:58'),
(313, 74, 4, '2019-06-12', 5, '2019-12-06', '-', '0.00', '0.00', '2019-07-30 16:28:02'),
(842, 198, 4, '2019-07-25', 5, '2019-12-21', 'Tanggal Kontrak', '761159400.00', '0.00', '2019-08-27 11:29:07'),
(315, 57, 1, '2019-07-25', 2, '2019-08-12', 'Penetapan HPS, Penetapan KAK, Pengajuan ke LPSE (26 Juli 2019)', '0.00', '0.00', '2019-07-30 16:52:48'),
(779, 181, 1, '2019-06-17', 2, '2019-07-08', 'Penetapan HPS', '0.00', '0.00', '2019-08-26 19:24:15'),
(788, 16, 1, '2019-05-01', 2, '2019-05-31', 'Penetapan KAK dan HPS', '0.00', '0.00', '2019-08-26 22:07:46'),
(320, 181, 1, '2019-06-25', 2, '2019-07-08', 'Pengajuan ke sistem LPSE', '0.00', '0.00', '2019-07-31 08:46:35'),
(789, 28, 1, '2019-08-13', 2, '2019-08-15', 'membuat paket di e cataloq', '0.00', '0.00', '2019-08-26 22:30:59'),
(326, 157, 1, '2019-04-01', 2, '2019-07-23', 'Penetapan HPS (01-04-2019), Penetapan KAK (01-04-2019), Pengajuan ke Sibalapan (16-05-2019)', '0.00', '0.00', '2019-07-31 09:25:32'),
(323, 113, 8, '2019-07-31', 8, '2019-07-31', 'di batalkan karena dikerjakan oleh pihak Balai Wilayah Sungai kalimantan II', '0.00', '0.00', '2019-07-31 09:18:52'),
(324, 157, 2, '2019-07-23', 3, '2019-07-30', 'Tender cepat - Tender Ulang', '0.00', '0.00', '2019-07-31 09:22:05'),
(682, 151, 1, '2019-08-02', 2, '2019-08-07', 'Pengumuman Pascakualifikasi', '0.00', '0.00', '2019-08-15 10:12:27'),
(328, 168, 1, '2019-05-23', 2, '2019-06-18', 'Tanggal Penetapan HPS, KAK dan Pengajuan ke Sistem LPSE', '0.00', '0.00', '2019-07-31 09:57:19'),
(329, 168, 2, '2019-06-18', 3, '2019-07-17', 'Tanggal Tayang Tender', '0.00', '0.00', '2019-07-31 10:00:16'),
(330, 168, 3, '2019-07-17', 4, '2019-07-30', 'Tanggal SPPBJ', '0.00', '0.00', '2019-07-31 10:07:53'),
(561, 132, 4, '2019-08-01', 5, '2019-10-29', 'Surat Perjanjian', '0.00', '0.00', '2019-08-05 10:02:17'),
(562, 105, 1, '2019-04-22', 2, '2019-05-06', 'Penetapan HPS (12 April 2019), Penetapan KAK (12 April 2019), Pengajuan di LPSE (22 April 2019), Penyusunan rancangan kontrak (22 April 2019)', '0.00', '0.00', '2019-08-05 10:10:15'),
(829, 200, 2, '2019-07-03', 3, '2019-07-04', 'Pembuatan Paket E-Purchasing', '0.00', '0.00', '2019-08-27 11:15:21'),
(333, 195, 1, '2019-05-29', 1, '2019-06-18', 'Pengajuan ke ULP', '0.00', '0.00', '2019-07-31 11:00:40'),
(334, 195, 1, '2019-06-18', 2, '2019-07-03', 'kaji ulang bersama pokja ULP', '0.00', '0.00', '2019-07-31 11:01:52'),
(335, 195, 2, '2019-07-03', 2, '2019-07-24', 'Pengumuman Prakualifikasi', '0.00', '0.00', '2019-07-31 11:03:29'),
(339, 195, 2, '2019-07-24', 2, '2019-07-30', 'Mengajukan permohonan untuk seleksi ulang ke ULP', '0.00', '0.00', '2019-07-31 11:10:01'),
(338, 195, 2, '2019-07-24', 2, '2019-07-24', 'Pemilihan gagal karena tidak ada penyedia yang lulus evauasi kualifikasi', '0.00', '0.00', '2019-07-31 11:09:15'),
(340, 195, 2, '2019-07-30', 3, '2019-08-29', 'pengumuman prakualifikasi seleksi ulang', '0.00', '0.00', '2019-07-31 11:11:41'),
(341, 95, 1, '2019-05-23', 2, '2019-05-23', 'Tanggal Penetapan HPS, KAK dan Pengajuan ke Sistem LPSE', '0.00', '0.00', '2019-07-31 12:47:09'),
(342, 107, 1, '2019-04-01', 2, '2019-04-08', 'Penetapan HPS', '0.00', '0.00', '2019-07-31 13:40:50'),
(343, 107, 1, '2019-04-01', 2, '2019-04-08', 'Penetapan KAK', '0.00', '0.00', '2019-07-31 13:43:05'),
(345, 66, 4, '2019-06-14', 5, '2019-11-08', '-', '0.00', '0.00', '2019-07-31 14:16:48'),
(347, 67, 4, '2019-06-26', 5, '2019-10-22', '-', '0.00', '0.00', '2019-07-31 14:17:42'),
(350, 99, 1, '2019-03-28', 2, '2019-04-23', 'penetapan HPS (28-3-19), penetapan KAK (28-3-19), pengajuan ke SPSE (09-04-2019)', '0.00', '0.00', '2019-07-31 14:57:04'),
(394, 99, 4, '2019-06-17', 5, '2019-12-13', 'Kontrak ditandatangani', '0.00', '0.00', '2019-07-31 15:53:43'),
(354, 145, 1, '2019-05-29', 2, '2019-07-02', 'KAK', '0.00', '0.00', '2019-07-31 15:03:38'),
(355, 145, 1, '2019-06-18', 2, '2019-07-02', 'Kaji Ulang dengan Pokja', '0.00', '0.00', '2019-07-31 15:05:16'),
(356, 145, 1, '2019-06-24', 2, '2019-07-02', 'Revisi KAK', '0.00', '0.00', '2019-07-31 15:08:24'),
(404, 120, 4, '2019-07-09', 5, '2019-11-05', 'Pelaksaan Kontrak', '375908400.00', '30.00', '2019-07-31 16:09:40'),
(358, 145, 2, '2019-07-02', 3, '2019-07-02', 'Pengumuman Tender', '0.00', '0.00', '2019-07-31 15:09:45'),
(360, 121, 1, '2019-04-01', 2, '2019-05-16', 'Persiapan', '0.00', '0.00', '2019-07-31 15:12:28'),
(361, 121, 2, '2019-05-16', 3, '2019-08-01', 'Masa Sanggah', '0.00', '0.00', '2019-07-31 15:14:03'),
(362, 145, 2, '2019-07-05', 3, '2019-07-02', 'Pemberian Penjelasan', '0.00', '0.00', '2019-07-31 15:15:50'),
(363, 145, 2, '2019-07-05', 3, '2019-07-02', 'Upload Dokumen Penawaran', '0.00', '0.00', '2019-07-31 15:16:45'),
(364, 145, 2, '2019-07-11', 3, '2019-07-02', 'Pembukaan Dokumen Penawaran', '0.00', '0.00', '2019-07-31 15:17:40'),
(365, 145, 2, '2019-07-12', 3, '2019-07-02', 'Evaluasi administrasi, kualifikasi, teknis, dan harga', '0.00', '0.00', '2019-07-31 15:19:20'),
(366, 145, 2, '2019-07-17', 3, '2019-07-02', 'Pembuktian kualifikasi', '0.00', '0.00', '2019-07-31 15:20:34'),
(380, 118, 1, '2019-04-01', 2, '2019-05-21', 'Persiapan', '0.00', '0.00', '2019-07-31 15:37:31'),
(384, 20, 1, '2019-01-01', 2, '2019-03-01', 'Penyusunan KAK (00-00-19), HPS (00-00-19), Pengajuan ke SPSE (00-00-19)', '0.00', '0.00', '2019-07-31 15:45:40'),
(405, 107, 2, '2019-06-21', 3, '2019-08-06', 'Lelang ulang', '0.00', '0.00', '2019-07-31 16:18:34'),
(370, 145, 2, '2019-07-24', 3, '2019-07-02', 'Penetapan Pemenang', '0.00', '0.00', '2019-07-31 15:23:22'),
(371, 145, 2, '2019-07-24', 3, '2019-07-02', 'Pengumuman Pemenang', '0.00', '0.00', '2019-07-31 15:23:50'),
(398, 118, 2, '2019-05-21', 3, '2019-07-03', 'Pemilihan Penyedia', '0.00', '0.00', '2019-07-31 16:00:38'),
(373, 145, 2, '2019-07-25', 4, '2019-07-02', 'Masa Sanggah', '0.00', '0.00', '2019-07-31 15:24:22'),
(390, 99, 3, '2019-06-10', 4, '2019-06-17', 'Surat Penunjukan Penyedia Barang/Jasa ditetapkan', '0.00', '0.00', '2019-07-31 15:52:06'),
(395, 117, 3, '2019-06-10', 4, '2019-06-11', 'Pemilihan Penyedia', '0.00', '0.00', '2019-07-31 15:55:22'),
(393, 117, 2, '2019-05-06', 3, '2019-05-24', 'Pemilihan Penyedia', '0.00', '0.00', '2019-07-31 15:53:09'),
(400, 118, 4, '2019-07-25', 5, '2019-11-21', 'Pelaksaan Kontrak', '148400.00', '0.00', '2019-07-31 16:01:37'),
(385, 20, 2, '2019-07-30', 3, '2019-08-26', 'Pengumuman Pascakualifikasi', '0.00', '0.00', '2019-07-31 15:46:53'),
(399, 118, 3, '2019-07-16', 4, '2019-07-25', 'Hasil Pemilihan', '0.00', '0.00', '2019-07-31 16:01:07'),
(389, 99, 2, '2019-04-24', 3, '2019-05-24', 'Pengumuman Pascakualifikasi', '0.00', '0.00', '2019-07-31 15:50:54'),
(397, 117, 4, '2019-06-11', 5, '2019-12-07', 'Pelaksanaan Kontrak', '528525700.00', '29.30', '2019-07-31 15:57:15'),
(845, 16, 2, '2019-07-29', 3, '2019-08-23', 'Pengumuman Pascakualifikasi (Tender ulang)', '0.00', '0.00', '2019-08-27 11:31:42'),
(446, 97, 1, '2019-05-23', 1, '2019-06-18', 'Penetapan HPS & Penetapan KAK', '0.00', '0.00', '2019-07-31 17:48:23'),
(447, 97, 1, '2019-06-18', 2, '2019-06-19', 'Pengajuan ke Sistem LPSE', '0.00', '0.00', '2019-07-31 17:49:19'),
(451, 96, 4, '2019-07-30', 9, '2019-12-26', 'Nama Penyedia, nilai kontrak, masa kontrak', '0.00', '0.00', '2019-07-31 17:54:43'),
(889, 196, 1, '2019-05-13', 2, '2019-06-06', 'Penetapan HPS dan KAK', '0.00', '0.00', '2019-08-28 10:47:08'),
(513, 95, 2, '2019-05-23', 3, '2019-06-18', 'Tanggal Tayang Tender di LPSE', '0.00', '0.00', '2019-08-01 15:18:25'),
(515, 122, 5, '2019-04-05', 6, '2019-04-07', 'Pekerjaan selesai serah terima dari penyedia kepada PPK', '0.00', '100.00', '2019-08-01 15:28:07'),
(415, 96, 1, '2019-06-18', 2, '2019-06-19', 'Pengajuan ke Sistem LPSE', '0.00', '0.00', '2019-07-31 16:43:27'),
(414, 96, 1, '2019-05-23', 1, '2019-06-18', 'Penetapan HPS & Penetapan KAK', '0.00', '0.00', '2019-07-31 16:42:47'),
(416, 66, 4, '2019-07-31', 5, '2019-11-08', 'pra ekspose pendahuluan', '0.00', '25.00', '2019-07-31 16:43:45'),
(417, 67, 4, '2019-07-31', 5, '2019-10-22', 'Pra ekspose pendahuluan', '0.00', '25.00', '2019-07-31 16:44:15'),
(418, 96, 2, '2019-06-19', 3, '2019-06-29', 'Tahapan pemilihan/pelaksanaan', '0.00', '0.00', '2019-07-31 16:45:55'),
(452, 96, 3, '2019-07-29', 4, '2019-07-30', 'Penunjukan penyedia barang/jasa', '0.00', '0.00', '2019-07-31 17:56:57'),
(420, 75, 4, '2019-06-13', 5, '2019-12-06', '-', '0.00', '0.00', '2019-07-31 16:49:59'),
(421, 75, 4, '2019-06-25', 5, '2019-12-06', 'Pencairan Uang Muka', '173001528.00', '0.00', '2019-07-31 16:50:57'),
(422, 74, 4, '2019-06-12', 5, '2019-12-06', 'Pencairan Uang Muka', '185732049.00', '0.00', '2019-07-31 16:51:55'),
(824, 94, 3, '2019-07-16', 4, '2019-07-25', 'Tanggal SPPBJ', '0.00', '0.00', '2019-08-27 10:56:06'),
(766, 19, 2, '2019-08-09', 2, '2019-09-02', 'Pengumuman Pascakualifikasi', '0.00', '0.00', '2019-08-26 15:50:10'),
(800, 94, 1, '2019-05-23', 2, '2019-07-15', 'Tanggal Pengajuan ke Sistem LPSE', '0.00', '0.00', '2019-08-27 09:34:00'),
(425, 77, 4, '2019-07-08', 5, '2019-12-26', 'Pencairan Uang Muka', '138055150.00', '0.00', '2019-07-31 16:55:15'),
(427, 73, 4, '2019-07-08', 5, '2019-12-26', 'Pencairan Uang Muka', '230375126.00', '0.00', '2019-07-31 16:56:21'),
(428, 76, 4, '2019-07-22', 5, '2019-12-26', 'Pencairan Uang Muka', '180582620.00', '0.00', '2019-07-31 16:57:20'),
(764, 19, 2, '2019-08-15', 2, '2019-09-05', 'Pengumuman Pascakualifikasi (Tender Ulang)', '0.00', '0.00', '2019-08-26 15:40:18'),
(430, 72, 1, '2019-03-20', 1, '2019-04-10', 'Tanggal Penetapan HPS dan KAK', '0.00', '0.00', '2019-07-31 17:05:11'),
(725, 72, 1, '2019-04-10', 2, '2019-04-17', 'Tanggal pengajuan ke sistem LPSE', '0.00', '0.00', '2019-08-22 10:21:23'),
(724, 72, 2, '2019-04-17', 3, '2019-05-20', 'Tanggal tayang tender di LPSE', '0.00', '0.00', '2019-08-22 10:20:23'),
(433, 72, 3, '2019-05-20', 4, '2019-05-20', 'Tanggal SPPBJ', '0.00', '0.00', '2019-07-31 17:09:47'),
(492, 138, 1, '2019-06-06', 2, '2019-07-05', 'Penyusunan HPS, KAK, Spesifikasi Teknis. dan pengajuan proses lelang kepada UKPBJ Kota Banjarmasin', '0.00', '0.00', '2019-08-01 11:04:53'),
(523, 86, 3, '2019-06-28', 4, '2019-06-28', 'Surat Penunjukan Penyedia Barang/Jasa ditetapkan', '0.00', '0.00', '2019-08-01 16:16:12'),
(522, 86, 2, '2019-05-10', 3, '2019-06-25', 'Pengumuman Pascakualifikasi (Tender Ulang)', '0.00', '0.00', '2019-08-01 16:14:44'),
(521, 86, 1, '2019-05-10', 2, '2019-05-10', 'Pengajuan ke SPSE', '0.00', '0.00', '2019-08-01 16:13:35'),
(524, 86, 4, '2019-06-28', 5, '2019-06-28', 'Kontrak ditandatangani', '0.00', '0.00', '2019-08-01 16:17:12'),
(448, 97, 2, '2019-06-19', 3, '2019-07-29', 'Tahapan pemilihan/pelaksanaan', '0.00', '0.00', '2019-07-31 17:50:28'),
(449, 97, 3, '2019-07-29', 4, '2019-07-30', 'Penunjukan penyedia barang/jasa', '0.00', '0.00', '2019-07-31 17:51:06'),
(450, 97, 4, '2019-07-30', 9, '2019-12-26', 'Nama Penyedia, nilai kontrak, masa kontrak', '0.00', '0.00', '2019-07-31 17:54:01'),
(458, 99, 4, '2019-06-17', 5, '2019-12-13', 'Kontrak ditandatangani', '375101400.00', '3.19', '2019-07-31 18:19:52'),
(504, 87, 2, '2019-05-16', 3, '2019-06-20', 'Pengumuman Pascakualifikasi', '0.00', '0.00', '2019-08-01 14:17:31'),
(505, 122, 1, '2019-01-02', 2, '2019-01-31', 'Penyusunan KAK dan HPS', '0.00', '0.00', '2019-08-01 14:35:53'),
(581, 156, 1, '2019-06-20', 2, '2019-08-13', 'Penyusunan KAK & RAB', '0.00', '0.00', '2019-08-06 09:02:17'),
(463, 114, 1, '2019-03-04', 2, '2019-04-05', 'Penetapan HPS, Penetapan KAK', '0.00', '0.00', '2019-08-01 08:41:00'),
(464, 114, 2, '2019-04-05', 3, '2019-06-27', 'Pengajuan Lelang', '0.00', '0.00', '2019-08-01 08:43:15'),
(465, 114, 3, '2019-06-27', 4, '2019-06-27', 'Penunjukan Penyedia Barang/Jasa', '0.00', '0.00', '2019-08-01 08:45:26'),
(466, 111, 4, '2019-06-25', 5, '2019-08-27', 'Pembayaran Uang Muka', '227387820.00', '0.00', '2019-08-01 08:55:10'),
(894, 211, 1, '2019-07-01', 2, '2019-07-08', 'Merubah metode pengadaan dari tender cepat menjadi Pengadaan Langsung karena berdasar hasil perhitungan HPS, total HPS nya di bawah Rp. 200 jt', '0.00', '0.00', '2019-08-28 11:16:53'),
(474, 91, 1, '2019-05-23', 2, '2019-06-18', 'Tanggal Penetapan HPS, KAK dan Pengajuan ke Sistem LPSE', '0.00', '0.00', '2019-08-01 09:24:00'),
(895, 123, 1, '2019-06-19', 2, '2019-07-26', 'Persiapan', '0.00', '0.00', '2019-08-28 11:17:14'),
(893, 211, 1, '2019-07-01', 2, '2019-07-08', 'Penetapan HPS', '0.00', '0.00', '2019-08-28 11:15:44'),
(860, 94, 4, '2019-07-25', 5, '2019-11-21', 'Tanggal Kontrak', '665072700.00', '75.00', '2019-08-27 12:16:45'),
(855, 61, 2, '2019-08-16', 2, '2019-08-19', 'Tender Gagal karena tidak ada yang memenuhi syarat teknis, akan diajukan untuk tender ulang', '0.00', '0.00', '2019-08-27 12:04:46'),
(777, 179, 1, '2019-01-02', 2, '2019-01-31', 'Penyusunan HPS, Penyusunan KAK, Pengajuan ke SPSE', '0.00', '0.00', '2019-08-26 18:32:47'),
(817, 44, 1, '2019-07-01', 2, '2019-07-03', 'Penyusunan KAK', '0.00', '0.00', '2019-08-27 10:41:53'),
(784, 93, 3, '2019-08-08', 4, '2019-08-20', 'SPPBJ ditandatangani oleh PPK', '0.00', '0.00', '2019-08-26 21:20:18'),
(793, 28, 2, '2019-08-22', 4, '2019-08-22', 'Sepakat dengan PT. Deka Sari Perkasa', '0.00', '0.00', '2019-08-26 22:41:48'),
(477, 91, 2, '2019-06-18', 3, '2019-07-16', 'Tanggal Tayang Tender di LPSE', '0.00', '0.00', '2019-08-01 09:25:43'),
(478, 91, 3, '2019-07-16', 4, '2019-07-25', 'Tanggal SPPBJ', '0.00', '0.00', '2019-08-01 09:27:58'),
(479, 198, 1, '2019-05-23', 2, '2019-06-12', 'Tanggal Penetapan HPS, KAK dan Pengajuan ke Sistem LPSE', '0.00', '0.00', '2019-08-01 09:37:14'),
(480, 198, 2, '2019-06-12', 3, '2019-07-15', 'Tanggal Tayang Tender di LPSE', '0.00', '0.00', '2019-08-01 09:38:11'),
(481, 198, 3, '2019-07-15', 4, '2019-07-25', 'Tanggal SPPBJ', '0.00', '0.00', '2019-08-01 09:39:39'),
(838, 199, 3, '2019-07-03', 4, '2019-07-04', 'Kesepakatan dengan penyedia barang', '0.00', '0.00', '2019-08-27 11:25:51'),
(834, 203, 2, '2019-06-06', 3, '2019-06-13', 'Pembuatan Paket di E-Purchasing', '0.00', '0.00', '2019-08-27 11:24:21'),
(486, 101, 1, '2019-01-02', 2, '2019-01-31', 'Menyelesaian review desain', '0.00', '0.00', '2019-08-01 10:01:45'),
(487, 101, 8, '2019-07-01', 8, '2019-07-01', 'PD PAL belum menyerahkan hasil review desain', '0.00', '0.00', '2019-08-01 10:02:56'),
(527, 92, 1, '2019-05-27', 2, '2019-06-12', 'Tanggal Penetapan HPS, KAK dan Pengajuan ke Sistem LPSE', '0.00', '0.00', '2019-08-01 17:33:23'),
(528, 92, 2, '2019-06-12', 3, '2019-07-16', 'Tanggal Tayang Tender di LPSE', '0.00', '0.00', '2019-08-01 17:34:11'),
(493, 138, 2, '2019-07-05', 3, '2019-07-10', 'Proses Tender Cepat', '0.00', '0.00', '2019-08-01 11:06:29'),
(494, 138, 3, '2019-07-05', 4, '2019-07-15', 'SPPBJ', '0.00', '0.00', '2019-08-01 11:08:21'),
(549, 129, 1, '2019-05-02', 2, '2019-05-13', 'Penyusunan HPS, KAK, Spesifikasi Teknis. dan pengajuan proses lelang kepada UKPBJ Kota Banjarmasin', '0.00', '0.00', '2019-08-02 21:36:54'),
(496, 24, 1, '2019-06-24', 2, '2019-07-08', 'Pertemuan persiapan pembuatan KAK', '0.00', '0.00', '2019-08-01 11:47:14'),
(497, 24, 1, '2019-07-09', 2, '2019-07-08', 'Penetapan KAK', '0.00', '0.00', '2019-08-01 11:49:08'),
(498, 24, 2, '2019-07-09', 3, '2019-07-18', 'Pembuatan paket di epurcasing menggunakan sistem manual  (SE.....)', '0.00', '0.00', '2019-08-01 11:52:06'),
(499, 24, 3, '2019-07-18', 4, '2019-07-18', 'Kesepakatan dengan penyedia barang', '0.00', '0.00', '2019-08-01 11:53:40'),
(500, 24, 4, '2019-07-18', 5, '2019-10-16', 'Surat Pesanan Barang', '0.00', '0.00', '2019-08-01 11:55:06'),
(509, 122, 3, '2019-02-27', 4, '2019-03-18', 'Surat Perintah Pengiriman Barang', '0.00', '0.00', '2019-08-01 14:42:28'),
(502, 87, 1, '2019-04-29', 2, '2019-05-10', 'Pengajuan ke SPSE', '0.00', '0.00', '2019-08-01 14:14:32'),
(503, 87, 1, '2019-04-26', 2, '2019-05-10', 'Penetapan HPS dan KAK', '0.00', '0.00', '2019-08-01 14:15:11'),
(508, 122, 2, '2019-01-24', 3, '2019-02-25', 'Pengumuman Pascakualifikasi', '0.00', '0.00', '2019-08-01 14:40:54'),
(507, 122, 1, '2019-01-10', 2, '2019-01-31', 'Penetapan KAK (00-00-19), Penetapan HPS (00-00-19), Pengajuan ke SPSE (18-01-19)', '0.00', '0.00', '2019-08-01 14:39:32'),
(510, 122, 4, '2019-02-27', 5, '2019-04-07', 'Kontrak ditandatangani', '0.00', '0.00', '2019-08-01 14:44:45'),
(828, 200, 1, '2019-07-02', 2, '2019-07-03', 'Penyusunan KAK', '0.00', '0.00', '2019-08-27 11:14:42'),
(514, 95, 3, '2019-06-18', 4, '2019-07-30', 'Tanggal SPPBJ', '0.00', '0.00', '2019-08-01 15:21:38'),
(516, 122, 6, '2019-04-12', 6, '2019-04-12', 'Pembayaran kepada pihak penyedia', '297165000.00', '100.00', '2019-08-01 15:29:32'),
(517, 122, 4, '2019-03-31', 5, '2019-04-07', 'masih pelaksanaan kontrak', '0.00', '0.00', '2019-08-01 15:31:56'),
(518, 86, 1, '2019-01-02', 2, '2019-01-31', 'Penyusunan KAK dan HPS', '0.00', '0.00', '2019-08-01 16:04:07'),
(520, 86, 1, '2019-05-09', 2, '2019-05-10', 'Penetapan HPS (Tender Ulang)', '0.00', '0.00', '2019-08-01 16:12:10'),
(530, 137, 1, '2019-06-06', 2, '2019-07-23', 'Penyusunan HPS, KAK, Spesifikasi Teknis. dan pengajuan proses lelang kepada UKPBJ Kota Banjarmasin', '0.00', '0.00', '2019-08-01 20:56:27'),
(531, 137, 2, '2019-06-06', 3, '2019-08-05', 'Proses Tender Cepat', '0.00', '0.00', '2019-08-01 20:58:09'),
(532, 132, 1, '2019-06-04', 2, '2019-07-04', 'Penyusunan HPS, KAK, Spesifikasi Teknis. dan pengajuan proses lelang kepada UKPBJ Kota Banjarmasin', '0.00', '0.00', '2019-08-01 21:10:24'),
(533, 132, 2, '2019-07-05', 3, '2019-07-10', 'Proses Tender Cepat', '0.00', '0.00', '2019-08-01 21:11:28'),
(534, 132, 3, '2019-07-22', 4, '2019-08-02', 'SPPBJ', '0.00', '0.00', '2019-08-01 21:12:39'),
(535, 83, 4, '2019-07-31', 5, '2019-12-31', 'Progres Pekerjaan s/d 31 Juli 2019', '13299878454.00', '1.68', '2019-08-02 09:05:18'),
(555, 83, 4, '2019-06-30', 5, '2019-12-31', 'Progres Pekerjaan s/d 30 Juni 2019', '0.00', '0.12', '2019-08-03 18:35:08'),
(537, 133, 1, '2019-07-03', 2, '2019-07-23', 'Penyusunan HPS, KAK, Spesifikasi Teknis. dan pengajuan proses lelang kepada UKPBJ Kota Banjarmasin', '0.00', '0.00', '2019-08-02 09:45:35'),
(538, 158, 4, '2019-07-31', 5, '2019-12-31', 'Distribusi Barang Tahap Kedua Bulan Juni - Juli', '112430450.00', '40.88', '2019-08-02 11:02:45'),
(539, 14, 2, '2019-05-14', 3, '2019-07-17', 'Pengumuman Prakualifikasi', '0.00', '0.00', '2019-08-02 17:39:43'),
(544, 14, 4, '2019-07-29', 5, '2019-11-25', 'Kontrak ditandatangani oleh PPK dan Penyedia Jasa', '0.00', '0.00', '2019-08-02 17:45:14'),
(542, 14, 3, '2019-07-24', 4, '2019-08-05', 'Surat Penunjukan Penyedia Jasa ditetapkan', '0.00', '0.00', '2019-08-02 17:41:51'),
(554, 70, 4, '2019-07-19', 5, '2019-12-15', 'Pekerjaan Pengawasan sudah memasuki 16 hari kalender', '0.00', '10.66', '2019-08-03 08:51:22'),
(563, 105, 2, '2019-05-08', 3, '2019-07-08', 'Penetapan HPS (12 April 2019), Penetapan KAK (12 April 2019), Pengajuan di LPSE (22 April 2019), Penyusunan rancangan kontrak (22 April 2019)', '0.00', '0.00', '2019-08-05 10:16:19'),
(565, 105, 2, '2019-05-22', 3, '2019-07-22', 'Pengumuman Gagal Lelang (17 Mei 2019), Pengajuan Lelang Ulang (21 Mei 2019), Tayang di LPSE (22 Mei 2019)', '0.00', '0.00', '2019-08-05 10:21:31'),
(572, 105, 4, '2019-07-24', 5, '2019-12-20', 'Penandatanganan Kontrak', '0.00', '0.00', '2019-08-05 11:17:37'),
(571, 105, 3, '2019-07-23', 4, '2019-07-24', 'Berita Acara Hasil Pemilihan (22 Juli 2019), Surat Penunjukan Penyedia Barang/Jasa (23 Juli 2019)', '0.00', '0.00', '2019-08-05 11:15:29'),
(574, 17, 1, '2019-04-01', 2, '2019-05-01', 'Penetapan KAK (00-00-19), Penetapan HPS (00-00-19), Pengajuan ke SPSE (00-00-19)', '0.00', '0.00', '2019-08-05 14:44:24'),
(575, 17, 2, '2019-07-03', 3, '2019-08-05', 'Pengumuman Pascakualifikasi', '0.00', '0.00', '2019-08-05 14:46:00'),
(576, 17, 3, '2019-08-05', 4, '2019-08-22', 'Surat Penunjukan Penyedia Barang/Jasa ditetapkan', '0.00', '0.00', '2019-08-05 14:47:07'),
(577, 15, 1, '2019-04-01', 2, '2019-05-01', 'Review Desain, Penyusunan KAK dan HPS', '0.00', '0.00', '2019-08-05 14:54:44'),
(904, 123, 4, '2019-08-22', 5, '2019-12-04', 'Uang Muka Kontrak sebesar 30%', '110538433.00', '0.00', '2019-08-28 11:35:20'),
(582, 131, 1, '2019-04-11', 2, '2019-04-11', 'Pesanan Produk', '327519980.00', '100.00', '2019-08-06 09:43:28'),
(583, 26, 1, '2019-04-23', 2, '2019-05-07', 'Penyusunan KAK', '0.00', '0.00', '2019-08-06 12:14:06'),
(579, 15, 8, '2019-06-14', 8, '2019-06-14', 'Terkendala tidak ada pemecahan sertifikat utk lokasi tersebut karena Pihak Pengembang terkendala dalam proses pemecahan sertifikat. Diakibatkan status tanah tersebut berdasarkan RTRW adalah RTH. (Surat dari Permunas No. REG.V/PRMT/I-328/VI/2019)', '0.00', '0.00', '2019-08-05 14:59:51'),
(584, 26, 2, '2019-05-07', 3, '2019-05-09', 'Pembuatan Paket di E Cataloqe', '0.00', '0.00', '2019-08-06 12:18:12'),
(585, 26, 3, '2019-05-09', 4, '2019-05-27', 'Kesepakatan dengan penyedia barang', '0.00', '0.00', '2019-08-06 12:19:51'),
(586, 26, 3, '2019-05-09', 5, '2019-06-24', 'Kesepakatan dengan penyedia barang', '0.00', '0.00', '2019-08-06 12:25:27'),
(587, 26, 3, '2019-06-24', 6, '2019-06-24', 'Barang sudah diterima, masa garansi 2 tahun', '0.00', '100.00', '2019-08-06 12:28:37'),
(589, 154, 1, '2019-07-02', 9, '2019-07-02', 'Penetapan KAK dan HPS', '0.00', '0.00', '2019-08-07 09:02:57'),
(590, 154, 1, '2019-07-12', 9, '2019-07-12', 'Proses seleksi di sibalapan.banjarmasinkota.go.id', '0.00', '0.00', '2019-08-07 09:03:50'),
(591, 154, 1, '2019-07-31', 9, '2019-07-31', 'Rapat Pokja pembahasan OE', '0.00', '0.00', '2019-08-07 09:04:51'),
(592, 154, 1, '2019-08-05', 9, '2019-08-05', 'Rapat Akhir Pokja pembahasan OE', '0.00', '0.00', '2019-08-07 09:05:17'),
(593, 17, 3, '2019-08-05', 4, '2019-08-22', 'Surat Penunjukan Penyedia Barang/Jasa ditetapkan', '0.00', '0.00', '2019-08-07 10:10:02'),
(594, 134, 1, '2019-07-03', 2, '2019-07-23', 'Penyusunan HPS, KAK, Spesifikasi Teknis. dan pengajuan proses lelang kepada UKPBJ Kota Banjarmasin', '0.00', '0.00', '2019-08-12 11:26:33'),
(595, 140, 1, '2019-03-11', 2, '2019-04-09', 'Penyusunan HPS, KAK, Spesifikasi Teknis. dan pengajuan proses lelang kepada UKPBJ Kota Banjarmasin', '0.00', '0.00', '2019-08-12 11:40:19'),
(598, 140, 3, '2019-06-12', 4, '2019-05-20', 'SPPBJ', '0.00', '0.00', '2019-08-12 11:44:07'),
(599, 26, 3, '2019-06-24', 6, '2019-06-24', 'Barang sudah diterima, masa garansi 2 tahun', '100.00', '100.00', '2019-08-12 14:08:36'),
(597, 140, 2, '2019-05-27', 3, '2019-05-20', 'Proses Tender', '0.00', '0.00', '2019-08-12 11:42:39'),
(600, 136, 1, '2019-06-27', 2, '2019-07-03', 'Penyusunan HPS, KAK, Spesifikasi Teknis. dan pengajuan proses lelang kepada UKPBJ Kota Banjarmasin', '0.00', '0.00', '2019-08-12 15:09:51'),
(601, 136, 1, '2019-07-16', 2, '2019-07-24', '(Lelang Ulang) Penyusunan HPS, KAK, Spesifikasi Teknis. dan pengajuan proses lelang kepada UKPBJ Kota Banjarmasin', '0.00', '0.00', '2019-08-12 15:12:22'),
(602, 136, 1, '2019-08-12', 2, '2019-08-14', '(Lelang Ulang dengan perubahan metode pemilihan penyedia) Penyusunan HPS, KAK, Spesifikasi Teknis. dan pengajuan proses lelang kepada UKPBJ Kota Banjarmasin', '0.00', '0.00', '2019-08-12 15:13:21'),
(880, 216, 4, '2019-07-11', 5, '2019-08-05', 'Proses negosiasi harga dan ongkos kirim', '0.00', '0.00', '2019-08-28 09:58:50'),
(881, 217, 2, '2019-07-11', 3, '2019-07-11', 'Pemilihan produk di ekatalog', '0.00', '0.00', '2019-08-28 10:26:14'),
(605, 141, 1, '2019-04-16', 2, '2019-05-15', 'Penyusunan HPS, KAK, Spesifikasi Teknis. dan pengajuan proses lelang kepada UKPBJ Kota Banjarmasin', '0.00', '0.00', '2019-08-13 06:59:01'),
(606, 141, 2, '2019-05-21', 3, '2019-07-30', 'Proses Tender', '0.00', '0.00', '2019-08-13 07:00:10'),
(607, 141, 3, '2019-07-10', 4, '2019-07-29', 'SPPBJ', '0.00', '0.00', '2019-08-13 07:01:51'),
(608, 213, 1, '2019-03-11', 2, '2019-04-02', 'Penyusunan HPS, KAK, Spesifikasi Teknis. dan pengajuan proses lelang kepada UKPBJ Kota Banjarmasin', '0.00', '0.00', '2019-08-13 07:06:19'),
(609, 213, 2, '2019-04-25', 3, '2019-05-15', 'Proses Tender', '0.00', '0.00', '2019-08-13 07:07:45'),
(610, 213, 3, '2019-06-12', 4, '2019-06-27', 'SPPBJ', '0.00', '0.00', '2019-08-13 07:08:43'),
(612, 148, 1, '2019-01-03', 8, '2019-03-13', 'Menunggu Pergeseran Dana Kelurahan', '0.00', '0.00', '2019-08-13 08:33:00'),
(614, 148, 8, '2019-03-13', 8, '2019-03-13', 'Dikarena Pergeseran Pagu Anggaran Pada Program Peningkatan Sarana dan Prasarana Aparatur, Kegiatan Rehabilitasi Sedang/Berat Gedung/Bangunan, Pekerjaan Rehab Kantor Kelurahan  (Dana Kelurahan)', '0.00', '0.00', '2019-08-13 08:38:58'),
(674, 208, 2, '2019-07-08', 3, '2019-07-08', 'Pemilihan Penyedia', '0.00', '0.00', '2019-08-14 09:55:46'),
(675, 208, 3, '2019-07-08', 4, '2019-07-10', 'pemenang PT Prospera Perwira Utama', '0.00', '0.00', '2019-08-14 09:58:36'),
(621, 171, 4, '2019-08-06', 5, '2019-11-25', 'Pembayaran Uang Muka (30%)', '376999200.00', '0.00', '2019-08-13 10:03:55'),
(619, 119, 4, '2019-08-06', 5, '2019-11-13', 'Pembayaran Uang Muka (30%)', '286380600.00', '0.00', '2019-08-13 10:01:52'),
(620, 119, 4, '2019-08-06', 5, '2019-11-13', 'Pembayaran Uang Muka (30%)', '286380600.00', '0.00', '2019-08-13 10:02:17'),
(736, 27, 1, '2019-08-13', 2, '2019-08-15', 'membuat paket di e cataloq', '0.00', '0.00', '2019-08-22 14:03:19'),
(624, 162, 3, '2019-08-12', 4, '2019-08-15', 'Tahap Hasil Pemelihan', '0.00', '0.00', '2019-08-13 10:26:52'),
(640, 29, 2, '2019-06-21', 3, '2019-06-26', 'proses e tender cepat', '0.00', '0.00', '2019-08-13 11:24:08'),
(639, 175, 1, '2019-05-15', 2, '2019-07-10', 'penetapan HPS dan KAK, Pengajuan Ke LPSE', '0.00', '0.00', '2019-08-13 11:22:31'),
(638, 29, 1, '2019-06-03', 2, '2019-06-21', 'Penetapan KAK', '0.00', '0.00', '2019-08-13 11:22:17'),
(630, 169, 8, '2019-04-01', 8, '2019-04-01', 'Anggaran digeser/dibatalkan pada APBD-P 2019 karena ada pendanaan kegiatan tersebut dengan APBN melalui satker PKP Balai Prasarana Permukiman Wilayah Kalimantan Selatan Kementerian Pekerjaan Umum dan Perumahan Rakyat', '0.00', '0.00', '2019-08-13 10:38:51'),
(770, 20, 2, '2019-08-09', 3, '2019-09-02', 'Pengumuman Pascakualifikasi (Tender Ulang)', '0.00', '0.00', '2019-08-26 15:58:12'),
(632, 19, 1, '2019-06-03', 2, '2019-07-30', 'Penetapan KAK', '0.00', '0.00', '2019-08-13 10:54:34'),
(637, 213, 4, '2019-06-12', 5, '2019-12-16', 'Surat Perjanjian', '1106636556.00', '16.34', '2019-08-13 11:13:37'),
(635, 21, 2, '2019-07-30', 2, '2019-08-07', 'pelaksanaan tender ulang', '0.00', '0.00', '2019-08-13 11:07:44'),
(636, 21, 1, '2019-06-03', 1, '2019-06-10', 'Penetapan KAK', '0.00', '0.00', '2019-08-13 11:12:21'),
(642, 175, 2, '2019-07-23', 3, '2019-08-16', 'Pengumuman Pascakualifikasi', '0.00', '0.00', '2019-08-13 11:27:33'),
(644, 18, 8, '2019-07-15', 9, '2019-07-15', 'dibatalkan', '0.00', '0.00', '2019-08-13 11:43:57'),
(645, 22, 1, '2019-07-04', 2, '2019-07-04', 'PROSES EPURCASING (E-KATALOG)', '0.00', '0.00', '2019-08-13 11:49:35'),
(646, 22, 2, '2019-08-08', 3, '2019-08-08', 'PROSES EPURCASING (E-KATALOG) GAGAL KARENA HARGA MELEBIHI HARGA PAGU', '0.00', '0.00', '2019-08-13 11:50:48'),
(647, 23, 1, '2019-07-01', 2, '2019-07-04', 'PERSIAPAN PROSES EPURCASING (E-KATALOG)', '0.00', '0.00', '2019-08-13 11:56:02'),
(648, 23, 2, '2019-07-04', 3, '2019-07-31', 'PROSES EPURCASING (E-KATALOG)', '0.00', '0.00', '2019-08-13 11:57:17'),
(835, 199, 1, '2019-07-01', 2, '2019-07-02', 'Penyusunan KAK', '0.00', '0.00', '2019-08-27 11:24:40'),
(652, 22, 2, '2019-08-08', 3, '2019-08-08', 'PROSES EPURCASING (E-KATALOG) GAGAL KARENA HARGA BARANG DAN ONKIR MELEBIHI HARGA PAGU DAN DILAKSANAKAN EKATALOG ULANG', '0.00', '0.00', '2019-08-13 12:12:46');
INSERT INTO `progress_pekerjaan` (`id`, `pekerjaan`, `progress`, `tgl_progress`, `next_progress`, `tgl_n_progress`, `ket`, `real_keu`, `real_fisik`, `create_date`) VALUES
(651, 23, 3, '2019-08-08', 3, '2019-07-31', 'PROSES EPURCASING (E-KATALOG) GAGAL KARENA HARGA BARANG DAN ONGKIR MELEBIHI HARGA PAGU DAN AKAN DILAKSANAKAN E-KATALOG ULANG', '0.00', '0.00', '2019-08-13 12:10:37'),
(865, 92, 4, '2019-07-25', 5, '2019-12-21', 'Tanggal Kontrak', '664872600.00', '4.03', '2019-08-27 14:08:48'),
(655, 159, 1, '2019-07-09', 1, '2019-07-09', 'Penetapan KAK, Penetapan HPS, Pengajuan ke LPSE', '0.00', '0.00', '2019-08-13 12:26:54'),
(656, 159, 2, '2019-07-24', 2, '2019-07-31', 'Pengumuman Tender', '0.00', '0.00', '2019-08-13 12:31:08'),
(657, 159, 2, '2019-07-24', 2, '2019-08-15', 'Tahapan Pemilihan Penyedia', '0.00', '0.00', '2019-08-13 12:34:31'),
(658, 194, 1, '2019-07-09', 2, '2019-07-11', 'Penyusunan KAK', '0.00', '0.00', '2019-08-13 12:36:23'),
(659, 194, 2, '2019-07-11', 2, '2019-07-11', 'Pembuatan Paket di E-Purchasing', '0.00', '0.00', '2019-08-13 12:46:41'),
(660, 194, 3, '2019-07-11', 3, '2019-07-11', 'Kesepakatan Dengan Penyedia Barang', '0.00', '0.00', '2019-08-13 12:47:42'),
(662, 194, 4, '2019-07-11', 5, '2019-08-31', 'Surat Pesanan', '0.00', '0.00', '2019-08-13 13:11:02'),
(663, 194, 4, '2019-08-13', 5, '2019-08-31', 'Barang Masih Menunggu Penyelesan Notice Pajak dan NoPol', '0.00', '0.00', '2019-08-13 13:12:28'),
(664, 192, 1, '2019-07-11', 1, '2019-07-11', 'Penetapan KAK', '0.00', '0.00', '2019-08-13 13:36:24'),
(665, 192, 2, '2019-07-11', 2, '2019-07-11', 'Pembuatan Paket di E-Purchasing', '0.00', '0.00', '2019-08-13 13:37:29'),
(668, 192, 4, '2019-07-11', 5, '2019-08-31', 'Surat Pesanan', '0.00', '0.00', '2019-08-13 13:40:24'),
(667, 192, 3, '2019-07-11', 4, '2019-07-11', 'Kesepakatan Dengan Penyedia Barang', '0.00', '0.00', '2019-08-13 13:39:45'),
(669, 192, 4, '2019-08-13', 5, '2019-08-31', 'Barang Masih Menunggu Penyelesan Notice Pajak dan NoPol', '0.00', '0.00', '2019-08-13 13:40:58'),
(672, 126, 5, '2019-08-01', 6, '2019-08-01', 'Serah Terima', '283910000.00', '100.00', '2019-08-14 07:54:14'),
(761, 208, 4, '2019-07-10', 5, '2019-08-08', 'pengadaan laptop sebanyak 23 unit sudah mencapai realisasi fisik 100%', '0.00', '100.00', '2019-08-26 10:50:37'),
(671, 150, 2, '2019-07-25', 3, '2019-08-04', 'Gagal tender karena tidak ada penyedia yang mengajukan dokumen penawaran. Rencana selanjutnya PPK mengirimkan Surat Permohonan Tender Ulang', '0.00', '0.00', '2019-08-13 15:04:27'),
(677, 208, 1, '2019-07-05', 2, '2019-07-08', 'Persiapan Pemilihan Penyedia', '0.00', '0.00', '2019-08-14 10:01:48'),
(680, 57, 2, '2019-08-07', 3, '2019-08-29', 'Tahapan Pengumuman Pascakualifikasi', '0.00', '0.00', '2019-08-14 13:30:34'),
(681, 100, 4, '2019-07-31', 5, '2019-12-28', 'kemajuan fisik pekerjaan dilapangan', '1521503400.00', '2.69', '2019-08-14 13:34:08'),
(683, 151, 1, '2019-08-02', 2, '2019-08-07', 'Download Dokumen Pemilihan', '0.00', '0.00', '2019-08-15 10:13:56'),
(684, 151, 1, '2019-08-02', 2, '2019-08-07', 'Pemberian Penjelasan', '0.00', '0.00', '2019-08-15 10:14:22'),
(685, 151, 1, '2019-08-07', 2, '2019-08-14', 'Upload Dokumen Penawaran', '0.00', '0.00', '2019-08-15 10:15:04'),
(686, 151, 1, '2019-08-14', 2, '2019-08-14', 'Pembukaan Dokumen Penawaran', '0.00', '0.00', '2019-08-15 10:16:19'),
(687, 151, 2, '2019-08-14', 2, '2019-08-21', 'Evaluasi Administrasi, Kualifikasi, Teknis, dan Harga', '0.00', '0.00', '2019-08-15 10:17:08'),
(688, 219, 1, '2019-08-07', 1, '2019-08-07', 'Pengumuman Pascakualifikasi', '0.00', '0.00', '2019-08-15 13:21:40'),
(689, 219, 2, '2019-08-07', 2, '2019-08-12', 'Download Dokumen Pemilihan', '0.00', '0.00', '2019-08-15 13:22:42'),
(690, 219, 2, '2019-08-12', 2, '2019-08-16', 'Pemberian Penjelasan, Upload Dokumen Penawaran', '0.00', '0.00', '2019-08-15 13:23:44'),
(691, 159, 3, '2019-08-16', 4, '2019-08-27', 'Penetapan dan Pengumuman Pemenang', '0.00', '0.00', '2019-08-19 09:12:46'),
(692, 159, 3, '2019-08-19', 4, '2019-08-27', 'Masa Sanggah Sampai Tanggal 23 Agustus 2019', '0.00', '0.00', '2019-08-19 09:14:06'),
(693, 58, 3, '2019-08-16', 4, '2019-08-30', 'Tahapan Penetapan Surat Penunjukan Penyedia Barang/Jasa', '0.00', '0.00', '2019-08-19 09:20:09'),
(694, 172, 3, '2019-08-15', 4, '2019-08-19', 'Hasil Pemilihan Penyedia Barang/Jasa dimenangkan oleh CV. Duta Karya Adhitama', '0.00', '0.00', '2019-08-19 10:42:09'),
(742, 130, 4, '2019-07-02', 5, '2019-09-29', 'Expose Laporan Pendahuluan', '0.00', '30.00', '2019-08-22 14:18:06'),
(712, 72, 4, '2019-05-20', 4, '2019-05-20', 'Tanggal Kontrak', '286746486.51', '30.00', '2019-08-20 16:16:47'),
(780, 93, 1, '2019-07-15', 2, '2019-07-16', 'Penetapan KAK dan HPS', '0.00', '0.00', '2019-08-26 21:13:31'),
(705, 177, 6, '2019-07-29', 6, '2019-07-29', 'Pembayaran kepada penyedia', '510222900.00', '100.00', '2019-08-20 11:23:27'),
(704, 177, 6, '2019-07-27', 6, '2019-07-28', 'Serah Terima Barang dengan Penyedia', '0.00', '100.00', '2019-08-20 11:22:50'),
(700, 177, 1, '2019-05-20', 2, '2019-06-20', 'Persiapan Penetapan HPS, Permohonan Lelang ke ULP (22 Mei 2019)', '0.00', '0.00', '2019-08-20 11:08:03'),
(701, 177, 2, '2019-05-20', 3, '2019-07-05', 'Pemberian Penjelasan', '0.00', '0.00', '2019-08-20 11:09:22'),
(702, 177, 3, '2019-07-16', 4, '2019-07-18', 'Penetapan SPPBJ', '0.00', '0.00', '2019-08-20 11:11:26'),
(703, 177, 4, '2019-07-18', 5, '2019-08-17', 'Kontrak dengan penyedia', '0.00', '0.00', '2019-08-20 11:12:56'),
(782, 93, 2, '2019-07-16', 3, '2019-08-07', 'Pengumuman Pascakualifikasi (Tender Ulang)', '0.00', '0.00', '2019-08-26 21:15:27'),
(781, 93, 1, '2019-07-15', 2, '2019-07-16', 'Pengajuan ke SPSE', '0.00', '0.00', '2019-08-26 21:14:11'),
(714, 158, 4, '2019-08-20', 5, '2019-12-31', 'Pembayaran Tahap Kedua Bulan Juni - Juli', '310241525.00', '40.88', '2019-08-21 08:35:03'),
(892, 211, 1, '2019-06-24', 2, '2019-07-08', 'Penetapan KAK', '0.00', '0.00', '2019-08-28 11:14:50'),
(896, 123, 2, '2019-07-26', 3, '2019-07-31', 'Pemilihan Penyedia', '0.00', '0.00', '2019-08-28 11:18:08'),
(897, 123, 3, '2019-07-31', 4, '2019-08-05', 'Pemilihan Penyedia', '0.00', '0.00', '2019-08-28 11:19:22'),
(717, 211, 3, '2019-07-01', 4, '2019-07-08', 'Pelaksanaan Pengadaan Langsung dikarenakan HPS setelah dihitung kurang dari 200 juta', '0.00', '0.00', '2019-08-21 11:29:09'),
(718, 139, 1, '2019-05-13', 2, '2019-06-20', 'Penyusunan HPS, KAK, Spesifikasi Teknis. dan pengajuan proses lelang kepada UKPBJ Kota Banjarmasin', '0.00', '0.00', '2019-08-21 22:55:03'),
(719, 139, 2, '2019-06-20', 3, '2019-07-01', 'Proses Tender', '0.00', '0.00', '2019-08-21 23:04:19'),
(720, 109, 4, '2019-07-24', 5, '2019-11-14', 'Tanggal Pencairan Uang Muka', '1071595800.00', '0.00', '2019-08-22 09:53:10'),
(721, 110, 4, '2019-07-29', 5, '2019-10-14', 'Tanggal Pencairan Uang Muka', '231784800.00', '58.77', '2019-08-22 09:56:33'),
(729, 128, 1, '2019-03-20', 2, '2019-03-20', 'Penetapan HPS, Penetapan KAK', '0.00', '0.00', '2019-08-22 13:48:04'),
(731, 128, 1, '2019-04-03', 2, '2019-04-03', 'Pengajuan ke LPSE', '0.00', '0.00', '2019-08-22 13:50:47'),
(732, 128, 2, '2019-05-20', 3, '2019-05-20', 'Pengumuman Prakualifikasi', '0.00', '0.00', '2019-08-22 13:52:56'),
(733, 128, 3, '2019-08-08', 4, '2019-08-08', 'Penetapan SPPBJ', '0.00', '0.00', '2019-08-22 13:57:12'),
(734, 128, 4, '2019-08-19', 5, '2019-08-19', 'Penandatangan Kontrak', '0.00', '0.00', '2019-08-22 13:58:17'),
(743, 130, 4, '2019-08-20', 5, '2019-09-29', 'Expose Laporan Antara', '0.00', '70.00', '2019-08-22 14:19:33'),
(744, 139, 3, '2019-07-16', 4, '2019-07-19', 'SPPBJ', '0.00', '0.00', '2019-08-22 21:10:25'),
(745, 139, 4, '2019-07-19', 5, '2019-08-17', 'surat perjanjian', '0.00', '0.00', '2019-08-22 21:11:30'),
(755, 175, 3, '2019-08-08', 4, '2019-09-02', 'Penetapan SPPJB dalam tahan hasil pemeilihan,rencana pada bulan September 2019 akan masuk tahapan kontrak', '0.00', '0.00', '2019-08-26 10:13:13'),
(752, 149, 4, '2019-07-22', 5, '2019-12-18', 'Kontrak Ditandatangi oleh PPK dan Penyedia Barang/Jasa', '0.00', '0.00', '2019-08-23 17:13:35'),
(754, 142, 8, '2019-01-17', 8, '2019-01-17', 'Dilaksanakan di tahun anggaran 2020', '0.00', '0.00', '2019-08-26 09:09:10'),
(762, 208, 5, '2019-08-08', 6, '2019-08-22', 'serah terima 23 unit laptop sudah 100% tinggal menunggu pembayaran', '0.00', '100.00', '2019-08-26 10:54:00'),
(760, 208, 6, '2019-08-22', 6, '2019-08-22', 'tanggal 22 Agustus 2019 SP2D sudah terbit realisasi keuangan 100%', '229655000.00', '100.00', '2019-08-26 10:45:16'),
(763, 61, 2, '2019-08-20', 3, '2019-09-13', 'Pengumuman Pascakualifikasi (Tender Ulang)', '0.00', '0.00', '2019-08-26 15:27:14'),
(768, 20, 2, '2019-08-07', 3, '2019-08-26', 'Gagal tender. Rencana selanjutnya PPK mengirimkan Surat Permohonan Tender Ulang', '0.00', '0.00', '2019-08-26 15:57:11'),
(799, 94, 1, '2019-05-20', 1, '2019-05-23', 'Tanggal Penetapan HPS dan KAK', '0.00', '0.00', '2019-08-27 09:32:44'),
(771, 150, 2, '2019-08-15', 3, '2019-09-05', 'Pengumuman Pascakualifikasi (Tender Ulang)', '0.00', '0.00', '2019-08-26 16:04:46'),
(772, 136, 2, '2019-08-16', 3, '2019-09-06', 'Pengumuman Pascakualifikasi (Tender Ulang)', '0.00', '0.00', '2019-08-26 16:08:53'),
(773, 152, 2, '2019-08-08', 3, '2019-09-02', 'Pengumuman Pascakualifikasi (Tender Ulang)', '0.00', '0.00', '2019-08-26 16:11:42'),
(794, 27, 3, '2019-08-22', 4, '2019-08-22', 'Sepakat dengan PT. Deka Sari Perkasa', '0.00', '0.00', '2019-08-26 22:57:27'),
(876, 119, 4, '2019-08-22', 5, '2019-11-13', 'Pekerjaan Fisik ruas jalan', '286380600.00', '26.71', '2019-08-28 09:15:08'),
(776, 179, 8, '2019-03-12', 8, '2019-03-12', 'Berdasarkan hasil survei/peninjauan lapangan oleh PPTK yang didampingi Kabid Lalu Lintas, Bendahara Barang, Babinsa dan Babinkatibmas wilayah setempat dan dilakukan rapat internal dari hasil survei tersebut maka disimpulkan bahwa lokasi tersebut tidak layak untuk dibangun gedung parkir.', '0.00', '0.00', '2019-08-26 18:27:06'),
(792, 28, 2, '2019-08-15', 3, '2019-08-22', 'Negosiasi harga dan ongkos kirim', '0.00', '0.00', '2019-08-26 22:41:10'),
(798, 152, 3, '2019-08-23', 4, '2019-09-02', 'Pengumuman Pascakualifikasi (Tender Ulang)', '0.00', '0.00', '2019-08-27 09:21:10'),
(825, 94, 4, '2019-07-25', 5, '2019-11-21', 'Tanggal Kontrak', '665072700.00', '0.00', '2019-08-27 10:58:52'),
(803, 145, 3, '2019-08-02', 4, '2019-08-09', 'SPPBJ', '0.00', '0.00', '2019-08-27 10:01:13'),
(804, 145, 4, '2019-08-06', 5, '2019-09-19', 'Tanda Tangan Kontrak', '0.00', '0.00', '2019-08-27 10:05:44'),
(805, 64, 1, '2019-06-17', 2, '2019-07-24', 'Melengkapi berkas keperluan lelang', '0.00', '0.00', '2019-08-27 10:06:17'),
(809, 64, 2, '2019-07-24', 3, '2019-08-09', 'Proses lelang', '0.00', '0.00', '2019-08-27 10:12:30'),
(810, 64, 3, '2019-08-09', 4, '2019-08-19', 'Menunggu kelengkapan berkas dari Pokja', '0.00', '0.00', '2019-08-27 10:14:08'),
(820, 44, 4, '2019-07-05', 5, '2019-07-15', 'Barang masih indent 10 hari kalender', '0.00', '0.00', '2019-08-27 10:48:56'),
(813, 64, 4, '2019-08-19', 5, '2019-10-15', 'Tanda Tangan Kontrak', '0.00', '0.00', '2019-08-27 10:17:01'),
(814, 93, 4, '2019-08-13', 5, '2019-12-25', 'Penandatanganan Kontrak', '1261199100.00', '0.00', '2019-08-27 10:20:04'),
(818, 44, 2, '2019-07-03', 3, '2019-07-04', 'Pembuatan Paket E-Purchasing', '0.00', '0.00', '2019-08-27 10:42:54'),
(819, 44, 3, '2019-07-04', 4, '2019-07-05', 'Kesepakatan dengan penyedia barang', '0.00', '0.00', '2019-08-27 10:43:37'),
(821, 180, 8, '2019-04-15', 8, '2019-08-15', 'Pindahnya lokasi restoran terapung', '0.00', '0.00', '2019-08-27 10:49:14'),
(823, 94, 2, '2019-07-15', 3, '2019-07-16', 'Tanggal Tayang Tender di LPSE', '0.00', '0.00', '2019-08-27 10:53:21'),
(826, 168, 4, '2019-07-30', 5, '2019-12-26', 'Tanggal Kontrak', '1204104300.00', '0.00', '2019-08-27 11:07:37'),
(827, 95, 4, '2019-07-30', 5, '2019-12-26', 'Tanggal Kontrak', '575434500.00', '0.00', '2019-08-27 11:12:56'),
(830, 203, 1, '2019-03-01', 2, '2019-06-01', 'Penyusunan KAK', '0.00', '0.00', '2019-08-27 11:15:40'),
(831, 200, 3, '2019-07-04', 4, '2019-07-05', 'Kesepakatan dengan penyedia barang', '0.00', '0.00', '2019-08-27 11:15:57'),
(832, 200, 4, '2019-07-05', 5, '2019-07-15', 'Barang masih indent 10 hari kalender', '0.00', '0.00', '2019-08-27 11:16:40'),
(836, 199, 2, '2019-07-02', 3, '2019-07-03', 'Pembuatan Paket E-Purchasing', '0.00', '0.00', '2019-08-27 11:25:16'),
(839, 203, 3, '2019-06-13', 4, '2019-06-13', 'Kesepakatan Dengan Penyedia Barang', '0.00', '0.00', '2019-08-27 11:26:53'),
(840, 203, 4, '2019-06-13', 5, '2019-09-10', 'Surat Pesanan Kepada Penyedia', '0.00', '0.00', '2019-08-27 11:28:05'),
(841, 56, 2, '2019-06-28', 3, '2019-09-11', 'Pengumuman Prakualifikasi', '0.00', '0.00', '2019-08-27 11:28:32'),
(843, 199, 4, '2019-07-04', 5, '2019-07-15', 'Barang masih indent 11 hari kalender', '0.00', '0.00', '2019-08-27 11:29:18'),
(844, 203, 4, '2019-07-24', 5, '2019-09-10', 'Barang tiba di Puskesmas, menunggu uji fungsi sebelum serah terima', '0.00', '0.00', '2019-08-27 11:29:49'),
(846, 199, 5, '2019-07-15', 6, '2019-07-16', 'Barang sudah diterima, dalam masa garansi 12 bulan', '0.00', '100.00', '2019-08-27 11:38:24'),
(847, 43, 1, '2019-07-01', 2, '2019-07-02', 'Penyusunan KAK', '0.00', '0.00', '2019-08-27 11:50:36'),
(848, 43, 2, '2019-07-02', 3, '2019-07-03', 'Pembuatan Paket E-Purchasing', '0.00', '0.00', '2019-08-27 11:52:05'),
(849, 43, 3, '2019-07-03', 4, '2019-07-05', 'Kesepakatan dengan penyedia barang', '0.00', '0.00', '2019-08-27 11:52:36'),
(850, 43, 4, '2019-07-05', 5, '2019-07-15', 'Barang masih indent 10 hari kalender', '0.00', '0.00', '2019-08-27 11:53:11'),
(866, 16, 2, '2019-08-27', 3, '2019-08-27', 'Pengumuman Pascakualifikasi (Tender ulang)', '0.00', '0.00', '2019-08-27 16:08:29'),
(888, 196, 1, '2019-05-22', 2, '2019-06-06', 'Pengajuan ke SPSE', '0.00', '0.00', '2019-08-28 10:46:41'),
(886, 196, 2, '2019-06-19', 3, '2019-07-25', 'Pengumuman Pascakualifikasi', '0.00', '0.00', '2019-08-28 10:35:10'),
(885, 196, 3, '2019-07-30', 4, '2019-09-14', 'Penetapan SPPBJ', '0.00', '0.00', '2019-08-28 10:31:35'),
(864, 91, 4, '2019-07-25', 5, '2019-12-21', 'Tanggal Kontrak', '1146457200.00', '40.10', '2019-08-27 14:05:12'),
(867, 86, 4, '2019-06-28', 5, '2019-06-28', 'Kontrak ditandatangani', '20.00', '10.56', '2019-08-27 16:35:14'),
(868, 86, 4, '2019-06-28', 5, '2019-06-28', 'Kontrak ditandatangani', '20.00', '10.56', '2019-08-27 16:35:32'),
(869, 86, 4, '2019-06-28', 5, '2019-06-28', 'Kontrak ditandatangani', '3416032000.00', '10.56', '2019-08-27 16:40:07'),
(870, 214, 1, '2019-07-08', 2, '2019-07-11', 'Pemilihan spesifikasi barang', '0.00', '0.00', '2019-08-27 16:48:09'),
(871, 214, 2, '2019-07-11', 3, '2019-07-11', 'Pemilihan produk di ekatalog', '0.00', '0.00', '2019-08-27 16:58:08'),
(872, 214, 3, '2019-07-11', 4, '2019-07-11', 'Proses negosiasi harga dan ongkos kirim', '0.00', '0.00', '2019-08-27 17:02:14'),
(875, 214, 4, '2019-07-11', 5, '2019-08-19', 'Tanda tangan kontrak', '0.00', '0.00', '2019-08-27 17:45:55'),
(874, 217, 1, '2019-07-08', 2, '2019-07-11', 'Pemilihan spesifikasi barang', '0.00', '0.00', '2019-08-27 17:43:08'),
(877, 216, 1, '2019-07-08', 2, '2019-07-11', 'Pemilihan spesifikasi barang', '0.00', '0.00', '2019-08-28 09:56:15'),
(878, 216, 2, '2019-07-11', 3, '2019-07-11', 'Pemilihan produk di ekatalog', '0.00', '0.00', '2019-08-28 09:57:10'),
(879, 216, 3, '2019-07-11', 4, '2019-07-11', 'Proses negosiasi harga dan ongkos kirim', '0.00', '0.00', '2019-08-28 09:57:51'),
(882, 217, 3, '2019-07-11', 4, '2019-07-11', 'Proses negosiasi harga dan ongkos kirim', '0.00', '0.00', '2019-08-28 10:26:45'),
(883, 217, 4, '2019-07-11', 5, '2019-08-06', 'Tanda Tangan Kontrak', '0.00', '0.00', '2019-08-28 10:27:27'),
(884, 196, 4, '2019-08-15', 5, '2019-09-29', 'Penandatanganan Kontrak', '0.00', '0.00', '2019-08-28 10:29:52'),
(898, 181, 2, '2019-07-08', 3, '2019-08-05', 'Pengumuman Pascakualifikasi', '0.00', '0.00', '2019-08-28 11:20:14'),
(899, 123, 4, '2019-08-05', 5, '2019-12-04', 'Kontrak', '0.00', '0.00', '2019-08-28 11:20:50'),
(907, 124, 2, '2019-02-13', 3, '2019-02-18', 'Pemilihan Penyedia', '0.00', '0.00', '2019-08-28 12:03:42'),
(901, 87, 4, '2019-07-02', 5, '2019-11-28', 'Penandatanganan Kontrak', '0.00', '0.00', '2019-08-28 11:25:26'),
(902, 87, 3, '2019-06-20', 4, '2019-07-04', 'Penetapan SPPBJ', '0.00', '0.00', '2019-08-28 11:26:19'),
(905, 124, 1, '2019-01-02', 2, '2019-02-13', 'Persiapan', '0.00', '0.00', '2019-08-28 12:00:00'),
(906, 181, 3, '2019-08-08', 4, '2019-08-16', 'Penetapan SPPBJ', '0.00', '0.00', '2019-08-28 12:01:05'),
(908, 124, 3, '2019-02-18', 4, '2019-03-01', 'Hasil Pemilihan', '0.00', '0.00', '2019-08-28 12:05:09'),
(910, 181, 4, '2019-08-08', 5, '2019-12-05', 'Penandatanganan Kontrak', '0.00', '0.00', '2019-08-28 12:06:33');

-- --------------------------------------------------------

--
-- Table structure for table `serah_terima`
--

CREATE TABLE IF NOT EXISTS `serah_terima` (
  `id` int(10) unsigned NOT NULL AUTO_INCREMENT,
  `nomor` varchar(200) NOT NULL,
  `tanggal` date NOT NULL,
  `penyedia` varchar(200) NOT NULL,
  `pekerjaan` int(10) unsigned DEFAULT NULL,
  PRIMARY KEY (`id`),
  KEY `pekerjaan` (`pekerjaan`)
) ENGINE=MyISAM  DEFAULT CHARSET=latin1 AUTO_INCREMENT=30 ;

--
-- Dumping data for table `serah_terima`
--

INSERT INTO `serah_terima` (`id`, `nomor`, `tanggal`, `penyedia`, `pekerjaan`) VALUES
(4, '01/BASTB/SP-KESRA/V/2019', '2019-05-27', 'CV. VASUNDAN ELC', 158),
(3, '001/BASTP-Keg.PSPK/Videotron/IV/2019', '2019-04-26', 'CV. Megatech', 160),
(5, '027/0132-Sekr/Disdukcapil/2019', '2019-05-03', 'PT. Airmas Borneo Jaya', 135),
(6, '0', '2019-10-14', 'PT SARANA ECOMMERCE NUSANTARA', 24),
(7, '0', '2019-10-14', 'PT SARANA ECOMMERCE NUSANTARA', 24),
(8, '0', '2019-10-14', 'CV. ALFA PRATAMA MANDIRI', 29),
(9, '0', '2019-12-12', 'CV. ?', 19),
(10, '0', '2019-08-30', 'PT DEKA SARI PERKASA', 23),
(11, '0', '2019-12-13', 'CV. ?', 21),
(12, '0', '2019-08-30', 'PT DEKA SARI PERKASA', 22),
(13, '0', '2019-12-13', 'CV. ?', 20),
(14, '-', '2019-06-21', 'CV. ANUGRAH PRATAMA', 26),
(15, '331.516/SATPOL.PP-05/IV/2019', '2019-04-05', 'CV. Alodia Pratama', 122),
(16, '003/ECatalog-Komp/Sekr/2019', '2019-04-29', 'PT. ACCESS LINTAS SOLUSI', 131),
(23, '0', '2019-09-19', 'CV. SUKSES OPTIMAL BERJAYA', 211),
(18, '06/DPUPR-BJL&PJU/ECat-Arm2/XII/2019', '2019-08-08', 'PT. SOLARENS LEDINDO', 217),
(19, '06/DPUPR-BJL&PJU/ECat-Arm1/VIII/2019', '2019-08-05', 'PT. AHYMSA DAMAR DELTA', 216),
(20, '74/BAST-DLH/VIII/2019', '2019-08-01', 'CV. Surya Jaya', 126),
(21, '900/001-BASTHP.LAPTOP/DKP3/2019', '2019-08-08', 'PT. PROSPERA PERWIRA UTAMA', 208),
(22, '67/BAST-DLH/VII/2019', '2019-07-27', 'CV.PEILANI PUTRA', 177),
(24, '06/DPUPR-BJL&PJU/ECat-Arm3/VIII/2019', '2019-08-20', 'PT. KARYA PUTRA ANDALAN', 214),
(25, '007/DPUPR-BJL&PJU/PPK/BAL/X/2019', '2019-10-15', 'PT. FOKUS PRIMA TALENTA', 64),
(26, '07/BASTP-SPK/Sekr/Diskes/2019', '2019-07-15', 'PT. AIRMAS BORNEO JAYA', 44),
(27, '01/BASTB-SPK/Sekr/DISKES/2019', '2019-07-16', 'PT. MULTI MEDIKA RAYA', 199),
(28, '06/BASTB-SPK/Sekr/DISKES/2019, 05/BASTB-SPK/Sekr/DISKES/2019,', '2019-07-15', 'PT. AIRMAS BORNEO JAYA', 43),
(29, '036/355.BAST/UMUM/2019', '2019-08-28', 'PT. WIRA MEGAH PROFITAMAS', 194);

/*!40101 SET CHARACTER_SET_CLIENT=@OLD_CHARACTER_SET_CLIENT */;
/*!40101 SET CHARACTER_SET_RESULTS=@OLD_CHARACTER_SET_RESULTS */;
/*!40101 SET COLLATION_CONNECTION=@OLD_COLLATION_CONNECTION */;
